method,n,qber_label,p_true,p_est,trial,leaked_bits,syndrome_rate,claimed_success,correct,undetected_error,net_key_fraction,time_s,work_units,variant,model
LDPC,1000,6%,0.0638705035971223,0.06287769784172662,0,500,0.5,True,True,False,0.5,0.04541179999796441,16,uniform,depolarizing
LDPC,1000,6%,0.0638705035971223,0.06287769784172662,0,500,0.5,True,True,False,0.5,0.02200460000312887,9,aware-same-rate,depolarizing
LDPC,1000,6%,0.0638705035971223,0.06287769784172662,0,500,0.5,True,True,False,0.5,0.02368439999918337,9,aware-pipeline,depolarizing
LDPC,1000,6%,0.0638705035971223,0.06287769784172662,1,500,0.5,True,True,False,0.5,0.023255100000824314,8,uniform,depolarizing
LDPC,1000,6%,0.0638705035971223,0.06287769784172662,1,500,0.5,True,True,False,0.5,0.017491499998868676,6,aware-same-rate,depolarizing
LDPC,1000,6%,0.0638705035971223,0.06287769784172662,1,500,0.5,True,True,False,0.5,0.0174299999998766,6,aware-pipeline,depolarizing
LDPC,1000,6%,0.0638705035971223,0.06287769784172662,2,500,0.5,True,True,False,0.5,0.025206800000887597,10,uniform,depolarizing
LDPC,1000,6%,0.0638705035971223,0.06287769784172662,2,500,0.5,True,True,False,0.5,0.02017100000011851,8,aware-same-rate,depolarizing
LDPC,1000,6%,0.0638705035971223,0.06287769784172662,2,500,0.5,True,True,False,0.5,0.022555400002602255,8,aware-pipeline,depolarizing
LDPC,1000,6%,0.0638705035971223,0.06287769784172662,3,500,0.5,True,True,False,0.5,0.07000649999827147,33,uniform,depolarizing
LDPC,1000,6%,0.0638705035971223,0.06287769784172662,3,500,0.5,True,True,False,0.5,0.024651399999129353,11,aware-same-rate,depolarizing
LDPC,1000,6%,0.0638705035971223,0.06287769784172662,3,500,0.5,True,True,False,0.5,0.02410040000177105,11,aware-pipeline,depolarizing
LDPC,1000,6%,0.0638705035971223,0.06287769784172662,4,500,0.5,True,True,False,0.5,0.02361889999883715,11,uniform,depolarizing
LDPC,1000,6%,0.0638705035971223,0.06287769784172662,4,500,0.5,True,True,False,0.5,0.018742799999017734,7,aware-same-rate,depolarizing
LDPC,1000,6%,0.0638705035971223,0.06287769784172662,4,500,0.5,True,True,False,0.5,0.019129999996948754,7,aware-pipeline,depolarizing
LDPC,1000,6%,0.0638705035971223,0.06287769784172662,5,500,0.5,True,True,False,0.5,0.029243199998745695,12,uniform,depolarizing
LDPC,1000,6%,0.0638705035971223,0.06287769784172662,5,500,0.5,True,True,False,0.5,0.020498499998211628,7,aware-same-rate,depolarizing
LDPC,1000,6%,0.0638705035971223,0.06287769784172662,5,500,0.5,True,True,False,0.5,0.020528699998976663,7,aware-pipeline,depolarizing
LDPC,1000,6%,0.0638705035971223,0.06287769784172662,6,500,0.5,True,True,False,0.5,0.025570199999492615,10,uniform,depolarizing
LDPC,1000,6%,0.0638705035971223,0.06287769784172662,6,500,0.5,True,True,False,0.5,0.026255299999320414,10,aware-same-rate,depolarizing
LDPC,1000,6%,0.0638705035971223,0.06287769784172662,6,500,0.5,True,True,False,0.5,0.023801999999705004,10,aware-pipeline,depolarizing
LDPC,1000,6%,0.0638705035971223,0.06287769784172662,7,500,0.5,False,False,False,0.0,0.21737129999746685,120,uniform,depolarizing
LDPC,1000,6%,0.0638705035971223,0.06287769784172662,7,500,0.5,False,False,False,0.0,0.2281615000028978,120,aware-same-rate,depolarizing
LDPC,1000,6%,0.0638705035971223,0.06287769784172662,7,500,0.5,False,False,False,0.0,0.24934439999924507,120,aware-pipeline,depolarizing
LDPC,1000,6%,0.0638705035971223,0.06287769784172662,8,500,0.5,False,False,False,0.0,0.2758709999980056,120,uniform,depolarizing
LDPC,1000,6%,0.0638705035971223,0.06287769784172662,8,500,0.5,True,True,False,0.5,0.050263399996765656,16,aware-same-rate,depolarizing
LDPC,1000,6%,0.0638705035971223,0.06287769784172662,8,500,0.5,True,True,False,0.5,0.04128160000254866,16,aware-pipeline,depolarizing
LDPC,1000,6%,0.0638705035971223,0.06287769784172662,9,500,0.5,True,True,False,0.5,0.02714399999968009,8,uniform,depolarizing
LDPC,1000,6%,0.0638705035971223,0.06287769784172662,9,500,0.5,True,True,False,0.5,0.019609000002674293,6,aware-same-rate,depolarizing
LDPC,1000,6%,0.0638705035971223,0.06287769784172662,9,500,0.5,True,True,False,0.5,0.020381199999974342,6,aware-pipeline,depolarizing
LDPC,1000,6%,0.0638705035971223,0.06287769784172662,10,500,0.5,True,True,False,0.5,0.025684200001705904,10,uniform,depolarizing
LDPC,1000,6%,0.0638705035971223,0.06287769784172662,10,500,0.5,True,True,False,0.5,0.021364600001106737,8,aware-same-rate,depolarizing
LDPC,1000,6%,0.0638705035971223,0.06287769784172662,10,500,0.5,True,True,False,0.5,0.0256173999987368,8,aware-pipeline,depolarizing
LDPC,1000,6%,0.0638705035971223,0.06287769784172662,11,500,0.5,True,True,False,0.5,0.024372300002141856,8,uniform,depolarizing
LDPC,1000,6%,0.0638705035971223,0.06287769784172662,11,500,0.5,True,True,False,0.5,0.02423310000085621,7,aware-same-rate,depolarizing
LDPC,1000,6%,0.0638705035971223,0.06287769784172662,11,500,0.5,True,True,False,0.5,0.0212286000023596,7,aware-pipeline,depolarizing
LDPC,1000,6%,0.0638705035971223,0.06287769784172662,12,500,0.5,False,False,False,0.0,0.24584740000136662,120,uniform,depolarizing
LDPC,1000,6%,0.0638705035971223,0.06287769784172662,12,500,0.5,False,False,False,0.0,0.2523399999990943,120,aware-same-rate,depolarizing
LDPC,1000,6%,0.0638705035971223,0.06287769784172662,12,500,0.5,False,False,False,0.0,0.25748640000165324,120,aware-pipeline,depolarizing
LDPC,1000,6%,0.0638705035971223,0.06287769784172662,13,500,0.5,True,True,False,0.5,0.01649629999883473,6,uniform,depolarizing
LDPC,1000,6%,0.0638705035971223,0.06287769784172662,13,500,0.5,True,True,False,0.5,0.01496459999907529,5,aware-same-rate,depolarizing
LDPC,1000,6%,0.0638705035971223,0.06287769784172662,13,500,0.5,True,True,False,0.5,0.015192700000625337,5,aware-pipeline,depolarizing
LDPC,1000,6%,0.0638705035971223,0.06287769784172662,14,500,0.5,True,True,False,0.5,0.017388399999617832,5,uniform,depolarizing
LDPC,1000,6%,0.0638705035971223,0.06287769784172662,14,500,0.5,True,True,False,0.5,0.012862999999924796,4,aware-same-rate,depolarizing
LDPC,1000,6%,0.0638705035971223,0.06287769784172662,14,500,0.5,True,True,False,0.5,0.013702500000363216,4,aware-pipeline,depolarizing
LDPC,1000,6%,0.0638705035971223,0.06287769784172662,15,500,0.5,True,True,False,0.5,0.02646919999824604,11,uniform,depolarizing
LDPC,1000,6%,0.0638705035971223,0.06287769784172662,15,500,0.5,True,True,False,0.5,0.0192659000022104,7,aware-same-rate,depolarizing
LDPC,1000,6%,0.0638705035971223,0.06287769784172662,15,500,0.5,True,True,False,0.5,0.0182691000009072,7,aware-pipeline,depolarizing
LDPC,1000,6%,0.0638705035971223,0.06287769784172662,16,500,0.5,True,True,False,0.5,0.022379699999873992,9,uniform,depolarizing
LDPC,1000,6%,0.0638705035971223,0.06287769784172662,16,500,0.5,True,True,False,0.5,0.019189700000424637,7,aware-same-rate,depolarizing
LDPC,1000,6%,0.0638705035971223,0.06287769784172662,16,500,0.5,True,True,False,0.5,0.020206699999107514,7,aware-pipeline,depolarizing
LDPC,1000,6%,0.0638705035971223,0.06287769784172662,17,500,0.5,True,True,False,0.5,0.021662399998604087,9,uniform,depolarizing
LDPC,1000,6%,0.0638705035971223,0.06287769784172662,17,500,0.5,True,True,False,0.5,0.06316220000007888,7,aware-same-rate,depolarizing
LDPC,1000,6%,0.0638705035971223,0.06287769784172662,17,500,0.5,True,True,False,0.5,0.046921900000597816,7,aware-pipeline,depolarizing
LDPC,1000,6%,0.0638705035971223,0.06287769784172662,18,500,0.5,True,True,False,0.5,0.045605999999679625,9,uniform,depolarizing
LDPC,1000,6%,0.0638705035971223,0.06287769784172662,18,500,0.5,True,True,False,0.5,0.025207200000295416,7,aware-same-rate,depolarizing
LDPC,1000,6%,0.0638705035971223,0.06287769784172662,18,500,0.5,True,True,False,0.5,0.022345299999869894,7,aware-pipeline,depolarizing
LDPC,1000,6%,0.0638705035971223,0.06287769784172662,19,500,0.5,True,True,False,0.5,0.02577960000053281,7,uniform,depolarizing
LDPC,1000,6%,0.0638705035971223,0.06287769784172662,19,500,0.5,True,True,False,0.5,0.020624599997972837,6,aware-same-rate,depolarizing
LDPC,1000,6%,0.0638705035971223,0.06287769784172662,19,500,0.5,True,True,False,0.5,0.018950199999380857,6,aware-pipeline,depolarizing
LDPC,1000,6%,0.0638705035971223,0.06287769784172662,20,500,0.5,True,True,False,0.5,0.024160199998732423,7,uniform,depolarizing
LDPC,1000,6%,0.0638705035971223,0.06287769784172662,20,500,0.5,True,True,False,0.5,0.017053100000339327,5,aware-same-rate,depolarizing
LDPC,1000,6%,0.0638705035971223,0.06287769784172662,20,500,0.5,True,True,False,0.5,0.019870099997206125,5,aware-pipeline,depolarizing
LDPC,1000,6%,0.0638705035971223,0.06287769784172662,21,500,0.5,True,True,False,0.5,0.023230200000398327,8,uniform,depolarizing
LDPC,1000,6%,0.0638705035971223,0.06287769784172662,21,500,0.5,True,True,False,0.5,0.019702800000231946,6,aware-same-rate,depolarizing
LDPC,1000,6%,0.0638705035971223,0.06287769784172662,21,500,0.5,True,True,False,0.5,0.019362300001375843,6,aware-pipeline,depolarizing
LDPC,1000,6%,0.0638705035971223,0.06287769784172662,22,500,0.5,False,False,False,0.0,0.26742600000216044,120,uniform,depolarizing
LDPC,1000,6%,0.0638705035971223,0.06287769784172662,22,500,0.5,True,True,False,0.5,0.028234299999894574,10,aware-same-rate,depolarizing
LDPC,1000,6%,0.0638705035971223,0.06287769784172662,22,500,0.5,True,True,False,0.5,0.02536809999946854,10,aware-pipeline,depolarizing
LDPC,1000,6%,0.0638705035971223,0.06287769784172662,23,500,0.5,True,True,False,0.5,0.01891279999836115,5,uniform,depolarizing
LDPC,1000,6%,0.0638705035971223,0.06287769784172662,23,500,0.5,True,True,False,0.5,0.015380900000309339,4,aware-same-rate,depolarizing
LDPC,1000,6%,0.0638705035971223,0.06287769784172662,23,500,0.5,True,True,False,0.5,0.016853500001161592,4,aware-pipeline,depolarizing
LDPC,1000,6%,0.0638705035971223,0.06287769784172662,24,500,0.5,True,True,False,0.5,0.025500499999907333,8,uniform,depolarizing
LDPC,1000,6%,0.0638705035971223,0.06287769784172662,24,500,0.5,True,True,False,0.5,0.021405600000434788,7,aware-same-rate,depolarizing
LDPC,1000,6%,0.0638705035971223,0.06287769784172662,24,500,0.5,True,True,False,0.5,0.02274530000067898,7,aware-pipeline,depolarizing
LDPC,1000,6%,0.0638705035971223,0.06287769784172662,25,500,0.5,False,False,False,0.0,0.25103439999656985,120,uniform,depolarizing
LDPC,1000,6%,0.0638705035971223,0.06287769784172662,25,500,0.5,False,False,False,0.0,0.2417466000006243,120,aware-same-rate,depolarizing
LDPC,1000,6%,0.0638705035971223,0.06287769784172662,25,500,0.5,False,False,False,0.0,0.2478253000008408,120,aware-pipeline,depolarizing
LDPC,1000,6%,0.0638705035971223,0.06287769784172662,26,500,0.5,True,True,False,0.5,0.018722200002230238,6,uniform,depolarizing
LDPC,1000,6%,0.0638705035971223,0.06287769784172662,26,500,0.5,True,True,False,0.5,0.014902599999913946,4,aware-same-rate,depolarizing
LDPC,1000,6%,0.0638705035971223,0.06287769784172662,26,500,0.5,True,True,False,0.5,0.013139499998942483,4,aware-pipeline,depolarizing
LDPC,1000,6%,0.0638705035971223,0.06287769784172662,27,500,0.5,True,True,False,0.5,0.022856299998238683,9,uniform,depolarizing
LDPC,1000,6%,0.0638705035971223,0.06287769784172662,27,500,0.5,True,True,False,0.5,0.018323699998290977,7,aware-same-rate,depolarizing
LDPC,1000,6%,0.0638705035971223,0.06287769784172662,27,500,0.5,True,True,False,0.5,0.019456300000456395,7,aware-pipeline,depolarizing
LDPC,1000,6%,0.0638705035971223,0.06287769784172662,28,500,0.5,True,True,False,0.5,0.02346140000008745,9,uniform,depolarizing
LDPC,1000,6%,0.0638705035971223,0.06287769784172662,28,500,0.5,True,True,False,0.5,0.03307950000089477,9,aware-same-rate,depolarizing
LDPC,1000,6%,0.0638705035971223,0.06287769784172662,28,500,0.5,True,True,False,0.5,0.028560900002048584,9,aware-pipeline,depolarizing
LDPC,1000,6%,0.0638705035971223,0.06287769784172662,29,500,0.5,True,True,False,0.5,0.029798900002788287,8,uniform,depolarizing
LDPC,1000,6%,0.0638705035971223,0.06287769784172662,29,500,0.5,True,True,False,0.5,0.021604300000035437,6,aware-same-rate,depolarizing
LDPC,1000,6%,0.0638705035971223,0.06287769784172662,29,500,0.5,True,True,False,0.5,0.018705699996644398,6,aware-pipeline,depolarizing
LDPC,1000,6%,0.0638705035971223,0.06287769784172662,30,500,0.5,True,True,False,0.5,0.020271900000807364,7,uniform,depolarizing
LDPC,1000,6%,0.0638705035971223,0.06287769784172662,30,500,0.5,True,True,False,0.5,0.020680400000856025,6,aware-same-rate,depolarizing
LDPC,1000,6%,0.0638705035971223,0.06287769784172662,30,500,0.5,True,True,False,0.5,0.01988849999906961,6,aware-pipeline,depolarizing
LDPC,1000,6%,0.0638705035971223,0.06287769784172662,31,500,0.5,True,True,False,0.5,0.021686899999622256,7,uniform,depolarizing
LDPC,1000,6%,0.0638705035971223,0.06287769784172662,31,500,0.5,True,True,False,0.5,0.018333900003199233,6,aware-same-rate,depolarizing
LDPC,1000,6%,0.0638705035971223,0.06287769784172662,31,500,0.5,True,True,False,0.5,0.0204182999987097,6,aware-pipeline,depolarizing
LDPC,1000,6%,0.0638705035971223,0.06287769784172662,32,500,0.5,True,True,False,0.5,0.02082460000019637,7,uniform,depolarizing
LDPC,1000,6%,0.0638705035971223,0.06287769784172662,32,500,0.5,True,True,False,0.5,0.015073299997311551,4,aware-same-rate,depolarizing
LDPC,1000,6%,0.0638705035971223,0.06287769784172662,32,500,0.5,True,True,False,0.5,0.015469599999050843,4,aware-pipeline,depolarizing
LDPC,1000,6%,0.0638705035971223,0.06287769784172662,33,500,0.5,True,True,False,0.5,0.027075300000433344,11,uniform,depolarizing
LDPC,1000,6%,0.0638705035971223,0.06287769784172662,33,500,0.5,True,True,False,0.5,0.02339580000261776,9,aware-same-rate,depolarizing
LDPC,1000,6%,0.0638705035971223,0.06287769784172662,33,500,0.5,True,True,False,0.5,0.021393600000010338,9,aware-pipeline,depolarizing
LDPC,1000,6%,0.0638705035971223,0.06287769784172662,34,500,0.5,True,True,False,0.5,0.015258699997502845,5,uniform,depolarizing
LDPC,1000,6%,0.0638705035971223,0.06287769784172662,34,500,0.5,True,True,False,0.5,0.016330500002368353,5,aware-same-rate,depolarizing
LDPC,1000,6%,0.0638705035971223,0.06287769784172662,34,500,0.5,True,True,False,0.5,0.01566360000288114,5,aware-pipeline,depolarizing
LDPC,1000,6%,0.0638705035971223,0.06287769784172662,35,500,0.5,True,True,False,0.5,0.019956399999500718,8,uniform,depolarizing
LDPC,1000,6%,0.0638705035971223,0.06287769784172662,35,500,0.5,True,True,False,0.5,0.01726829999824986,7,aware-same-rate,depolarizing
LDPC,1000,6%,0.0638705035971223,0.06287769784172662,35,500,0.5,True,True,False,0.5,0.018903899999713758,7,aware-pipeline,depolarizing
LDPC,1000,6%,0.0638705035971223,0.06287769784172662,36,500,0.5,True,True,False,0.5,0.017411599998013116,6,uniform,depolarizing
LDPC,1000,6%,0.0638705035971223,0.06287769784172662,36,500,0.5,True,True,False,0.5,0.01868820000163396,6,aware-same-rate,depolarizing
LDPC,1000,6%,0.0638705035971223,0.06287769784172662,36,500,0.5,True,True,False,0.5,0.020730500000354368,6,aware-pipeline,depolarizing
LDPC,1000,6%,0.0638705035971223,0.06287769784172662,37,500,0.5,True,True,False,0.5,0.019910800001525786,7,uniform,depolarizing
LDPC,1000,6%,0.0638705035971223,0.06287769784172662,37,500,0.5,True,True,False,0.5,0.018466200002876576,6,aware-same-rate,depolarizing
LDPC,1000,6%,0.0638705035971223,0.06287769784172662,37,500,0.5,True,True,False,0.5,0.018512700000428595,6,aware-pipeline,depolarizing
LDPC,1000,6%,0.0638705035971223,0.06287769784172662,38,500,0.5,True,True,False,0.5,0.024733800000831252,8,uniform,depolarizing
LDPC,1000,6%,0.0638705035971223,0.06287769784172662,38,500,0.5,True,True,False,0.5,0.01742040000317502,5,aware-same-rate,depolarizing
LDPC,1000,6%,0.0638705035971223,0.06287769784172662,38,500,0.5,True,True,False,0.5,0.015785200001118938,5,aware-pipeline,depolarizing
LDPC,1000,6%,0.0638705035971223,0.06287769784172662,39,500,0.5,True,True,False,0.5,0.0331919000018388,14,uniform,depolarizing
LDPC,1000,6%,0.0638705035971223,0.06287769784172662,39,500,0.5,True,True,False,0.5,0.018749099999695318,7,aware-same-rate,depolarizing
LDPC,1000,6%,0.0638705035971223,0.06287769784172662,39,500,0.5,True,True,False,0.5,0.019386500000109663,7,aware-pipeline,depolarizing
LDPC,1000,6%,0.0638705035971223,0.06287769784172662,40,500,0.5,True,True,False,0.5,0.19318610000118497,97,uniform,depolarizing
LDPC,1000,6%,0.0638705035971223,0.06287769784172662,40,500,0.5,True,True,False,0.5,0.027613299997028662,11,aware-same-rate,depolarizing
LDPC,1000,6%,0.0638705035971223,0.06287769784172662,40,500,0.5,True,True,False,0.5,0.026004100000136532,11,aware-pipeline,depolarizing
LDPC,1000,6%,0.0638705035971223,0.06287769784172662,41,500,0.5,True,True,False,0.5,0.0380193999990297,17,uniform,depolarizing
LDPC,1000,6%,0.0638705035971223,0.06287769784172662,41,500,0.5,True,True,False,0.5,0.02132089999940945,8,aware-same-rate,depolarizing
LDPC,1000,6%,0.0638705035971223,0.06287769784172662,41,500,0.5,True,True,False,0.5,0.0200793000003614,8,aware-pipeline,depolarizing
LDPC,1000,6%,0.0638705035971223,0.06287769784172662,42,500,0.5,True,True,False,0.5,0.019429200001468416,7,uniform,depolarizing
LDPC,1000,6%,0.0638705035971223,0.06287769784172662,42,500,0.5,True,True,False,0.5,0.01628510000227834,6,aware-same-rate,depolarizing
LDPC,1000,6%,0.0638705035971223,0.06287769784172662,42,500,0.5,True,True,False,0.5,0.01598030000241124,6,aware-pipeline,depolarizing
LDPC,1000,6%,0.0638705035971223,0.06287769784172662,43,500,0.5,True,True,False,0.5,0.01655870000104187,6,uniform,depolarizing
LDPC,1000,6%,0.0638705035971223,0.06287769784172662,43,500,0.5,True,True,False,0.5,0.016668600001139566,6,aware-same-rate,depolarizing
LDPC,1000,6%,0.0638705035971223,0.06287769784172662,43,500,0.5,True,True,False,0.5,0.016191899998375447,6,aware-pipeline,depolarizing
LDPC,1000,6%,0.0638705035971223,0.06287769784172662,44,500,0.5,True,True,False,0.5,0.10167060000094352,54,uniform,depolarizing
LDPC,1000,6%,0.0638705035971223,0.06287769784172662,44,500,0.5,True,True,False,0.5,0.13061360000210698,59,aware-same-rate,depolarizing
LDPC,1000,6%,0.0638705035971223,0.06287769784172662,44,500,0.5,True,True,False,0.5,0.14409580000210553,59,aware-pipeline,depolarizing
LDPC,1000,6%,0.0638705035971223,0.06287769784172662,45,500,0.5,True,True,False,0.5,0.03039849999913713,10,uniform,depolarizing
LDPC,1000,6%,0.0638705035971223,0.06287769784172662,45,500,0.5,True,True,False,0.5,0.019199400001525646,6,aware-same-rate,depolarizing
LDPC,1000,6%,0.0638705035971223,0.06287769784172662,45,500,0.5,True,True,False,0.5,0.01835389999905601,6,aware-pipeline,depolarizing
LDPC,1000,6%,0.0638705035971223,0.06287769784172662,46,500,0.5,True,True,False,0.5,0.01684949999980745,6,uniform,depolarizing
LDPC,1000,6%,0.0638705035971223,0.06287769784172662,46,500,0.5,True,True,False,0.5,0.015637600001355167,5,aware-same-rate,depolarizing
LDPC,1000,6%,0.0638705035971223,0.06287769784172662,46,500,0.5,True,True,False,0.5,0.017615599997952813,5,aware-pipeline,depolarizing
LDPC,1000,6%,0.0638705035971223,0.06287769784172662,47,500,0.5,True,True,False,0.5,0.023271399997611297,9,uniform,depolarizing
LDPC,1000,6%,0.0638705035971223,0.06287769784172662,47,500,0.5,True,True,False,0.5,0.019771499999478692,7,aware-same-rate,depolarizing
LDPC,1000,6%,0.0638705035971223,0.06287769784172662,47,500,0.5,True,True,False,0.5,0.019028300001082243,7,aware-pipeline,depolarizing
LDPC,1000,6%,0.0638705035971223,0.06287769784172662,48,500,0.5,True,True,False,0.5,0.020545100000163075,8,uniform,depolarizing
LDPC,1000,6%,0.0638705035971223,0.06287769784172662,48,500,0.5,True,True,False,0.5,0.01834710000184714,7,aware-same-rate,depolarizing
LDPC,1000,6%,0.0638705035971223,0.06287769784172662,48,500,0.5,True,True,False,0.5,0.01733089999834192,7,aware-pipeline,depolarizing
LDPC,1000,6%,0.0638705035971223,0.06287769784172662,49,500,0.5,False,False,False,0.0,0.22010469999804627,120,uniform,depolarizing
LDPC,1000,6%,0.0638705035971223,0.06287769784172662,49,500,0.5,True,True,False,0.5,0.026717100001405925,12,aware-same-rate,depolarizing
LDPC,1000,6%,0.0638705035971223,0.06287769784172662,49,500,0.5,True,True,False,0.5,0.025555500000336906,12,aware-pipeline,depolarizing
LDPC,1000,6%,0.0638705035971223,0.06287769784172662,50,500,0.5,True,True,False,0.5,0.042615800000930903,21,uniform,depolarizing
LDPC,1000,6%,0.0638705035971223,0.06287769784172662,50,500,0.5,True,True,False,0.5,0.02819920000183629,14,aware-same-rate,depolarizing
LDPC,1000,6%,0.0638705035971223,0.06287769784172662,50,500,0.5,True,True,False,0.5,0.030709799997566734,14,aware-pipeline,depolarizing
LDPC,1000,6%,0.0638705035971223,0.06287769784172662,51,500,0.5,False,False,False,0.0,0.25661480000053416,120,uniform,depolarizing
LDPC,1000,6%,0.0638705035971223,0.06287769784172662,51,500,0.5,False,False,False,0.0,0.24691709999751765,120,aware-same-rate,depolarizing
LDPC,1000,6%,0.0638705035971223,0.06287769784172662,51,500,0.5,False,False,False,0.0,0.2405313000017486,120,aware-pipeline,depolarizing
LDPC,1000,6%,0.0638705035971223,0.06287769784172662,52,500,0.5,True,True,False,0.5,0.014762700000574114,5,uniform,depolarizing
LDPC,1000,6%,0.0638705035971223,0.06287769784172662,52,500,0.5,True,True,False,0.5,0.015423600001668092,5,aware-same-rate,depolarizing
LDPC,1000,6%,0.0638705035971223,0.06287769784172662,52,500,0.5,True,True,False,0.5,0.017359000001306413,5,aware-pipeline,depolarizing
LDPC,1000,6%,0.0638705035971223,0.06287769784172662,53,500,0.5,True,True,False,0.5,0.02758909999829484,10,uniform,depolarizing
LDPC,1000,6%,0.0638705035971223,0.06287769784172662,53,500,0.5,True,True,False,0.5,0.019635699998616474,7,aware-same-rate,depolarizing
LDPC,1000,6%,0.0638705035971223,0.06287769784172662,53,500,0.5,True,True,False,0.5,0.018944800001918338,7,aware-pipeline,depolarizing
LDPC,1000,6%,0.0638705035971223,0.06287769784172662,54,500,0.5,True,True,False,0.5,0.029811899999913294,13,uniform,depolarizing
LDPC,1000,6%,0.0638705035971223,0.06287769784172662,54,500,0.5,True,True,False,0.5,0.024437600000965176,9,aware-same-rate,depolarizing
LDPC,1000,6%,0.0638705035971223,0.06287769784172662,54,500,0.5,True,True,False,0.5,0.02311550000013085,9,aware-pipeline,depolarizing
LDPC,1000,6%,0.0638705035971223,0.06287769784172662,55,500,0.5,True,True,False,0.5,0.028587000000698026,11,uniform,depolarizing
LDPC,1000,6%,0.0638705035971223,0.06287769784172662,55,500,0.5,True,True,False,0.5,0.020100300000194693,7,aware-same-rate,depolarizing
LDPC,1000,6%,0.0638705035971223,0.06287769784172662,55,500,0.5,True,True,False,0.5,0.022135200000775512,7,aware-pipeline,depolarizing
LDPC,1000,6%,0.0638705035971223,0.06287769784172662,56,500,0.5,True,True,False,0.5,0.015984700003173202,5,uniform,depolarizing
LDPC,1000,6%,0.0638705035971223,0.06287769784172662,56,500,0.5,True,True,False,0.5,0.015139600000111386,5,aware-same-rate,depolarizing
LDPC,1000,6%,0.0638705035971223,0.06287769784172662,56,500,0.5,True,True,False,0.5,0.016563000001042383,5,aware-pipeline,depolarizing
LDPC,1000,6%,0.0638705035971223,0.06287769784172662,57,500,0.5,True,True,False,0.5,0.03703060000043479,16,uniform,depolarizing
LDPC,1000,6%,0.0638705035971223,0.06287769784172662,57,500,0.5,True,True,False,0.5,0.030619999997725245,13,aware-same-rate,depolarizing
LDPC,1000,6%,0.0638705035971223,0.06287769784172662,57,500,0.5,True,True,False,0.5,0.034778900000674184,13,aware-pipeline,depolarizing
LDPC,1000,6%,0.0638705035971223,0.06287769784172662,58,500,0.5,True,True,False,0.5,0.027384799999708775,10,uniform,depolarizing
LDPC,1000,6%,0.0638705035971223,0.06287769784172662,58,500,0.5,True,True,False,0.5,0.020743899996887194,7,aware-same-rate,depolarizing
LDPC,1000,6%,0.0638705035971223,0.06287769784172662,58,500,0.5,True,True,False,0.5,0.022906099999090657,7,aware-pipeline,depolarizing
LDPC,1000,6%,0.0638705035971223,0.06287769784172662,59,500,0.5,True,True,False,0.5,0.03336539999872912,12,uniform,depolarizing
LDPC,1000,6%,0.0638705035971223,0.06287769784172662,59,500,0.5,True,True,False,0.5,0.024747700001171324,9,aware-same-rate,depolarizing
LDPC,1000,6%,0.0638705035971223,0.06287769784172662,59,500,0.5,True,True,False,0.5,0.02617839999948046,9,aware-pipeline,depolarizing
LDPC,1000,10%,0.10176978417266187,0.10158273381294965,0,600,0.6,True,True,False,0.4,0.04503340000155731,24,uniform,depolarizing
LDPC,1000,10%,0.10176978417266187,0.10158273381294965,0,600,0.6,True,True,False,0.4,0.02390009999726317,11,aware-same-rate,depolarizing
LDPC,1000,10%,0.10176978417266187,0.10158273381294965,0,600,0.6,True,True,False,0.4,0.02429860000120243,11,aware-pipeline,depolarizing
LDPC,1000,10%,0.10176978417266187,0.10158273381294965,1,600,0.6,True,True,False,0.4,0.024407199998677243,13,uniform,depolarizing
LDPC,1000,10%,0.10176978417266187,0.10158273381294965,1,600,0.6,True,True,False,0.4,0.01799399999799789,8,aware-same-rate,depolarizing
LDPC,1000,10%,0.10176978417266187,0.10158273381294965,1,600,0.6,True,True,False,0.4,0.018500499998481246,8,aware-pipeline,depolarizing
LDPC,1000,10%,0.10176978417266187,0.10158273381294965,2,600,0.6,True,True,False,0.4,0.01698700000270037,7,uniform,depolarizing
LDPC,1000,10%,0.10176978417266187,0.10158273381294965,2,600,0.6,True,True,False,0.4,0.012903799997729948,5,aware-same-rate,depolarizing
LDPC,1000,10%,0.10176978417266187,0.10158273381294965,2,600,0.6,True,True,False,0.4,0.014047900000150548,5,aware-pipeline,depolarizing
LDPC,1000,10%,0.10176978417266187,0.10158273381294965,3,600,0.6,True,True,False,0.4,0.02557600000000093,13,uniform,depolarizing
LDPC,1000,10%,0.10176978417266187,0.10158273381294965,3,600,0.6,True,True,False,0.4,0.025105900000198744,11,aware-same-rate,depolarizing
LDPC,1000,10%,0.10176978417266187,0.10158273381294965,3,600,0.6,True,True,False,0.4,0.022951799997827038,11,aware-pipeline,depolarizing
LDPC,1000,10%,0.10176978417266187,0.10158273381294965,4,600,0.6,True,True,False,0.4,0.042230600000038976,23,uniform,depolarizing
LDPC,1000,10%,0.10176978417266187,0.10158273381294965,4,600,0.6,True,True,False,0.4,0.03407420000075945,18,aware-same-rate,depolarizing
LDPC,1000,10%,0.10176978417266187,0.10158273381294965,4,600,0.6,True,True,False,0.4,0.03480869999839342,18,aware-pipeline,depolarizing
LDPC,1000,10%,0.10176978417266187,0.10158273381294965,5,600,0.6,True,True,False,0.4,0.03290900000138208,13,uniform,depolarizing
LDPC,1000,10%,0.10176978417266187,0.10158273381294965,5,600,0.6,True,True,False,0.4,0.11609260000113863,60,aware-same-rate,depolarizing
LDPC,1000,10%,0.10176978417266187,0.10158273381294965,5,600,0.6,True,True,False,0.4,0.11771909999879426,60,aware-pipeline,depolarizing
LDPC,1000,10%,0.10176978417266187,0.10158273381294965,6,600,0.6,False,False,False,0.0,0.22073780000209808,120,uniform,depolarizing
LDPC,1000,10%,0.10176978417266187,0.10158273381294965,6,600,0.6,False,False,False,0.0,0.2070741999996244,120,aware-same-rate,depolarizing
LDPC,1000,10%,0.10176978417266187,0.10158273381294965,6,600,0.6,False,False,False,0.0,0.21537849999731407,120,aware-pipeline,depolarizing
LDPC,1000,10%,0.10176978417266187,0.10158273381294965,7,600,0.6,False,False,False,0.0,0.21533320000162348,120,uniform,depolarizing
LDPC,1000,10%,0.10176978417266187,0.10158273381294965,7,600,0.6,True,True,False,0.4,0.03888519999964046,19,aware-same-rate,depolarizing
LDPC,1000,10%,0.10176978417266187,0.10158273381294965,7,600,0.6,True,True,False,0.4,0.04068369999731658,19,aware-pipeline,depolarizing
LDPC,1000,10%,0.10176978417266187,0.10158273381294965,8,600,0.6,False,False,False,0.0,0.2012313000013819,120,uniform,depolarizing
LDPC,1000,10%,0.10176978417266187,0.10158273381294965,8,600,0.6,True,True,False,0.4,0.020000100001198007,10,aware-same-rate,depolarizing
LDPC,1000,10%,0.10176978417266187,0.10158273381294965,8,600,0.6,True,True,False,0.4,0.020890400002826937,10,aware-pipeline,depolarizing
LDPC,1000,10%,0.10176978417266187,0.10158273381294965,9,600,0.6,True,True,False,0.4,0.0377251999998407,18,uniform,depolarizing
LDPC,1000,10%,0.10176978417266187,0.10158273381294965,9,600,0.6,True,True,False,0.4,0.019606600002589403,8,aware-same-rate,depolarizing
LDPC,1000,10%,0.10176978417266187,0.10158273381294965,9,600,0.6,True,True,False,0.4,0.019022599997697398,8,aware-pipeline,depolarizing
LDPC,1000,10%,0.10176978417266187,0.10158273381294965,10,600,0.6,True,True,False,0.4,0.04868929999793181,26,uniform,depolarizing
LDPC,1000,10%,0.10176978417266187,0.10158273381294965,10,600,0.6,True,True,False,0.4,0.023627800001122523,11,aware-same-rate,depolarizing
LDPC,1000,10%,0.10176978417266187,0.10158273381294965,10,600,0.6,True,True,False,0.4,0.02558159999898635,11,aware-pipeline,depolarizing
LDPC,1000,10%,0.10176978417266187,0.10158273381294965,11,600,0.6,True,True,False,0.4,0.02137880000009318,9,uniform,depolarizing
LDPC,1000,10%,0.10176978417266187,0.10158273381294965,11,600,0.6,True,True,False,0.4,0.01735980000012205,7,aware-same-rate,depolarizing
LDPC,1000,10%,0.10176978417266187,0.10158273381294965,11,600,0.6,True,True,False,0.4,0.017337299999780953,7,aware-pipeline,depolarizing
LDPC,1000,10%,0.10176978417266187,0.10158273381294965,12,600,0.6,True,True,False,0.4,0.022795299999415874,10,uniform,depolarizing
LDPC,1000,10%,0.10176978417266187,0.10158273381294965,12,600,0.6,True,True,False,0.4,0.017641400001593865,7,aware-same-rate,depolarizing
LDPC,1000,10%,0.10176978417266187,0.10158273381294965,12,600,0.6,True,True,False,0.4,0.016194499999983236,7,aware-pipeline,depolarizing
LDPC,1000,10%,0.10176978417266187,0.10158273381294965,13,600,0.6,True,True,False,0.4,0.0264668999989226,14,uniform,depolarizing
LDPC,1000,10%,0.10176978417266187,0.10158273381294965,13,600,0.6,True,True,False,0.4,0.019182699998054886,8,aware-same-rate,depolarizing
LDPC,1000,10%,0.10176978417266187,0.10158273381294965,13,600,0.6,True,True,False,0.4,0.01791139999841107,8,aware-pipeline,depolarizing
LDPC,1000,10%,0.10176978417266187,0.10158273381294965,14,600,0.6,True,True,False,0.4,0.03382680000140681,17,uniform,depolarizing
LDPC,1000,10%,0.10176978417266187,0.10158273381294965,14,600,0.6,True,True,False,0.4,0.026127199998882134,13,aware-same-rate,depolarizing
LDPC,1000,10%,0.10176978417266187,0.10158273381294965,14,600,0.6,True,True,False,0.4,0.026610400000208756,13,aware-pipeline,depolarizing
LDPC,1000,10%,0.10176978417266187,0.10158273381294965,15,600,0.6,False,False,False,0.0,0.20242050000160816,120,uniform,depolarizing
LDPC,1000,10%,0.10176978417266187,0.10158273381294965,15,600,0.6,True,True,False,0.4,0.03728480000063428,18,aware-same-rate,depolarizing
LDPC,1000,10%,0.10176978417266187,0.10158273381294965,15,600,0.6,True,True,False,0.4,0.034359700002823956,18,aware-pipeline,depolarizing
LDPC,1000,10%,0.10176978417266187,0.10158273381294965,16,600,0.6,True,True,False,0.4,0.021131000001332723,9,uniform,depolarizing
LDPC,1000,10%,0.10176978417266187,0.10158273381294965,16,600,0.6,True,True,False,0.4,0.01923220000026049,9,aware-same-rate,depolarizing
LDPC,1000,10%,0.10176978417266187,0.10158273381294965,16,600,0.6,True,True,False,0.4,0.018634299998666393,9,aware-pipeline,depolarizing
LDPC,1000,10%,0.10176978417266187,0.10158273381294965,17,600,0.6,True,True,False,0.4,0.02631660000042757,11,uniform,depolarizing
LDPC,1000,10%,0.10176978417266187,0.10158273381294965,17,600,0.6,True,True,False,0.4,0.02164020000054734,8,aware-same-rate,depolarizing
LDPC,1000,10%,0.10176978417266187,0.10158273381294965,17,600,0.6,True,True,False,0.4,0.02098390000173822,8,aware-pipeline,depolarizing
LDPC,1000,10%,0.10176978417266187,0.10158273381294965,18,600,0.6,True,True,False,0.4,0.019688399999722606,8,uniform,depolarizing
LDPC,1000,10%,0.10176978417266187,0.10158273381294965,18,600,0.6,True,True,False,0.4,0.02244520000022021,9,aware-same-rate,depolarizing
LDPC,1000,10%,0.10176978417266187,0.10158273381294965,18,600,0.6,True,True,False,0.4,0.02110790000006091,9,aware-pipeline,depolarizing
LDPC,1000,10%,0.10176978417266187,0.10158273381294965,19,600,0.6,True,True,False,0.4,0.033414300000004005,18,uniform,depolarizing
LDPC,1000,10%,0.10176978417266187,0.10158273381294965,19,600,0.6,True,True,False,0.4,0.017714500001602573,8,aware-same-rate,depolarizing
LDPC,1000,10%,0.10176978417266187,0.10158273381294965,19,600,0.6,True,True,False,0.4,0.016975599999568658,8,aware-pipeline,depolarizing
LDPC,1000,10%,0.10176978417266187,0.10158273381294965,20,600,0.6,True,True,False,0.4,0.04262390000076266,21,uniform,depolarizing
LDPC,1000,10%,0.10176978417266187,0.10158273381294965,20,600,0.6,True,True,False,0.4,0.019095999999990454,9,aware-same-rate,depolarizing
LDPC,1000,10%,0.10176978417266187,0.10158273381294965,20,600,0.6,True,True,False,0.4,0.018787900000461377,9,aware-pipeline,depolarizing
LDPC,1000,10%,0.10176978417266187,0.10158273381294965,21,600,0.6,True,True,False,0.4,0.030038500000955537,16,uniform,depolarizing
LDPC,1000,10%,0.10176978417266187,0.10158273381294965,21,600,0.6,True,True,False,0.4,0.019083899998804554,8,aware-same-rate,depolarizing
LDPC,1000,10%,0.10176978417266187,0.10158273381294965,21,600,0.6,True,True,False,0.4,0.01884250000148313,8,aware-pipeline,depolarizing
LDPC,1000,10%,0.10176978417266187,0.10158273381294965,22,600,0.6,False,False,False,0.0,0.20083549999981187,120,uniform,depolarizing
LDPC,1000,10%,0.10176978417266187,0.10158273381294965,22,600,0.6,False,False,False,0.0,0.1928881999992882,120,aware-same-rate,depolarizing
LDPC,1000,10%,0.10176978417266187,0.10158273381294965,22,600,0.6,False,False,False,0.0,0.18455910000193398,120,aware-pipeline,depolarizing
LDPC,1000,10%,0.10176978417266187,0.10158273381294965,23,600,0.6,True,True,False,0.4,0.08135659999970812,48,uniform,depolarizing
LDPC,1000,10%,0.10176978417266187,0.10158273381294965,23,600,0.6,True,True,False,0.4,0.023697100001299987,11,aware-same-rate,depolarizing
LDPC,1000,10%,0.10176978417266187,0.10158273381294965,23,600,0.6,True,True,False,0.4,0.023317899998801295,11,aware-pipeline,depolarizing
LDPC,1000,10%,0.10176978417266187,0.10158273381294965,24,600,0.6,True,True,False,0.4,0.02501489999849582,13,uniform,depolarizing
LDPC,1000,10%,0.10176978417266187,0.10158273381294965,24,600,0.6,True,True,False,0.4,0.019790999998804182,9,aware-same-rate,depolarizing
LDPC,1000,10%,0.10176978417266187,0.10158273381294965,24,600,0.6,True,True,False,0.4,0.02108320000115782,9,aware-pipeline,depolarizing
LDPC,1000,10%,0.10176978417266187,0.10158273381294965,25,600,0.6,True,True,False,0.4,0.020437900002434617,10,uniform,depolarizing
LDPC,1000,10%,0.10176978417266187,0.10158273381294965,25,600,0.6,True,True,False,0.4,0.017224999999598367,8,aware-same-rate,depolarizing
LDPC,1000,10%,0.10176978417266187,0.10158273381294965,25,600,0.6,True,True,False,0.4,0.016569299998081988,8,aware-pipeline,depolarizing
LDPC,1000,10%,0.10176978417266187,0.10158273381294965,26,600,0.6,True,True,False,0.4,0.07559719999699155,48,uniform,depolarizing
LDPC,1000,10%,0.10176978417266187,0.10158273381294965,26,600,0.6,True,True,False,0.4,0.02756489999956102,16,aware-same-rate,depolarizing
LDPC,1000,10%,0.10176978417266187,0.10158273381294965,26,600,0.6,True,True,False,0.4,0.029501400000299327,16,aware-pipeline,depolarizing
LDPC,1000,10%,0.10176978417266187,0.10158273381294965,27,600,0.6,True,True,False,0.4,0.03249830000277143,18,uniform,depolarizing
LDPC,1000,10%,0.10176978417266187,0.10158273381294965,27,600,0.6,True,True,False,0.4,0.020763299999089213,11,aware-same-rate,depolarizing
LDPC,1000,10%,0.10176978417266187,0.10158273381294965,27,600,0.6,True,True,False,0.4,0.022547999997186707,11,aware-pipeline,depolarizing
LDPC,1000,10%,0.10176978417266187,0.10158273381294965,28,600,0.6,True,True,False,0.4,0.020230699999956414,11,uniform,depolarizing
LDPC,1000,10%,0.10176978417266187,0.10158273381294965,28,600,0.6,True,True,False,0.4,0.01709349999873666,8,aware-same-rate,depolarizing
LDPC,1000,10%,0.10176978417266187,0.10158273381294965,28,600,0.6,True,True,False,0.4,0.016783499999291962,8,aware-pipeline,depolarizing
LDPC,1000,10%,0.10176978417266187,0.10158273381294965,29,600,0.6,True,True,False,0.4,0.0202095000022382,10,uniform,depolarizing
LDPC,1000,10%,0.10176978417266187,0.10158273381294965,29,600,0.6,True,True,False,0.4,0.015054999999847496,7,aware-same-rate,depolarizing
LDPC,1000,10%,0.10176978417266187,0.10158273381294965,29,600,0.6,True,True,False,0.4,0.015148500002396759,7,aware-pipeline,depolarizing
LDPC,1000,10%,0.10176978417266187,0.10158273381294965,30,600,0.6,True,True,False,0.4,0.02016590000130236,11,uniform,depolarizing
LDPC,1000,10%,0.10176978417266187,0.10158273381294965,30,600,0.6,True,True,False,0.4,0.016379000000597443,7,aware-same-rate,depolarizing
LDPC,1000,10%,0.10176978417266187,0.10158273381294965,30,600,0.6,True,True,False,0.4,0.015602200001012534,7,aware-pipeline,depolarizing
LDPC,1000,10%,0.10176978417266187,0.10158273381294965,31,600,0.6,False,False,False,0.0,0.18581229999836069,120,uniform,depolarizing
LDPC,1000,10%,0.10176978417266187,0.10158273381294965,31,600,0.6,True,True,False,0.4,0.1361250999980257,82,aware-same-rate,depolarizing
LDPC,1000,10%,0.10176978417266187,0.10158273381294965,31,600,0.6,True,True,False,0.4,0.12877500000104192,82,aware-pipeline,depolarizing
LDPC,1000,10%,0.10176978417266187,0.10158273381294965,32,600,0.6,True,True,False,0.4,0.017383000002155313,8,uniform,depolarizing
LDPC,1000,10%,0.10176978417266187,0.10158273381294965,32,600,0.6,True,True,False,0.4,0.014614200001233257,6,aware-same-rate,depolarizing
LDPC,1000,10%,0.10176978417266187,0.10158273381294965,32,600,0.6,True,True,False,0.4,0.014956800001527881,6,aware-pipeline,depolarizing
LDPC,1000,10%,0.10176978417266187,0.10158273381294965,33,600,0.6,True,True,False,0.4,0.02610149999964051,14,uniform,depolarizing
LDPC,1000,10%,0.10176978417266187,0.10158273381294965,33,600,0.6,True,True,False,0.4,0.02582350000011502,15,aware-same-rate,depolarizing
LDPC,1000,10%,0.10176978417266187,0.10158273381294965,33,600,0.6,True,True,False,0.4,0.028272000003198627,15,aware-pipeline,depolarizing
LDPC,1000,10%,0.10176978417266187,0.10158273381294965,34,600,0.6,True,True,False,0.4,0.02684629999930621,15,uniform,depolarizing
LDPC,1000,10%,0.10176978417266187,0.10158273381294965,34,600,0.6,True,True,False,0.4,0.018253700000059325,10,aware-same-rate,depolarizing
LDPC,1000,10%,0.10176978417266187,0.10158273381294965,34,600,0.6,True,True,False,0.4,0.01905600000100094,10,aware-pipeline,depolarizing
LDPC,1000,10%,0.10176978417266187,0.10158273381294965,35,600,0.6,False,False,False,0.0,0.20347079999919515,120,uniform,depolarizing
LDPC,1000,10%,0.10176978417266187,0.10158273381294965,35,600,0.6,True,True,False,0.4,0.03721419999783393,15,aware-same-rate,depolarizing
LDPC,1000,10%,0.10176978417266187,0.10158273381294965,35,600,0.6,True,True,False,0.4,0.03505059999952209,15,aware-pipeline,depolarizing
LDPC,1000,10%,0.10176978417266187,0.10158273381294965,36,600,0.6,True,True,False,0.4,0.024188200000935467,9,uniform,depolarizing
LDPC,1000,10%,0.10176978417266187,0.10158273381294965,36,600,0.6,True,True,False,0.4,0.01677879999988363,6,aware-same-rate,depolarizing
LDPC,1000,10%,0.10176978417266187,0.10158273381294965,36,600,0.6,True,True,False,0.4,0.019015300000319257,6,aware-pipeline,depolarizing
LDPC,1000,10%,0.10176978417266187,0.10158273381294965,37,600,0.6,True,True,False,0.4,0.06275219999952242,28,uniform,depolarizing
LDPC,1000,10%,0.10176978417266187,0.10158273381294965,37,600,0.6,True,True,False,0.4,0.025720400000864174,10,aware-same-rate,depolarizing
LDPC,1000,10%,0.10176978417266187,0.10158273381294965,37,600,0.6,True,True,False,0.4,0.023046400001476286,10,aware-pipeline,depolarizing
LDPC,1000,10%,0.10176978417266187,0.10158273381294965,38,600,0.6,True,True,False,0.4,0.0254118999982893,12,uniform,depolarizing
LDPC,1000,10%,0.10176978417266187,0.10158273381294965,38,600,0.6,True,True,False,0.4,0.01964630000293255,8,aware-same-rate,depolarizing
LDPC,1000,10%,0.10176978417266187,0.10158273381294965,38,600,0.6,True,True,False,0.4,0.02263930000117398,8,aware-pipeline,depolarizing
LDPC,1000,10%,0.10176978417266187,0.10158273381294965,39,600,0.6,True,True,False,0.4,0.01697009999770671,7,uniform,depolarizing
LDPC,1000,10%,0.10176978417266187,0.10158273381294965,39,600,0.6,True,True,False,0.4,0.017007200000080047,6,aware-same-rate,depolarizing
LDPC,1000,10%,0.10176978417266187,0.10158273381294965,39,600,0.6,True,True,False,0.4,0.020196199999190867,6,aware-pipeline,depolarizing
LDPC,1000,10%,0.10176978417266187,0.10158273381294965,40,600,0.6,True,True,False,0.4,0.05263650000051712,23,uniform,depolarizing
LDPC,1000,10%,0.10176978417266187,0.10158273381294965,40,600,0.6,True,True,False,0.4,0.030956099999457365,13,aware-same-rate,depolarizing
LDPC,1000,10%,0.10176978417266187,0.10158273381294965,40,600,0.6,True,True,False,0.4,0.028626899998926092,13,aware-pipeline,depolarizing
LDPC,1000,10%,0.10176978417266187,0.10158273381294965,41,600,0.6,True,True,False,0.4,0.016737300000386313,7,uniform,depolarizing
LDPC,1000,10%,0.10176978417266187,0.10158273381294965,41,600,0.6,True,True,False,0.4,0.017353599996567937,6,aware-same-rate,depolarizing
LDPC,1000,10%,0.10176978417266187,0.10158273381294965,41,600,0.6,True,True,False,0.4,0.019669199999043485,6,aware-pipeline,depolarizing
LDPC,1000,10%,0.10176978417266187,0.10158273381294965,42,600,0.6,True,True,False,0.4,0.05805060000056983,28,uniform,depolarizing
LDPC,1000,10%,0.10176978417266187,0.10158273381294965,42,600,0.6,True,True,False,0.4,0.03458949999912875,16,aware-same-rate,depolarizing
LDPC,1000,10%,0.10176978417266187,0.10158273381294965,42,600,0.6,True,True,False,0.4,0.033971000000747154,16,aware-pipeline,depolarizing
LDPC,1000,10%,0.10176978417266187,0.10158273381294965,43,600,0.6,True,True,False,0.4,0.0179643000010401,7,uniform,depolarizing
LDPC,1000,10%,0.10176978417266187,0.10158273381294965,43,600,0.6,True,True,False,0.4,0.014497000000119442,5,aware-same-rate,depolarizing
LDPC,1000,10%,0.10176978417266187,0.10158273381294965,43,600,0.6,True,True,False,0.4,0.015021499999420485,5,aware-pipeline,depolarizing
LDPC,1000,10%,0.10176978417266187,0.10158273381294965,44,600,0.6,True,True,False,0.4,0.024686200002179248,11,uniform,depolarizing
LDPC,1000,10%,0.10176978417266187,0.10158273381294965,44,600,0.6,True,True,False,0.4,0.022602499997447012,8,aware-same-rate,depolarizing
LDPC,1000,10%,0.10176978417266187,0.10158273381294965,44,600,0.6,True,True,False,0.4,0.021031399999628775,8,aware-pipeline,depolarizing
LDPC,1000,10%,0.10176978417266187,0.10158273381294965,45,600,0.6,True,True,False,0.4,0.022017999999661697,10,uniform,depolarizing
LDPC,1000,10%,0.10176978417266187,0.10158273381294965,45,600,0.6,True,True,False,0.4,0.0248094000016863,8,aware-same-rate,depolarizing
LDPC,1000,10%,0.10176978417266187,0.10158273381294965,45,600,0.6,True,True,False,0.4,0.022719999997207196,8,aware-pipeline,depolarizing
LDPC,1000,10%,0.10176978417266187,0.10158273381294965,46,600,0.6,True,True,False,0.4,0.03161810000165133,11,uniform,depolarizing
LDPC,1000,10%,0.10176978417266187,0.10158273381294965,46,600,0.6,True,True,False,0.4,0.02474390000134008,9,aware-same-rate,depolarizing
LDPC,1000,10%,0.10176978417266187,0.10158273381294965,46,600,0.6,True,True,False,0.4,0.02284019999933662,9,aware-pipeline,depolarizing
LDPC,1000,10%,0.10176978417266187,0.10158273381294965,47,600,0.6,True,True,False,0.4,0.026380600000265986,10,uniform,depolarizing
LDPC,1000,10%,0.10176978417266187,0.10158273381294965,47,600,0.6,True,True,False,0.4,0.024453399997582892,8,aware-same-rate,depolarizing
LDPC,1000,10%,0.10176978417266187,0.10158273381294965,47,600,0.6,True,True,False,0.4,0.020918399997754022,8,aware-pipeline,depolarizing
LDPC,1000,10%,0.10176978417266187,0.10158273381294965,48,600,0.6,True,True,False,0.4,0.03944689999843831,19,uniform,depolarizing
LDPC,1000,10%,0.10176978417266187,0.10158273381294965,48,600,0.6,True,True,False,0.4,0.020037599999341182,8,aware-same-rate,depolarizing
LDPC,1000,10%,0.10176978417266187,0.10158273381294965,48,600,0.6,True,True,False,0.4,0.019198299996787682,8,aware-pipeline,depolarizing
LDPC,1000,10%,0.10176978417266187,0.10158273381294965,49,600,0.6,True,True,False,0.4,0.023417000000335975,9,uniform,depolarizing
LDPC,1000,10%,0.10176978417266187,0.10158273381294965,49,600,0.6,True,True,False,0.4,0.023513199997978518,7,aware-same-rate,depolarizing
LDPC,1000,10%,0.10176978417266187,0.10158273381294965,49,600,0.6,True,True,False,0.4,0.019236500000261003,7,aware-pipeline,depolarizing
LDPC,1000,10%,0.10176978417266187,0.10158273381294965,50,600,0.6,True,True,False,0.4,0.04029199999786215,18,uniform,depolarizing
LDPC,1000,10%,0.10176978417266187,0.10158273381294965,50,600,0.6,True,True,False,0.4,0.03459930000099121,15,aware-same-rate,depolarizing
LDPC,1000,10%,0.10176978417266187,0.10158273381294965,50,600,0.6,True,True,False,0.4,0.03443379999953322,15,aware-pipeline,depolarizing
LDPC,1000,10%,0.10176978417266187,0.10158273381294965,51,600,0.6,True,True,False,0.4,0.04543869999906747,22,uniform,depolarizing
LDPC,1000,10%,0.10176978417266187,0.10158273381294965,51,600,0.6,True,True,False,0.4,0.03150370000003022,15,aware-same-rate,depolarizing
LDPC,1000,10%,0.10176978417266187,0.10158273381294965,51,600,0.6,True,True,False,0.4,0.03482670000084909,15,aware-pipeline,depolarizing
LDPC,1000,10%,0.10176978417266187,0.10158273381294965,52,600,0.6,False,False,False,0.0,0.24585499999739113,120,uniform,depolarizing
LDPC,1000,10%,0.10176978417266187,0.10158273381294965,52,600,0.6,False,False,False,0.0,0.26990700000169454,120,aware-same-rate,depolarizing
LDPC,1000,10%,0.10176978417266187,0.10158273381294965,52,600,0.6,False,False,False,0.0,0.2900686000029964,120,aware-pipeline,depolarizing
LDPC,1000,10%,0.10176978417266187,0.10158273381294965,53,600,0.6,True,True,False,0.4,0.03445519999877433,14,uniform,depolarizing
LDPC,1000,10%,0.10176978417266187,0.10158273381294965,53,600,0.6,True,True,False,0.4,0.025386799999978393,8,aware-same-rate,depolarizing
LDPC,1000,10%,0.10176978417266187,0.10158273381294965,53,600,0.6,True,True,False,0.4,0.02359739999883459,8,aware-pipeline,depolarizing
LDPC,1000,10%,0.10176978417266187,0.10158273381294965,54,600,0.6,True,True,False,0.4,0.08166939999864553,34,uniform,depolarizing
LDPC,1000,10%,0.10176978417266187,0.10158273381294965,54,600,0.6,True,True,False,0.4,0.03427640000154497,15,aware-same-rate,depolarizing
LDPC,1000,10%,0.10176978417266187,0.10158273381294965,54,600,0.6,True,True,False,0.4,0.03552560000025551,15,aware-pipeline,depolarizing
LDPC,1000,10%,0.10176978417266187,0.10158273381294965,55,600,0.6,True,True,False,0.4,0.038589899999351474,16,uniform,depolarizing
LDPC,1000,10%,0.10176978417266187,0.10158273381294965,55,600,0.6,True,True,False,0.4,0.029772699999739416,12,aware-same-rate,depolarizing
LDPC,1000,10%,0.10176978417266187,0.10158273381294965,55,600,0.6,True,True,False,0.4,0.030037199998332653,12,aware-pipeline,depolarizing
LDPC,1000,10%,0.10176978417266187,0.10158273381294965,56,600,0.6,True,True,False,0.4,0.02731090000088443,11,uniform,depolarizing
LDPC,1000,10%,0.10176978417266187,0.10158273381294965,56,600,0.6,True,True,False,0.4,0.02040100000158418,9,aware-same-rate,depolarizing
LDPC,1000,10%,0.10176978417266187,0.10158273381294965,56,600,0.6,True,True,False,0.4,0.023121599999285536,9,aware-pipeline,depolarizing
LDPC,1000,10%,0.10176978417266187,0.10158273381294965,57,600,0.6,True,True,False,0.4,0.11227700000017649,59,uniform,depolarizing
LDPC,1000,10%,0.10176978417266187,0.10158273381294965,57,600,0.6,True,True,False,0.4,0.032702900000003865,15,aware-same-rate,depolarizing
LDPC,1000,10%,0.10176978417266187,0.10158273381294965,57,600,0.6,True,True,False,0.4,0.032644700000673765,15,aware-pipeline,depolarizing
LDPC,1000,10%,0.10176978417266187,0.10158273381294965,58,600,0.6,True,True,False,0.4,0.05553830000280868,30,uniform,depolarizing
LDPC,1000,10%,0.10176978417266187,0.10158273381294965,58,600,0.6,True,True,False,0.4,0.03694539999924018,13,aware-same-rate,depolarizing
LDPC,1000,10%,0.10176978417266187,0.10158273381294965,58,600,0.6,True,True,False,0.4,0.027129199999762932,13,aware-pipeline,depolarizing
LDPC,1000,10%,0.10176978417266187,0.10158273381294965,59,600,0.6,True,True,False,0.4,0.04964839999956894,27,uniform,depolarizing
LDPC,1000,10%,0.10176978417266187,0.10158273381294965,59,600,0.6,True,True,False,0.4,0.024009199998545228,12,aware-same-rate,depolarizing
LDPC,1000,10%,0.10176978417266187,0.10158273381294965,59,600,0.6,True,True,False,0.4,0.028393600001436425,12,aware-pipeline,depolarizing
LDPC,1000,6%,0.05739568345323741,0.05669064748201439,0,500,0.5,True,True,False,0.5,0.013729199999943376,4,uniform,amplitude_damping
LDPC,1000,6%,0.05739568345323741,0.05669064748201439,0,500,0.5,True,True,False,0.5,0.015529799999058014,4,aware-same-rate,amplitude_damping
LDPC,1000,6%,0.05739568345323741,0.05669064748201439,0,500,0.5,True,True,False,0.5,0.014880499998980667,4,aware-pipeline,amplitude_damping
LDPC,1000,6%,0.05739568345323741,0.05669064748201439,1,500,0.5,True,True,False,0.5,0.01742730000114534,6,uniform,amplitude_damping
LDPC,1000,6%,0.05739568345323741,0.05669064748201439,1,500,0.5,True,True,False,0.5,0.018427399998472538,6,aware-same-rate,amplitude_damping
LDPC,1000,6%,0.05739568345323741,0.05669064748201439,1,500,0.5,True,True,False,0.5,0.01836410000032629,6,aware-pipeline,amplitude_damping
LDPC,1000,6%,0.05739568345323741,0.05669064748201439,2,500,0.5,True,True,False,0.5,0.014953300000343006,5,uniform,amplitude_damping
LDPC,1000,6%,0.05739568345323741,0.05669064748201439,2,500,0.5,True,True,False,0.5,0.015378500000224449,4,aware-same-rate,amplitude_damping
LDPC,1000,6%,0.05739568345323741,0.05669064748201439,2,500,0.5,True,True,False,0.5,0.014590799997677095,4,aware-pipeline,amplitude_damping
LDPC,1000,6%,0.05739568345323741,0.05669064748201439,3,500,0.5,True,True,False,0.5,0.017100199998822063,6,uniform,amplitude_damping
LDPC,1000,6%,0.05739568345323741,0.05669064748201439,3,500,0.5,True,True,False,0.5,0.01785599999857368,6,aware-same-rate,amplitude_damping
LDPC,1000,6%,0.05739568345323741,0.05669064748201439,3,500,0.5,True,True,False,0.5,0.01825470000039786,6,aware-pipeline,amplitude_damping
LDPC,1000,6%,0.05739568345323741,0.05669064748201439,4,500,0.5,True,True,False,0.5,0.021106000000145286,7,uniform,amplitude_damping
LDPC,1000,6%,0.05739568345323741,0.05669064748201439,4,500,0.5,True,True,False,0.5,0.0143884999997681,5,aware-same-rate,amplitude_damping
LDPC,1000,6%,0.05739568345323741,0.05669064748201439,4,500,0.5,True,True,False,0.5,0.013843099997757236,5,aware-pipeline,amplitude_damping
LDPC,1000,6%,0.05739568345323741,0.05669064748201439,5,500,0.5,True,True,False,0.5,0.023329899999225745,6,uniform,amplitude_damping
LDPC,1000,6%,0.05739568345323741,0.05669064748201439,5,500,0.5,True,True,False,0.5,0.018819799999619136,6,aware-same-rate,amplitude_damping
LDPC,1000,6%,0.05739568345323741,0.05669064748201439,5,500,0.5,True,True,False,0.5,0.018546600000263425,6,aware-pipeline,amplitude_damping
LDPC,1000,6%,0.05739568345323741,0.05669064748201439,6,500,0.5,True,True,False,0.5,0.017315799999778392,5,uniform,amplitude_damping
LDPC,1000,6%,0.05739568345323741,0.05669064748201439,6,500,0.5,True,True,False,0.5,0.018202300001576077,5,aware-same-rate,amplitude_damping
LDPC,1000,6%,0.05739568345323741,0.05669064748201439,6,500,0.5,True,True,False,0.5,0.01839749999999185,5,aware-pipeline,amplitude_damping
LDPC,1000,6%,0.05739568345323741,0.05669064748201439,7,500,0.5,True,True,False,0.5,0.019601199997850927,6,uniform,amplitude_damping
LDPC,1000,6%,0.05739568345323741,0.05669064748201439,7,500,0.5,True,True,False,0.5,0.015409300001920201,5,aware-same-rate,amplitude_damping
LDPC,1000,6%,0.05739568345323741,0.05669064748201439,7,500,0.5,True,True,False,0.5,0.021326799997041235,5,aware-pipeline,amplitude_damping
LDPC,1000,6%,0.05739568345323741,0.05669064748201439,8,500,0.5,True,True,False,0.5,0.01832719999947585,5,uniform,amplitude_damping
LDPC,1000,6%,0.05739568345323741,0.05669064748201439,8,500,0.5,True,True,False,0.5,0.01655889999892679,5,aware-same-rate,amplitude_damping
LDPC,1000,6%,0.05739568345323741,0.05669064748201439,8,500,0.5,True,True,False,0.5,0.019144099998811726,5,aware-pipeline,amplitude_damping
LDPC,1000,6%,0.05739568345323741,0.05669064748201439,9,500,0.5,True,True,False,0.5,0.0523546999975224,20,uniform,amplitude_damping
LDPC,1000,6%,0.05739568345323741,0.05669064748201439,9,500,0.5,True,True,False,0.5,0.0291572999994969,10,aware-same-rate,amplitude_damping
LDPC,1000,6%,0.05739568345323741,0.05669064748201439,9,500,0.5,True,True,False,0.5,0.03145230000154697,10,aware-pipeline,amplitude_damping
LDPC,1000,6%,0.05739568345323741,0.05669064748201439,10,500,0.5,True,True,False,0.5,0.025365000001329463,8,uniform,amplitude_damping
LDPC,1000,6%,0.05739568345323741,0.05669064748201439,10,500,0.5,True,True,False,0.5,0.026622500001394656,7,aware-same-rate,amplitude_damping
LDPC,1000,6%,0.05739568345323741,0.05669064748201439,10,500,0.5,True,True,False,0.5,0.023014999998849817,7,aware-pipeline,amplitude_damping
LDPC,1000,6%,0.05739568345323741,0.05669064748201439,11,500,0.5,True,True,False,0.5,0.019356400000106078,5,uniform,amplitude_damping
LDPC,1000,6%,0.05739568345323741,0.05669064748201439,11,500,0.5,True,True,False,0.5,0.019925300002796575,5,aware-same-rate,amplitude_damping
LDPC,1000,6%,0.05739568345323741,0.05669064748201439,11,500,0.5,True,True,False,0.5,0.01943570000003092,5,aware-pipeline,amplitude_damping
LDPC,1000,6%,0.05739568345323741,0.05669064748201439,12,500,0.5,True,True,False,0.5,0.028744100000039907,6,uniform,amplitude_damping
LDPC,1000,6%,0.05739568345323741,0.05669064748201439,12,500,0.5,True,True,False,0.5,0.019768199999816716,5,aware-same-rate,amplitude_damping
LDPC,1000,6%,0.05739568345323741,0.05669064748201439,12,500,0.5,True,True,False,0.5,0.021332000000256812,5,aware-pipeline,amplitude_damping
LDPC,1000,6%,0.05739568345323741,0.05669064748201439,13,500,0.5,True,True,False,0.5,0.02832739999939804,8,uniform,amplitude_damping
LDPC,1000,6%,0.05739568345323741,0.05669064748201439,13,500,0.5,True,True,False,0.5,0.03491009999925154,12,aware-same-rate,amplitude_damping
LDPC,1000,6%,0.05739568345323741,0.05669064748201439,13,500,0.5,True,True,False,0.5,0.03773000000001048,12,aware-pipeline,amplitude_damping
LDPC,1000,6%,0.05739568345323741,0.05669064748201439,14,500,0.5,True,True,False,0.5,0.03518869999970775,9,uniform,amplitude_damping
LDPC,1000,6%,0.05739568345323741,0.05669064748201439,14,500,0.5,True,True,False,0.5,0.02371610000045621,6,aware-same-rate,amplitude_damping
LDPC,1000,6%,0.05739568345323741,0.05669064748201439,14,500,0.5,True,True,False,0.5,0.02425310000035097,6,aware-pipeline,amplitude_damping
LDPC,1000,6%,0.05739568345323741,0.05669064748201439,15,500,0.5,True,True,False,0.5,0.022802299998147646,6,uniform,amplitude_damping
LDPC,1000,6%,0.05739568345323741,0.05669064748201439,15,500,0.5,True,True,False,0.5,0.02202190000025439,6,aware-same-rate,amplitude_damping
LDPC,1000,6%,0.05739568345323741,0.05669064748201439,15,500,0.5,True,True,False,0.5,0.02157689999876311,6,aware-pipeline,amplitude_damping
LDPC,1000,6%,0.05739568345323741,0.05669064748201439,16,500,0.5,True,True,False,0.5,0.02801279999766848,9,uniform,amplitude_damping
LDPC,1000,6%,0.05739568345323741,0.05669064748201439,16,500,0.5,True,True,False,0.5,0.02221790000112378,7,aware-same-rate,amplitude_damping
LDPC,1000,6%,0.05739568345323741,0.05669064748201439,16,500,0.5,True,True,False,0.5,0.01933130000179517,7,aware-pipeline,amplitude_damping
LDPC,1000,6%,0.05739568345323741,0.05669064748201439,17,500,0.5,True,True,False,0.5,0.0167139999975916,5,uniform,amplitude_damping
LDPC,1000,6%,0.05739568345323741,0.05669064748201439,17,500,0.5,True,True,False,0.5,0.02374720000079833,5,aware-same-rate,amplitude_damping
LDPC,1000,6%,0.05739568345323741,0.05669064748201439,17,500,0.5,True,True,False,0.5,0.015420399999129586,5,aware-pipeline,amplitude_damping
LDPC,1000,6%,0.05739568345323741,0.05669064748201439,18,500,0.5,True,True,False,0.5,0.021104399998876033,7,uniform,amplitude_damping
LDPC,1000,6%,0.05739568345323741,0.05669064748201439,18,500,0.5,True,True,False,0.5,0.020525200001429766,7,aware-same-rate,amplitude_damping
LDPC,1000,6%,0.05739568345323741,0.05669064748201439,18,500,0.5,True,True,False,0.5,0.01972089999981108,7,aware-pipeline,amplitude_damping
LDPC,1000,6%,0.05739568345323741,0.05669064748201439,19,500,0.5,True,True,False,0.5,0.029750999998213956,12,uniform,amplitude_damping
LDPC,1000,6%,0.05739568345323741,0.05669064748201439,19,500,0.5,True,True,False,0.5,0.030365300000994466,11,aware-same-rate,amplitude_damping
LDPC,1000,6%,0.05739568345323741,0.05669064748201439,19,500,0.5,True,True,False,0.5,0.030610200003138743,11,aware-pipeline,amplitude_damping
LDPC,1000,6%,0.05739568345323741,0.05669064748201439,20,500,0.5,True,True,False,0.5,0.015725600002042484,5,uniform,amplitude_damping
LDPC,1000,6%,0.05739568345323741,0.05669064748201439,20,500,0.5,True,True,False,0.5,0.015822800000023562,5,aware-same-rate,amplitude_damping
LDPC,1000,6%,0.05739568345323741,0.05669064748201439,20,500,0.5,True,True,False,0.5,0.014520999997330364,5,aware-pipeline,amplitude_damping
LDPC,1000,6%,0.05739568345323741,0.05669064748201439,21,500,0.5,True,True,False,0.5,0.019925900000089314,6,uniform,amplitude_damping
LDPC,1000,6%,0.05739568345323741,0.05669064748201439,21,500,0.5,True,True,False,0.5,0.01821130000098492,6,aware-same-rate,amplitude_damping
LDPC,1000,6%,0.05739568345323741,0.05669064748201439,21,500,0.5,True,True,False,0.5,0.01790860000255634,6,aware-pipeline,amplitude_damping
LDPC,1000,6%,0.05739568345323741,0.05669064748201439,22,500,0.5,True,True,False,0.5,0.017579100000148173,6,uniform,amplitude_damping
LDPC,1000,6%,0.05739568345323741,0.05669064748201439,22,500,0.5,True,True,False,0.5,0.018542199999501463,6,aware-same-rate,amplitude_damping
LDPC,1000,6%,0.05739568345323741,0.05669064748201439,22,500,0.5,True,True,False,0.5,0.01723199999833014,6,aware-pipeline,amplitude_damping
LDPC,1000,6%,0.05739568345323741,0.05669064748201439,23,500,0.5,True,True,False,0.5,0.02334280000286526,8,uniform,amplitude_damping
LDPC,1000,6%,0.05739568345323741,0.05669064748201439,23,500,0.5,True,True,False,0.5,0.020852900001045782,8,aware-same-rate,amplitude_damping
LDPC,1000,6%,0.05739568345323741,0.05669064748201439,23,500,0.5,True,True,False,0.5,0.019268199997895863,8,aware-pipeline,amplitude_damping
LDPC,1000,6%,0.05739568345323741,0.05669064748201439,24,500,0.5,True,True,False,0.5,0.02486940000017057,10,uniform,amplitude_damping
LDPC,1000,6%,0.05739568345323741,0.05669064748201439,24,500,0.5,True,True,False,0.5,0.024764199999481207,11,aware-same-rate,amplitude_damping
LDPC,1000,6%,0.05739568345323741,0.05669064748201439,24,500,0.5,True,True,False,0.5,0.02628240000194637,11,aware-pipeline,amplitude_damping
LDPC,1000,6%,0.05739568345323741,0.05669064748201439,25,500,0.5,True,True,False,0.5,0.014926900003047194,5,uniform,amplitude_damping
LDPC,1000,6%,0.05739568345323741,0.05669064748201439,25,500,0.5,True,True,False,0.5,0.011699999999109423,4,aware-same-rate,amplitude_damping
LDPC,1000,6%,0.05739568345323741,0.05669064748201439,25,500,0.5,True,True,False,0.5,0.013707599999179365,4,aware-pipeline,amplitude_damping
LDPC,1000,6%,0.05739568345323741,0.05669064748201439,26,500,0.5,True,True,False,0.5,0.01811210000232677,6,uniform,amplitude_damping
LDPC,1000,6%,0.05739568345323741,0.05669064748201439,26,500,0.5,True,True,False,0.5,0.016386100000090664,6,aware-same-rate,amplitude_damping
LDPC,1000,6%,0.05739568345323741,0.05669064748201439,26,500,0.5,True,True,False,0.5,0.017455500001233304,6,aware-pipeline,amplitude_damping
LDPC,1000,6%,0.05739568345323741,0.05669064748201439,27,500,0.5,True,True,False,0.5,0.018291600001248298,6,uniform,amplitude_damping
LDPC,1000,6%,0.05739568345323741,0.05669064748201439,27,500,0.5,True,True,False,0.5,0.01768670000092243,6,aware-same-rate,amplitude_damping
LDPC,1000,6%,0.05739568345323741,0.05669064748201439,27,500,0.5,True,True,False,0.5,0.018231500002002576,6,aware-pipeline,amplitude_damping
LDPC,1000,6%,0.05739568345323741,0.05669064748201439,28,500,0.5,True,True,False,0.5,0.02384359999996377,10,uniform,amplitude_damping
LDPC,1000,6%,0.05739568345323741,0.05669064748201439,28,500,0.5,True,True,False,0.5,0.024642099997436162,9,aware-same-rate,amplitude_damping
LDPC,1000,6%,0.05739568345323741,0.05669064748201439,28,500,0.5,True,True,False,0.5,0.022155800001200987,9,aware-pipeline,amplitude_damping
LDPC,1000,6%,0.05739568345323741,0.05669064748201439,29,500,0.5,True,True,False,0.5,0.02232410000215168,9,uniform,amplitude_damping
LDPC,1000,6%,0.05739568345323741,0.05669064748201439,29,500,0.5,True,True,False,0.5,0.023620500000106404,8,aware-same-rate,amplitude_damping
LDPC,1000,6%,0.05739568345323741,0.05669064748201439,29,500,0.5,True,True,False,0.5,0.019997400002466748,8,aware-pipeline,amplitude_damping
LDPC,1000,6%,0.05739568345323741,0.05669064748201439,30,500,0.5,True,True,False,0.5,0.015655100000003586,6,uniform,amplitude_damping
LDPC,1000,6%,0.05739568345323741,0.05669064748201439,30,500,0.5,True,True,False,0.5,0.013705100001971005,4,aware-same-rate,amplitude_damping
LDPC,1000,6%,0.05739568345323741,0.05669064748201439,30,500,0.5,True,True,False,0.5,0.013118999999278458,4,aware-pipeline,amplitude_damping
LDPC,1000,6%,0.05739568345323741,0.05669064748201439,31,500,0.5,True,True,False,0.5,0.0496783000016876,23,uniform,amplitude_damping
LDPC,1000,6%,0.05739568345323741,0.05669064748201439,31,500,0.5,True,True,False,0.5,0.03522479999810457,17,aware-same-rate,amplitude_damping
LDPC,1000,6%,0.05739568345323741,0.05669064748201439,31,500,0.5,True,True,False,0.5,0.036133600002358435,17,aware-pipeline,amplitude_damping
LDPC,1000,6%,0.05739568345323741,0.05669064748201439,32,500,0.5,True,True,False,0.5,0.014515099999698577,5,uniform,amplitude_damping
LDPC,1000,6%,0.05739568345323741,0.05669064748201439,32,500,0.5,True,True,False,0.5,0.014237700001103804,5,aware-same-rate,amplitude_damping
LDPC,1000,6%,0.05739568345323741,0.05669064748201439,32,500,0.5,True,True,False,0.5,0.013334499999473337,5,aware-pipeline,amplitude_damping
LDPC,1000,6%,0.05739568345323741,0.05669064748201439,33,500,0.5,True,True,False,0.5,0.01840690000244649,7,uniform,amplitude_damping
LDPC,1000,6%,0.05739568345323741,0.05669064748201439,33,500,0.5,True,True,False,0.5,0.014845699999568751,6,aware-same-rate,amplitude_damping
LDPC,1000,6%,0.05739568345323741,0.05669064748201439,33,500,0.5,True,True,False,0.5,0.014803300000494346,6,aware-pipeline,amplitude_damping
LDPC,1000,6%,0.05739568345323741,0.05669064748201439,34,500,0.5,True,True,False,0.5,0.011336700001265854,5,uniform,amplitude_damping
LDPC,1000,6%,0.05739568345323741,0.05669064748201439,34,500,0.5,True,True,False,0.5,0.012618100001418497,5,aware-same-rate,amplitude_damping
LDPC,1000,6%,0.05739568345323741,0.05669064748201439,34,500,0.5,True,True,False,0.5,0.012948399999004323,5,aware-pipeline,amplitude_damping
LDPC,1000,6%,0.05739568345323741,0.05669064748201439,35,500,0.5,True,True,False,0.5,0.014117900002020178,6,uniform,amplitude_damping
LDPC,1000,6%,0.05739568345323741,0.05669064748201439,35,500,0.5,True,True,False,0.5,0.011730499998520827,5,aware-same-rate,amplitude_damping
LDPC,1000,6%,0.05739568345323741,0.05669064748201439,35,500,0.5,True,True,False,0.5,0.013384900001256028,5,aware-pipeline,amplitude_damping
LDPC,1000,6%,0.05739568345323741,0.05669064748201439,36,500,0.5,True,True,False,0.5,0.012808300001779571,5,uniform,amplitude_damping
LDPC,1000,6%,0.05739568345323741,0.05669064748201439,36,500,0.5,True,True,False,0.5,0.014045300002180738,5,aware-same-rate,amplitude_damping
LDPC,1000,6%,0.05739568345323741,0.05669064748201439,36,500,0.5,True,True,False,0.5,0.01460880000013276,5,aware-pipeline,amplitude_damping
LDPC,1000,6%,0.05739568345323741,0.05669064748201439,37,500,0.5,True,True,False,0.5,0.018441700001858408,7,uniform,amplitude_damping
LDPC,1000,6%,0.05739568345323741,0.05669064748201439,37,500,0.5,True,True,False,0.5,0.017704199999570847,7,aware-same-rate,amplitude_damping
LDPC,1000,6%,0.05739568345323741,0.05669064748201439,37,500,0.5,True,True,False,0.5,0.018035100001725368,7,aware-pipeline,amplitude_damping
LDPC,1000,6%,0.05739568345323741,0.05669064748201439,38,500,0.5,True,True,False,0.5,0.019036099998629652,8,uniform,amplitude_damping
LDPC,1000,6%,0.05739568345323741,0.05669064748201439,38,500,0.5,True,True,False,0.5,0.021472199998243013,8,aware-same-rate,amplitude_damping
LDPC,1000,6%,0.05739568345323741,0.05669064748201439,38,500,0.5,True,True,False,0.5,0.020155400001385715,8,aware-pipeline,amplitude_damping
LDPC,1000,6%,0.05739568345323741,0.05669064748201439,39,500,0.5,True,True,False,0.5,0.017131600001448533,6,uniform,amplitude_damping
LDPC,1000,6%,0.05739568345323741,0.05669064748201439,39,500,0.5,True,True,False,0.5,0.017305000001215376,6,aware-same-rate,amplitude_damping
LDPC,1000,6%,0.05739568345323741,0.05669064748201439,39,500,0.5,True,True,False,0.5,0.016492999999172753,6,aware-pipeline,amplitude_damping
LDPC,1000,6%,0.05739568345323741,0.05669064748201439,40,500,0.5,True,True,False,0.5,0.015140300001803553,5,uniform,amplitude_damping
LDPC,1000,6%,0.05739568345323741,0.05669064748201439,40,500,0.5,True,True,False,0.5,0.014967600000090897,5,aware-same-rate,amplitude_damping
LDPC,1000,6%,0.05739568345323741,0.05669064748201439,40,500,0.5,True,True,False,0.5,0.013883399999031099,5,aware-pipeline,amplitude_damping
LDPC,1000,6%,0.05739568345323741,0.05669064748201439,41,500,0.5,True,True,False,0.5,0.023854600000049686,10,uniform,amplitude_damping
LDPC,1000,6%,0.05739568345323741,0.05669064748201439,41,500,0.5,True,True,False,0.5,0.027496199996676296,11,aware-same-rate,amplitude_damping
LDPC,1000,6%,0.05739568345323741,0.05669064748201439,41,500,0.5,True,True,False,0.5,0.02410569999847212,11,aware-pipeline,amplitude_damping
LDPC,1000,6%,0.05739568345323741,0.05669064748201439,42,500,0.5,True,True,False,0.5,0.017230199999175966,6,uniform,amplitude_damping
LDPC,1000,6%,0.05739568345323741,0.05669064748201439,42,500,0.5,True,True,False,0.5,0.0169023999987985,6,aware-same-rate,amplitude_damping
LDPC,1000,6%,0.05739568345323741,0.05669064748201439,42,500,0.5,True,True,False,0.5,0.016771200000221143,6,aware-pipeline,amplitude_damping
LDPC,1000,6%,0.05739568345323741,0.05669064748201439,43,500,0.5,True,True,False,0.5,0.021757599999546073,7,uniform,amplitude_damping
LDPC,1000,6%,0.05739568345323741,0.05669064748201439,43,500,0.5,True,True,False,0.5,0.017656199997873046,7,aware-same-rate,amplitude_damping
LDPC,1000,6%,0.05739568345323741,0.05669064748201439,43,500,0.5,True,True,False,0.5,0.017302399999607587,7,aware-pipeline,amplitude_damping
LDPC,1000,6%,0.05739568345323741,0.05669064748201439,44,500,0.5,True,True,False,0.5,0.01748059999954421,6,uniform,amplitude_damping
LDPC,1000,6%,0.05739568345323741,0.05669064748201439,44,500,0.5,True,True,False,0.5,0.014759699999558507,6,aware-same-rate,amplitude_damping
LDPC,1000,6%,0.05739568345323741,0.05669064748201439,44,500,0.5,True,True,False,0.5,0.01720950000162702,6,aware-pipeline,amplitude_damping
LDPC,1000,6%,0.05739568345323741,0.05669064748201439,45,500,0.5,True,True,False,0.5,0.0162108000004082,6,uniform,amplitude_damping
LDPC,1000,6%,0.05739568345323741,0.05669064748201439,45,500,0.5,True,True,False,0.5,0.01541219999853638,6,aware-same-rate,amplitude_damping
LDPC,1000,6%,0.05739568345323741,0.05669064748201439,45,500,0.5,True,True,False,0.5,0.01473210000040126,6,aware-pipeline,amplitude_damping
LDPC,1000,6%,0.05739568345323741,0.05669064748201439,46,500,0.5,True,True,False,0.5,0.03812590000234195,18,uniform,amplitude_damping
LDPC,1000,6%,0.05739568345323741,0.05669064748201439,46,500,0.5,True,True,False,0.5,0.020365899999887915,9,aware-same-rate,amplitude_damping
LDPC,1000,6%,0.05739568345323741,0.05669064748201439,46,500,0.5,True,True,False,0.5,0.021375599997554673,9,aware-pipeline,amplitude_damping
LDPC,1000,6%,0.05739568345323741,0.05669064748201439,47,500,0.5,True,True,False,0.5,0.016911599999730242,7,uniform,amplitude_damping
LDPC,1000,6%,0.05739568345323741,0.05669064748201439,47,500,0.5,True,True,False,0.5,0.014312399998743786,6,aware-same-rate,amplitude_damping
LDPC,1000,6%,0.05739568345323741,0.05669064748201439,47,500,0.5,True,True,False,0.5,0.016761200000473764,6,aware-pipeline,amplitude_damping
LDPC,1000,6%,0.05739568345323741,0.05669064748201439,48,500,0.5,True,True,False,0.5,0.021080499998788582,8,uniform,amplitude_damping
LDPC,1000,6%,0.05739568345323741,0.05669064748201439,48,500,0.5,True,True,False,0.5,0.019942599999922095,8,aware-same-rate,amplitude_damping
LDPC,1000,6%,0.05739568345323741,0.05669064748201439,48,500,0.5,True,True,False,0.5,0.018251200002850965,8,aware-pipeline,amplitude_damping
LDPC,1000,6%,0.05739568345323741,0.05669064748201439,49,500,0.5,True,True,False,0.5,0.02358520000052522,9,uniform,amplitude_damping
LDPC,1000,6%,0.05739568345323741,0.05669064748201439,49,500,0.5,True,True,False,0.5,0.023962999999639578,8,aware-same-rate,amplitude_damping
LDPC,1000,6%,0.05739568345323741,0.05669064748201439,49,500,0.5,True,True,False,0.5,0.019340499999088934,8,aware-pipeline,amplitude_damping
LDPC,1000,6%,0.05739568345323741,0.05669064748201439,50,500,0.5,True,True,False,0.5,0.02651799999875948,11,uniform,amplitude_damping
LDPC,1000,6%,0.05739568345323741,0.05669064748201439,50,500,0.5,True,True,False,0.5,0.021237000000837725,10,aware-same-rate,amplitude_damping
LDPC,1000,6%,0.05739568345323741,0.05669064748201439,50,500,0.5,True,True,False,0.5,0.026827699999557808,10,aware-pipeline,amplitude_damping
LDPC,1000,6%,0.05739568345323741,0.05669064748201439,51,500,0.5,True,True,False,0.5,0.010579699999652803,4,uniform,amplitude_damping
LDPC,1000,6%,0.05739568345323741,0.05669064748201439,51,500,0.5,True,True,False,0.5,0.012594199997693067,4,aware-same-rate,amplitude_damping
LDPC,1000,6%,0.05739568345323741,0.05669064748201439,51,500,0.5,True,True,False,0.5,0.013439700000162702,4,aware-pipeline,amplitude_damping
LDPC,1000,6%,0.05739568345323741,0.05669064748201439,52,500,0.5,True,True,False,0.5,0.01917620000313036,7,uniform,amplitude_damping
LDPC,1000,6%,0.05739568345323741,0.05669064748201439,52,500,0.5,True,True,False,0.5,0.01695589999872027,6,aware-same-rate,amplitude_damping
LDPC,1000,6%,0.05739568345323741,0.05669064748201439,52,500,0.5,True,True,False,0.5,0.016681799999787472,6,aware-pipeline,amplitude_damping
LDPC,1000,6%,0.05739568345323741,0.05669064748201439,53,500,0.5,True,True,False,0.5,0.020613299999240553,8,uniform,amplitude_damping
LDPC,1000,6%,0.05739568345323741,0.05669064748201439,53,500,0.5,True,True,False,0.5,0.021371999999246327,8,aware-same-rate,amplitude_damping
LDPC,1000,6%,0.05739568345323741,0.05669064748201439,53,500,0.5,True,True,False,0.5,0.018178400001488626,8,aware-pipeline,amplitude_damping
LDPC,1000,6%,0.05739568345323741,0.05669064748201439,54,500,0.5,True,True,False,0.5,0.029184800001530675,11,uniform,amplitude_damping
LDPC,1000,6%,0.05739568345323741,0.05669064748201439,54,500,0.5,True,True,False,0.5,0.023187499999039574,10,aware-same-rate,amplitude_damping
LDPC,1000,6%,0.05739568345323741,0.05669064748201439,54,500,0.5,True,True,False,0.5,0.021873300000152085,10,aware-pipeline,amplitude_damping
LDPC,1000,6%,0.05739568345323741,0.05669064748201439,55,500,0.5,True,True,False,0.5,0.03117559999736841,15,uniform,amplitude_damping
LDPC,1000,6%,0.05739568345323741,0.05669064748201439,55,500,0.5,True,True,False,0.5,0.02801089999775286,11,aware-same-rate,amplitude_damping
LDPC,1000,6%,0.05739568345323741,0.05669064748201439,55,500,0.5,True,True,False,0.5,0.02469550000023446,11,aware-pipeline,amplitude_damping
LDPC,1000,6%,0.05739568345323741,0.05669064748201439,56,500,0.5,True,True,False,0.5,0.013294299998960923,5,uniform,amplitude_damping
LDPC,1000,6%,0.05739568345323741,0.05669064748201439,56,500,0.5,True,True,False,0.5,0.013627600001200335,4,aware-same-rate,amplitude_damping
LDPC,1000,6%,0.05739568345323741,0.05669064748201439,56,500,0.5,True,True,False,0.5,0.012768500000674976,4,aware-pipeline,amplitude_damping
LDPC,1000,6%,0.05739568345323741,0.05669064748201439,57,500,0.5,True,True,False,0.5,0.021112800000992138,9,uniform,amplitude_damping
LDPC,1000,6%,0.05739568345323741,0.05669064748201439,57,500,0.5,True,True,False,0.5,0.019409800002904376,8,aware-same-rate,amplitude_damping
LDPC,1000,6%,0.05739568345323741,0.05669064748201439,57,500,0.5,True,True,False,0.5,0.02129600000262144,8,aware-pipeline,amplitude_damping
LDPC,1000,6%,0.05739568345323741,0.05669064748201439,58,500,0.5,True,True,False,0.5,0.010653900000761496,4,uniform,amplitude_damping
LDPC,1000,6%,0.05739568345323741,0.05669064748201439,58,500,0.5,True,True,False,0.5,0.013235499998700107,4,aware-same-rate,amplitude_damping
LDPC,1000,6%,0.05739568345323741,0.05669064748201439,58,500,0.5,True,True,False,0.5,0.012365199996565934,4,aware-pipeline,amplitude_damping
LDPC,1000,6%,0.05739568345323741,0.05669064748201439,59,500,0.5,True,True,False,0.5,0.04510469999877387,22,uniform,amplitude_damping
LDPC,1000,6%,0.05739568345323741,0.05669064748201439,59,500,0.5,True,True,False,0.5,0.0211873000007472,9,aware-same-rate,amplitude_damping
LDPC,1000,6%,0.05739568345323741,0.05669064748201439,59,500,0.5,True,True,False,0.5,0.0206475999984832,9,aware-pipeline,amplitude_damping
LDPC,1000,10%,0.09964028776978417,0.09654676258992806,0,600,0.6,False,False,False,0.0,0.2923932999983663,120,uniform,amplitude_damping
LDPC,1000,10%,0.09964028776978417,0.09654676258992806,0,600,0.6,True,True,False,0.4,0.17409709999992629,66,aware-same-rate,amplitude_damping
LDPC,1000,10%,0.09964028776978417,0.09654676258992806,0,600,0.6,True,True,False,0.4,0.1779649000018253,66,aware-pipeline,amplitude_damping
LDPC,1000,10%,0.09964028776978417,0.09654676258992806,1,600,0.6,False,False,False,0.0,0.30536519999805023,120,uniform,amplitude_damping
LDPC,1000,10%,0.09964028776978417,0.09654676258992806,1,600,0.6,True,True,False,0.4,0.045923100002255524,16,aware-same-rate,amplitude_damping
LDPC,1000,10%,0.09964028776978417,0.09654676258992806,1,600,0.6,True,True,False,0.4,0.04629930000010063,16,aware-pipeline,amplitude_damping
LDPC,1000,10%,0.09964028776978417,0.09654676258992806,2,600,0.6,True,True,False,0.4,0.07432019999760087,31,uniform,amplitude_damping
LDPC,1000,10%,0.09964028776978417,0.09654676258992806,2,600,0.6,True,True,False,0.4,0.08864489999905345,33,aware-same-rate,amplitude_damping
LDPC,1000,10%,0.09964028776978417,0.09654676258992806,2,600,0.6,True,True,False,0.4,0.08995359999971697,33,aware-pipeline,amplitude_damping
LDPC,1000,10%,0.09964028776978417,0.09654676258992806,3,600,0.6,True,True,False,0.4,0.044991099999606377,13,uniform,amplitude_damping
LDPC,1000,10%,0.09964028776978417,0.09654676258992806,3,600,0.6,True,True,False,0.4,0.037814999999682186,11,aware-same-rate,amplitude_damping
LDPC,1000,10%,0.09964028776978417,0.09654676258992806,3,600,0.6,True,True,False,0.4,0.03461329999845475,11,aware-pipeline,amplitude_damping
LDPC,1000,10%,0.09964028776978417,0.09654676258992806,4,600,0.6,True,True,False,0.4,0.04233419999945909,13,uniform,amplitude_damping
LDPC,1000,10%,0.09964028776978417,0.09654676258992806,4,600,0.6,True,True,False,0.4,0.03390360000048531,11,aware-same-rate,amplitude_damping
LDPC,1000,10%,0.09964028776978417,0.09654676258992806,4,600,0.6,True,True,False,0.4,0.03320460000031744,11,aware-pipeline,amplitude_damping
LDPC,1000,10%,0.09964028776978417,0.09654676258992806,5,600,0.6,True,True,False,0.4,0.05210359999909997,16,uniform,amplitude_damping
LDPC,1000,10%,0.09964028776978417,0.09654676258992806,5,600,0.6,True,True,False,0.4,0.038318700000672834,15,aware-same-rate,amplitude_damping
LDPC,1000,10%,0.09964028776978417,0.09654676258992806,5,600,0.6,True,True,False,0.4,0.044495899997855304,15,aware-pipeline,amplitude_damping
LDPC,1000,10%,0.09964028776978417,0.09654676258992806,6,600,0.6,True,True,False,0.4,0.031911499998386716,11,uniform,amplitude_damping
LDPC,1000,10%,0.09964028776978417,0.09654676258992806,6,600,0.6,True,True,False,0.4,0.035937599997851066,11,aware-same-rate,amplitude_damping
LDPC,1000,10%,0.09964028776978417,0.09654676258992806,6,600,0.6,True,True,False,0.4,0.03562430000238237,11,aware-pipeline,amplitude_damping
LDPC,1000,10%,0.09964028776978417,0.09654676258992806,7,600,0.6,True,True,False,0.4,0.05649199999970733,19,uniform,amplitude_damping
LDPC,1000,10%,0.09964028776978417,0.09654676258992806,7,600,0.6,True,True,False,0.4,0.042973300001904136,14,aware-same-rate,amplitude_damping
LDPC,1000,10%,0.09964028776978417,0.09654676258992806,7,600,0.6,True,True,False,0.4,0.03926380000120844,14,aware-pipeline,amplitude_damping
LDPC,1000,10%,0.09964028776978417,0.09654676258992806,8,600,0.6,False,False,False,0.0,0.2699096999967878,120,uniform,amplitude_damping
LDPC,1000,10%,0.09964028776978417,0.09654676258992806,8,600,0.6,True,True,False,0.4,0.17031990000032238,71,aware-same-rate,amplitude_damping
LDPC,1000,10%,0.09964028776978417,0.09654676258992806,8,600,0.6,True,True,False,0.4,0.16344069999831845,71,aware-pipeline,amplitude_damping
LDPC,1000,10%,0.09964028776978417,0.09654676258992806,9,600,0.6,True,True,False,0.4,0.039218499998241896,16,uniform,amplitude_damping
LDPC,1000,10%,0.09964028776978417,0.09654676258992806,9,600,0.6,True,True,False,0.4,0.030147500001476146,11,aware-same-rate,amplitude_damping
LDPC,1000,10%,0.09964028776978417,0.09654676258992806,9,600,0.6,True,True,False,0.4,0.029405599998426624,11,aware-pipeline,amplitude_damping
LDPC,1000,10%,0.09964028776978417,0.09654676258992806,10,600,0.6,True,True,False,0.4,0.02263930000117398,8,uniform,amplitude_damping
LDPC,1000,10%,0.09964028776978417,0.09654676258992806,10,600,0.6,True,True,False,0.4,0.02746079999997164,8,aware-same-rate,amplitude_damping
LDPC,1000,10%,0.09964028776978417,0.09654676258992806,10,600,0.6,True,True,False,0.4,0.024132900001859525,8,aware-pipeline,amplitude_damping
LDPC,1000,10%,0.09964028776978417,0.09654676258992806,11,600,0.6,True,True,False,0.4,0.035038099998928374,10,uniform,amplitude_damping
LDPC,1000,10%,0.09964028776978417,0.09654676258992806,11,600,0.6,True,True,False,0.4,0.030075299997406546,8,aware-same-rate,amplitude_damping
LDPC,1000,10%,0.09964028776978417,0.09654676258992806,11,600,0.6,True,True,False,0.4,0.025604599999496713,8,aware-pipeline,amplitude_damping
LDPC,1000,10%,0.09964028776978417,0.09654676258992806,12,600,0.6,True,True,False,0.4,0.06584279999879072,24,uniform,amplitude_damping
LDPC,1000,10%,0.09964028776978417,0.09654676258992806,12,600,0.6,True,True,False,0.4,0.04286180000053719,15,aware-same-rate,amplitude_damping
LDPC,1000,10%,0.09964028776978417,0.09654676258992806,12,600,0.6,True,True,False,0.4,0.04546880000270903,15,aware-pipeline,amplitude_damping
LDPC,1000,10%,0.09964028776978417,0.09654676258992806,13,600,0.6,False,False,False,0.0,0.29200020000280347,120,uniform,amplitude_damping
LDPC,1000,10%,0.09964028776978417,0.09654676258992806,13,600,0.6,True,True,False,0.4,0.08152440000048955,29,aware-same-rate,amplitude_damping
LDPC,1000,10%,0.09964028776978417,0.09654676258992806,13,600,0.6,True,True,False,0.4,0.08260209999934887,29,aware-pipeline,amplitude_damping
LDPC,1000,10%,0.09964028776978417,0.09654676258992806,14,600,0.6,True,True,False,0.4,0.031640599998354446,7,uniform,amplitude_damping
LDPC,1000,10%,0.09964028776978417,0.09654676258992806,14,600,0.6,True,True,False,0.4,0.031417800000781426,8,aware-same-rate,amplitude_damping
LDPC,1000,10%,0.09964028776978417,0.09654676258992806,14,600,0.6,True,True,False,0.4,0.028870300000562565,8,aware-pipeline,amplitude_damping
LDPC,1000,10%,0.09964028776978417,0.09654676258992806,15,600,0.6,False,False,False,0.0,0.3089423000019451,120,uniform,amplitude_damping
LDPC,1000,10%,0.09964028776978417,0.09654676258992806,15,600,0.6,True,True,False,0.4,0.07792909999989206,29,aware-same-rate,amplitude_damping
LDPC,1000,10%,0.09964028776978417,0.09654676258992806,15,600,0.6,True,True,False,0.4,0.07279489999928046,29,aware-pipeline,amplitude_damping
LDPC,1000,10%,0.09964028776978417,0.09654676258992806,16,600,0.6,True,True,False,0.4,0.05527119999896968,21,uniform,amplitude_damping
LDPC,1000,10%,0.09964028776978417,0.09654676258992806,16,600,0.6,True,True,False,0.4,0.03323570000065956,13,aware-same-rate,amplitude_damping
LDPC,1000,10%,0.09964028776978417,0.09654676258992806,16,600,0.6,True,True,False,0.4,0.037283199999365024,13,aware-pipeline,amplitude_damping
LDPC,1000,10%,0.09964028776978417,0.09654676258992806,17,600,0.6,True,True,False,0.4,0.03211400000145659,11,uniform,amplitude_damping
LDPC,1000,10%,0.09964028776978417,0.09654676258992806,17,600,0.6,True,True,False,0.4,0.034321400002227165,13,aware-same-rate,amplitude_damping
LDPC,1000,10%,0.09964028776978417,0.09654676258992806,17,600,0.6,True,True,False,0.4,0.03676459999769577,13,aware-pipeline,amplitude_damping
LDPC,1000,10%,0.09964028776978417,0.09654676258992806,18,600,0.6,True,True,False,0.4,0.0859206000022823,34,uniform,amplitude_damping
LDPC,1000,10%,0.09964028776978417,0.09654676258992806,18,600,0.6,True,True,False,0.4,0.0425150000010035,11,aware-same-rate,amplitude_damping
LDPC,1000,10%,0.09964028776978417,0.09654676258992806,18,600,0.6,True,True,False,0.4,0.03492910000204574,11,aware-pipeline,amplitude_damping
LDPC,1000,10%,0.09964028776978417,0.09654676258992806,19,600,0.6,True,True,False,0.4,0.043021900000894675,14,uniform,amplitude_damping
LDPC,1000,10%,0.09964028776978417,0.09654676258992806,19,600,0.6,True,True,False,0.4,0.039322700002230704,14,aware-same-rate,amplitude_damping
LDPC,1000,10%,0.09964028776978417,0.09654676258992806,19,600,0.6,True,True,False,0.4,0.03741559999980382,14,aware-pipeline,amplitude_damping
LDPC,1000,10%,0.09964028776978417,0.09654676258992806,20,600,0.6,True,True,False,0.4,0.03500979999807896,11,uniform,amplitude_damping
LDPC,1000,10%,0.09964028776978417,0.09654676258992806,20,600,0.6,True,True,False,0.4,0.03132660000119358,11,aware-same-rate,amplitude_damping
LDPC,1000,10%,0.09964028776978417,0.09654676258992806,20,600,0.6,True,True,False,0.4,0.03207090000069002,11,aware-pipeline,amplitude_damping
LDPC,1000,10%,0.09964028776978417,0.09654676258992806,21,600,0.6,True,True,False,0.4,0.028294799998548115,9,uniform,amplitude_damping
LDPC,1000,10%,0.09964028776978417,0.09654676258992806,21,600,0.6,True,True,False,0.4,0.022734099999070168,7,aware-same-rate,amplitude_damping
LDPC,1000,10%,0.09964028776978417,0.09654676258992806,21,600,0.6,True,True,False,0.4,0.024982399998407345,7,aware-pipeline,amplitude_damping
LDPC,1000,10%,0.09964028776978417,0.09654676258992806,22,600,0.6,True,True,False,0.4,0.03293599999960861,11,uniform,amplitude_damping
LDPC,1000,10%,0.09964028776978417,0.09654676258992806,22,600,0.6,True,True,False,0.4,0.03308579999793437,11,aware-same-rate,amplitude_damping
LDPC,1000,10%,0.09964028776978417,0.09654676258992806,22,600,0.6,True,True,False,0.4,0.03178309999930207,11,aware-pipeline,amplitude_damping
LDPC,1000,10%,0.09964028776978417,0.09654676258992806,23,600,0.6,True,True,False,0.4,0.036430800002563046,13,uniform,amplitude_damping
LDPC,1000,10%,0.09964028776978417,0.09654676258992806,23,600,0.6,True,True,False,0.4,0.030878400000801776,10,aware-same-rate,amplitude_damping
LDPC,1000,10%,0.09964028776978417,0.09654676258992806,23,600,0.6,True,True,False,0.4,0.02999649999765097,10,aware-pipeline,amplitude_damping
LDPC,1000,10%,0.09964028776978417,0.09654676258992806,24,600,0.6,True,True,False,0.4,0.034614300002431264,12,uniform,amplitude_damping
LDPC,1000,10%,0.09964028776978417,0.09654676258992806,24,600,0.6,True,True,False,0.4,0.035296499998366926,12,aware-same-rate,amplitude_damping
LDPC,1000,10%,0.09964028776978417,0.09654676258992806,24,600,0.6,True,True,False,0.4,0.03660650000165333,12,aware-pipeline,amplitude_damping
LDPC,1000,10%,0.09964028776978417,0.09654676258992806,25,600,0.6,True,True,False,0.4,0.05972800000017742,25,uniform,amplitude_damping
LDPC,1000,10%,0.09964028776978417,0.09654676258992806,25,600,0.6,True,True,False,0.4,0.0819095999977435,34,aware-same-rate,amplitude_damping
LDPC,1000,10%,0.09964028776978417,0.09654676258992806,25,600,0.6,True,True,False,0.4,0.08732310000050347,34,aware-pipeline,amplitude_damping
LDPC,1000,10%,0.09964028776978417,0.09654676258992806,26,600,0.6,True,True,False,0.4,0.03164509999987786,10,uniform,amplitude_damping
LDPC,1000,10%,0.09964028776978417,0.09654676258992806,26,600,0.6,True,True,False,0.4,0.033056200001738034,11,aware-same-rate,amplitude_damping
LDPC,1000,10%,0.09964028776978417,0.09654676258992806,26,600,0.6,True,True,False,0.4,0.03089940000063507,11,aware-pipeline,amplitude_damping
LDPC,1000,10%,0.09964028776978417,0.09654676258992806,27,600,0.6,True,True,False,0.4,0.021930599999905098,8,uniform,amplitude_damping
LDPC,1000,10%,0.09964028776978417,0.09654676258992806,27,600,0.6,True,True,False,0.4,0.01914540000143461,6,aware-same-rate,amplitude_damping
LDPC,1000,10%,0.09964028776978417,0.09654676258992806,27,600,0.6,True,True,False,0.4,0.017863500001112698,6,aware-pipeline,amplitude_damping
LDPC,1000,10%,0.09964028776978417,0.09654676258992806,28,600,0.6,True,True,False,0.4,0.03105909999794676,10,uniform,amplitude_damping
LDPC,1000,10%,0.09964028776978417,0.09654676258992806,28,600,0.6,True,True,False,0.4,0.03103679999912856,9,aware-same-rate,amplitude_damping
LDPC,1000,10%,0.09964028776978417,0.09654676258992806,28,600,0.6,True,True,False,0.4,0.02843129999746452,9,aware-pipeline,amplitude_damping
LDPC,1000,10%,0.09964028776978417,0.09654676258992806,29,600,0.6,True,True,False,0.4,0.03892370000176015,13,uniform,amplitude_damping
LDPC,1000,10%,0.09964028776978417,0.09654676258992806,29,600,0.6,True,True,False,0.4,0.03900249999787775,14,aware-same-rate,amplitude_damping
LDPC,1000,10%,0.09964028776978417,0.09654676258992806,29,600,0.6,True,True,False,0.4,0.03636709999773302,14,aware-pipeline,amplitude_damping
LDPC,1000,10%,0.09964028776978417,0.09654676258992806,30,600,0.6,True,True,False,0.4,0.034982200002559694,13,uniform,amplitude_damping
LDPC,1000,10%,0.09964028776978417,0.09654676258992806,30,600,0.6,True,True,False,0.4,0.03315130000191857,13,aware-same-rate,amplitude_damping
LDPC,1000,10%,0.09964028776978417,0.09654676258992806,30,600,0.6,True,True,False,0.4,0.032743799998570466,13,aware-pipeline,amplitude_damping
LDPC,1000,10%,0.09964028776978417,0.09654676258992806,31,600,0.6,True,True,False,0.4,0.0492895999996108,15,uniform,amplitude_damping
LDPC,1000,10%,0.09964028776978417,0.09654676258992806,31,600,0.6,True,True,False,0.4,0.0407322999999451,14,aware-same-rate,amplitude_damping
LDPC,1000,10%,0.09964028776978417,0.09654676258992806,31,600,0.6,True,True,False,0.4,0.05046320000110427,14,aware-pipeline,amplitude_damping
LDPC,1000,10%,0.09964028776978417,0.09654676258992806,32,600,0.6,True,True,False,0.4,0.031045799998537404,10,uniform,amplitude_damping
LDPC,1000,10%,0.09964028776978417,0.09654676258992806,32,600,0.6,True,True,False,0.4,0.029690600000321865,9,aware-same-rate,amplitude_damping
LDPC,1000,10%,0.09964028776978417,0.09654676258992806,32,600,0.6,True,True,False,0.4,0.030196600000635954,9,aware-pipeline,amplitude_damping
LDPC,1000,10%,0.09964028776978417,0.09654676258992806,33,600,0.6,True,True,False,0.4,0.06814889999805018,26,uniform,amplitude_damping
LDPC,1000,10%,0.09964028776978417,0.09654676258992806,33,600,0.6,True,True,False,0.4,0.04572720000214758,17,aware-same-rate,amplitude_damping
LDPC,1000,10%,0.09964028776978417,0.09654676258992806,33,600,0.6,True,True,False,0.4,0.04270589999941876,17,aware-pipeline,amplitude_damping
LDPC,1000,10%,0.09964028776978417,0.09654676258992806,34,600,0.6,True,True,False,0.4,0.13283290000254055,53,uniform,amplitude_damping
LDPC,1000,10%,0.09964028776978417,0.09654676258992806,34,600,0.6,True,True,False,0.4,0.04184410000016214,15,aware-same-rate,amplitude_damping
LDPC,1000,10%,0.09964028776978417,0.09654676258992806,34,600,0.6,True,True,False,0.4,0.03898689999914495,15,aware-pipeline,amplitude_damping
LDPC,1000,10%,0.09964028776978417,0.09654676258992806,35,600,0.6,True,True,False,0.4,0.025979099998949096,8,uniform,amplitude_damping
LDPC,1000,10%,0.09964028776978417,0.09654676258992806,35,600,0.6,True,True,False,0.4,0.023576100000354927,8,aware-same-rate,amplitude_damping
LDPC,1000,10%,0.09964028776978417,0.09654676258992806,35,600,0.6,True,True,False,0.4,0.027042099998652702,8,aware-pipeline,amplitude_damping
LDPC,1000,10%,0.09964028776978417,0.09654676258992806,36,600,0.6,True,True,False,0.4,0.03250589999879594,13,uniform,amplitude_damping
LDPC,1000,10%,0.09964028776978417,0.09654676258992806,36,600,0.6,True,True,False,0.4,0.03250870000192663,12,aware-same-rate,amplitude_damping
LDPC,1000,10%,0.09964028776978417,0.09654676258992806,36,600,0.6,True,True,False,0.4,0.033188900000823196,12,aware-pipeline,amplitude_damping
LDPC,1000,10%,0.09964028776978417,0.09654676258992806,37,600,0.6,True,True,False,0.4,0.03728930000215769,14,uniform,amplitude_damping
LDPC,1000,10%,0.09964028776978417,0.09654676258992806,37,600,0.6,True,True,False,0.4,0.03015169999707723,10,aware-same-rate,amplitude_damping
LDPC,1000,10%,0.09964028776978417,0.09654676258992806,37,600,0.6,True,True,False,0.4,0.030737999997654697,10,aware-pipeline,amplitude_damping
LDPC,1000,10%,0.09964028776978417,0.09654676258992806,38,600,0.6,True,True,False,0.4,0.035829199998261174,13,uniform,amplitude_damping
LDPC,1000,10%,0.09964028776978417,0.09654676258992806,38,600,0.6,True,True,False,0.4,0.03583410000283038,13,aware-same-rate,amplitude_damping
LDPC,1000,10%,0.09964028776978417,0.09654676258992806,38,600,0.6,True,True,False,0.4,0.036760099999810336,13,aware-pipeline,amplitude_damping
LDPC,1000,10%,0.09964028776978417,0.09654676258992806,39,600,0.6,False,False,False,0.0,0.28276479999840376,120,uniform,amplitude_damping
LDPC,1000,10%,0.09964028776978417,0.09654676258992806,39,600,0.6,True,True,False,0.4,0.04709530000036466,15,aware-same-rate,amplitude_damping
LDPC,1000,10%,0.09964028776978417,0.09654676258992806,39,600,0.6,True,True,False,0.4,0.04092839999793796,15,aware-pipeline,amplitude_damping
LDPC,1000,10%,0.09964028776978417,0.09654676258992806,40,600,0.6,True,True,False,0.4,0.08536549999917042,33,uniform,amplitude_damping
LDPC,1000,10%,0.09964028776978417,0.09654676258992806,40,600,0.6,True,True,False,0.4,0.14347629999974743,54,aware-same-rate,amplitude_damping
LDPC,1000,10%,0.09964028776978417,0.09654676258992806,40,600,0.6,True,True,False,0.4,0.147521399998368,54,aware-pipeline,amplitude_damping
LDPC,1000,10%,0.09964028776978417,0.09654676258992806,41,600,0.6,True,True,False,0.4,0.059670000002370216,19,uniform,amplitude_damping
LDPC,1000,10%,0.09964028776978417,0.09654676258992806,41,600,0.6,True,True,False,0.4,0.04984890000196174,14,aware-same-rate,amplitude_damping
LDPC,1000,10%,0.09964028776978417,0.09654676258992806,41,600,0.6,True,True,False,0.4,0.04726850000224658,14,aware-pipeline,amplitude_damping
LDPC,1000,10%,0.09964028776978417,0.09654676258992806,42,600,0.6,True,True,False,0.4,0.061478100000385894,18,uniform,amplitude_damping
LDPC,1000,10%,0.09964028776978417,0.09654676258992806,42,600,0.6,True,True,False,0.4,0.055010799998854054,16,aware-same-rate,amplitude_damping
LDPC,1000,10%,0.09964028776978417,0.09654676258992806,42,600,0.6,True,True,False,0.4,0.05134859999816399,16,aware-pipeline,amplitude_damping
LDPC,1000,10%,0.09964028776978417,0.09654676258992806,43,600,0.6,True,True,False,0.4,0.054318400001648115,16,uniform,amplitude_damping
LDPC,1000,10%,0.09964028776978417,0.09654676258992806,43,600,0.6,True,True,False,0.4,0.03765019999991637,10,aware-same-rate,amplitude_damping
LDPC,1000,10%,0.09964028776978417,0.09654676258992806,43,600,0.6,True,True,False,0.4,0.03822020000006887,10,aware-pipeline,amplitude_damping
LDPC,1000,10%,0.09964028776978417,0.09654676258992806,44,600,0.6,False,False,False,0.0,0.3632445999974152,120,uniform,amplitude_damping
LDPC,1000,10%,0.09964028776978417,0.09654676258992806,44,600,0.6,False,False,False,0.0,0.3535026999998081,120,aware-same-rate,amplitude_damping
LDPC,1000,10%,0.09964028776978417,0.09654676258992806,44,600,0.6,False,False,False,0.0,0.34443979999923613,120,aware-pipeline,amplitude_damping
LDPC,1000,10%,0.09964028776978417,0.09654676258992806,45,600,0.6,False,False,False,0.0,0.3168839999998454,120,uniform,amplitude_damping
LDPC,1000,10%,0.09964028776978417,0.09654676258992806,45,600,0.6,True,True,False,0.4,0.06801139999879524,22,aware-same-rate,amplitude_damping
LDPC,1000,10%,0.09964028776978417,0.09654676258992806,45,600,0.6,True,True,False,0.4,0.06261599999925238,22,aware-pipeline,amplitude_damping
LDPC,1000,10%,0.09964028776978417,0.09654676258992806,46,600,0.6,True,True,False,0.4,0.07339820000197506,28,uniform,amplitude_damping
LDPC,1000,10%,0.09964028776978417,0.09654676258992806,46,600,0.6,True,True,False,0.4,0.05648609999843757,20,aware-same-rate,amplitude_damping
LDPC,1000,10%,0.09964028776978417,0.09654676258992806,46,600,0.6,True,True,False,0.4,0.0545538000005763,20,aware-pipeline,amplitude_damping
LDPC,1000,10%,0.09964028776978417,0.09654676258992806,47,600,0.6,True,True,False,0.4,0.04299729999911506,16,uniform,amplitude_damping
LDPC,1000,10%,0.09964028776978417,0.09654676258992806,47,600,0.6,True,True,False,0.4,0.030141200000798563,11,aware-same-rate,amplitude_damping
LDPC,1000,10%,0.09964028776978417,0.09654676258992806,47,600,0.6,True,True,False,0.4,0.032693299999664305,11,aware-pipeline,amplitude_damping
LDPC,1000,10%,0.09964028776978417,0.09654676258992806,48,600,0.6,False,False,False,0.0,0.28001769999900716,120,uniform,amplitude_damping
LDPC,1000,10%,0.09964028776978417,0.09654676258992806,48,600,0.6,True,True,False,0.4,0.056701200002862606,23,aware-same-rate,amplitude_damping
LDPC,1000,10%,0.09964028776978417,0.09654676258992806,48,600,0.6,True,True,False,0.4,0.056331700001464924,23,aware-pipeline,amplitude_damping
LDPC,1000,10%,0.09964028776978417,0.09654676258992806,49,600,0.6,True,True,False,0.4,0.030290700000477955,9,uniform,amplitude_damping
LDPC,1000,10%,0.09964028776978417,0.09654676258992806,49,600,0.6,True,True,False,0.4,0.030176499996741768,10,aware-same-rate,amplitude_damping
LDPC,1000,10%,0.09964028776978417,0.09654676258992806,49,600,0.6,True,True,False,0.4,0.030056100000365404,10,aware-pipeline,amplitude_damping
LDPC,1000,10%,0.09964028776978417,0.09654676258992806,50,600,0.6,True,True,False,0.4,0.08967000000120606,36,uniform,amplitude_damping
LDPC,1000,10%,0.09964028776978417,0.09654676258992806,50,600,0.6,True,True,False,0.4,0.04989650000061374,16,aware-same-rate,amplitude_damping
LDPC,1000,10%,0.09964028776978417,0.09654676258992806,50,600,0.6,True,True,False,0.4,0.05025759999989532,16,aware-pipeline,amplitude_damping
LDPC,1000,10%,0.09964028776978417,0.09654676258992806,51,600,0.6,True,True,False,0.4,0.041843499999231426,13,uniform,amplitude_damping
LDPC,1000,10%,0.09964028776978417,0.09654676258992806,51,600,0.6,True,True,False,0.4,0.03798309999910998,13,aware-same-rate,amplitude_damping
LDPC,1000,10%,0.09964028776978417,0.09654676258992806,51,600,0.6,True,True,False,0.4,0.04196899999806192,13,aware-pipeline,amplitude_damping
LDPC,1000,10%,0.09964028776978417,0.09654676258992806,52,600,0.6,True,True,False,0.4,0.021835200001078192,6,uniform,amplitude_damping
LDPC,1000,10%,0.09964028776978417,0.09654676258992806,52,600,0.6,True,True,False,0.4,0.022985799998423317,7,aware-same-rate,amplitude_damping
LDPC,1000,10%,0.09964028776978417,0.09654676258992806,52,600,0.6,True,True,False,0.4,0.02560760000051232,7,aware-pipeline,amplitude_damping
LDPC,1000,10%,0.09964028776978417,0.09654676258992806,53,600,0.6,True,True,False,0.4,0.0684213999993517,25,uniform,amplitude_damping
LDPC,1000,10%,0.09964028776978417,0.09654676258992806,53,600,0.6,True,True,False,0.4,0.036230300000170246,13,aware-same-rate,amplitude_damping
LDPC,1000,10%,0.09964028776978417,0.09654676258992806,53,600,0.6,True,True,False,0.4,0.03618550000101095,13,aware-pipeline,amplitude_damping
LDPC,1000,10%,0.09964028776978417,0.09654676258992806,54,600,0.6,True,True,False,0.4,0.252589400002762,109,uniform,amplitude_damping
LDPC,1000,10%,0.09964028776978417,0.09654676258992806,54,600,0.6,True,True,False,0.4,0.029172699996706797,11,aware-same-rate,amplitude_damping
LDPC,1000,10%,0.09964028776978417,0.09654676258992806,54,600,0.6,True,True,False,0.4,0.030752599999686936,11,aware-pipeline,amplitude_damping
LDPC,1000,10%,0.09964028776978417,0.09654676258992806,55,600,0.6,True,True,False,0.4,0.029310500001884066,10,uniform,amplitude_damping
LDPC,1000,10%,0.09964028776978417,0.09654676258992806,55,600,0.6,True,True,False,0.4,0.027730800000426825,9,aware-same-rate,amplitude_damping
LDPC,1000,10%,0.09964028776978417,0.09654676258992806,55,600,0.6,True,True,False,0.4,0.024461799999698997,9,aware-pipeline,amplitude_damping
LDPC,1000,10%,0.09964028776978417,0.09654676258992806,56,600,0.6,False,False,False,0.0,0.2623385999977472,120,uniform,amplitude_damping
LDPC,1000,10%,0.09964028776978417,0.09654676258992806,56,600,0.6,True,True,False,0.4,0.040399500001512934,15,aware-same-rate,amplitude_damping
LDPC,1000,10%,0.09964028776978417,0.09654676258992806,56,600,0.6,True,True,False,0.4,0.0416590000022552,15,aware-pipeline,amplitude_damping
LDPC,1000,10%,0.09964028776978417,0.09654676258992806,57,600,0.6,True,True,False,0.4,0.13247279999995953,56,uniform,amplitude_damping
LDPC,1000,10%,0.09964028776978417,0.09654676258992806,57,600,0.6,True,True,False,0.4,0.04276200000094832,17,aware-same-rate,amplitude_damping
LDPC,1000,10%,0.09964028776978417,0.09654676258992806,57,600,0.6,True,True,False,0.4,0.04237920000014128,17,aware-pipeline,amplitude_damping
LDPC,1000,10%,0.09964028776978417,0.09654676258992806,58,600,0.6,True,True,False,0.4,0.030620400000771042,12,uniform,amplitude_damping
LDPC,1000,10%,0.09964028776978417,0.09654676258992806,58,600,0.6,True,True,False,0.4,0.036854999998467974,14,aware-same-rate,amplitude_damping
LDPC,1000,10%,0.09964028776978417,0.09654676258992806,58,600,0.6,True,True,False,0.4,0.03637130000061006,14,aware-pipeline,amplitude_damping
LDPC,1000,10%,0.09964028776978417,0.09654676258992806,59,600,0.6,True,True,False,0.4,0.026269400001183385,8,uniform,amplitude_damping
LDPC,1000,10%,0.09964028776978417,0.09654676258992806,59,600,0.6,True,True,False,0.4,0.030465300002106233,10,aware-same-rate,amplitude_damping
LDPC,1000,10%,0.09964028776978417,0.09654676258992806,59,600,0.6,True,True,False,0.4,0.028164400002424372,10,aware-pipeline,amplitude_damping
LDPC,1000,6%,0.06119424460431655,0.06057553956834533,0,500,0.5,True,True,False,0.5,0.015443899999809219,6,uniform,phase_damping
LDPC,1000,6%,0.06119424460431655,0.06057553956834533,0,500,0.5,True,True,False,0.5,0.012621500001841923,4,aware-same-rate,phase_damping
LDPC,1000,6%,0.06119424460431655,0.06057553956834533,0,500,0.5,True,True,False,0.5,0.011016600001312327,4,aware-pipeline,phase_damping
LDPC,1000,6%,0.06119424460431655,0.06057553956834533,1,500,0.5,True,True,False,0.5,0.015613600000506267,7,uniform,phase_damping
LDPC,1000,6%,0.06119424460431655,0.06057553956834533,1,500,0.5,True,True,False,0.5,0.011719699999957811,4,aware-same-rate,phase_damping
LDPC,1000,6%,0.06119424460431655,0.06057553956834533,1,500,0.5,True,True,False,0.5,0.012743100000079721,4,aware-pipeline,phase_damping
LDPC,1000,6%,0.06119424460431655,0.06057553956834533,2,500,0.5,True,True,False,0.5,0.014520900000206893,6,uniform,phase_damping
LDPC,1000,6%,0.06119424460431655,0.06057553956834533,2,500,0.5,True,True,False,0.5,0.008733300001040334,3,aware-same-rate,phase_damping
LDPC,1000,6%,0.06119424460431655,0.06057553956834533,2,500,0.5,True,True,False,0.5,0.009813000000576722,3,aware-pipeline,phase_damping
LDPC,1000,6%,0.06119424460431655,0.06057553956834533,3,500,0.5,True,True,False,0.5,0.024752299999818206,11,uniform,phase_damping
LDPC,1000,6%,0.06119424460431655,0.06057553956834533,3,500,0.5,True,True,False,0.5,0.013546999998652609,6,aware-same-rate,phase_damping
LDPC,1000,6%,0.06119424460431655,0.06057553956834533,3,500,0.5,True,True,False,0.5,0.016422400000010384,6,aware-pipeline,phase_damping
LDPC,1000,6%,0.06119424460431655,0.06057553956834533,4,500,0.5,True,True,False,0.5,0.023068000002240296,10,uniform,phase_damping
LDPC,1000,6%,0.06119424460431655,0.06057553956834533,4,500,0.5,True,True,False,0.5,0.01081759999942733,4,aware-same-rate,phase_damping
LDPC,1000,6%,0.06119424460431655,0.06057553956834533,4,500,0.5,True,True,False,0.5,0.011835199999040924,4,aware-pipeline,phase_damping
LDPC,1000,6%,0.06119424460431655,0.06057553956834533,5,500,0.5,True,True,False,0.5,0.015077300002303673,5,uniform,phase_damping
LDPC,1000,6%,0.06119424460431655,0.06057553956834533,5,500,0.5,True,True,False,0.5,0.013555599998653634,4,aware-same-rate,phase_damping
LDPC,1000,6%,0.06119424460431655,0.06057553956834533,5,500,0.5,True,True,False,0.5,0.013547800001106225,4,aware-pipeline,phase_damping
LDPC,1000,6%,0.06119424460431655,0.06057553956834533,6,500,0.5,True,True,False,0.5,0.01670659999945201,6,uniform,phase_damping
LDPC,1000,6%,0.06119424460431655,0.06057553956834533,6,500,0.5,True,True,False,0.5,0.010600099998555379,4,aware-same-rate,phase_damping
LDPC,1000,6%,0.06119424460431655,0.06057553956834533,6,500,0.5,True,True,False,0.5,0.0105732000010903,4,aware-pipeline,phase_damping
LDPC,1000,6%,0.06119424460431655,0.06057553956834533,7,500,0.5,True,True,False,0.5,0.018871300002501812,8,uniform,phase_damping
LDPC,1000,6%,0.06119424460431655,0.06057553956834533,7,500,0.5,True,True,False,0.5,0.012424799999280367,4,aware-same-rate,phase_damping
LDPC,1000,6%,0.06119424460431655,0.06057553956834533,7,500,0.5,True,True,False,0.5,0.013034499999776017,4,aware-pipeline,phase_damping
LDPC,1000,6%,0.06119424460431655,0.06057553956834533,8,500,0.5,True,True,False,0.5,0.01622499999939464,7,uniform,phase_damping
LDPC,1000,6%,0.06119424460431655,0.06057553956834533,8,500,0.5,True,True,False,0.5,0.009997900000598747,4,aware-same-rate,phase_damping
LDPC,1000,6%,0.06119424460431655,0.06057553956834533,8,500,0.5,True,True,False,0.5,0.01048869999794988,4,aware-pipeline,phase_damping
LDPC,1000,6%,0.06119424460431655,0.06057553956834533,9,500,0.5,True,True,False,0.5,0.016056299999036128,7,uniform,phase_damping
LDPC,1000,6%,0.06119424460431655,0.06057553956834533,9,500,0.5,True,True,False,0.5,0.012423000000126194,4,aware-same-rate,phase_damping
LDPC,1000,6%,0.06119424460431655,0.06057553956834533,9,500,0.5,True,True,False,0.5,0.009776899998541921,4,aware-pipeline,phase_damping
LDPC,1000,6%,0.06119424460431655,0.06057553956834533,10,500,0.5,True,True,False,0.5,0.020736399997986155,9,uniform,phase_damping
LDPC,1000,6%,0.06119424460431655,0.06057553956834533,10,500,0.5,True,True,False,0.5,0.010773599999083672,5,aware-same-rate,phase_damping
LDPC,1000,6%,0.06119424460431655,0.06057553956834533,10,500,0.5,True,True,False,0.5,0.01257370000166702,5,aware-pipeline,phase_damping
LDPC,1000,6%,0.06119424460431655,0.06057553956834533,11,500,0.5,True,True,False,0.5,0.012611099999048747,5,uniform,phase_damping
LDPC,1000,6%,0.06119424460431655,0.06057553956834533,11,500,0.5,True,True,False,0.5,0.011551600000530016,4,aware-same-rate,phase_damping
LDPC,1000,6%,0.06119424460431655,0.06057553956834533,11,500,0.5,True,True,False,0.5,0.009475499999098247,4,aware-pipeline,phase_damping
LDPC,1000,6%,0.06119424460431655,0.06057553956834533,12,500,0.5,True,True,False,0.5,0.01810450000266428,8,uniform,phase_damping
LDPC,1000,6%,0.06119424460431655,0.06057553956834533,12,500,0.5,True,True,False,0.5,0.011066299997764872,4,aware-same-rate,phase_damping
LDPC,1000,6%,0.06119424460431655,0.06057553956834533,12,500,0.5,True,True,False,0.5,0.011183399998117238,4,aware-pipeline,phase_damping
LDPC,1000,6%,0.06119424460431655,0.06057553956834533,13,500,0.5,True,True,False,0.5,0.02040579999811598,11,uniform,phase_damping
LDPC,1000,6%,0.06119424460431655,0.06057553956834533,13,500,0.5,True,True,False,0.5,0.01576779999959399,7,aware-same-rate,phase_damping
LDPC,1000,6%,0.06119424460431655,0.06057553956834533,13,500,0.5,True,True,False,0.5,0.016512399997736793,7,aware-pipeline,phase_damping
LDPC,1000,6%,0.06119424460431655,0.06057553956834533,14,500,0.5,True,True,False,0.5,0.01734029999715858,7,uniform,phase_damping
LDPC,1000,6%,0.06119424460431655,0.06057553956834533,14,500,0.5,True,True,False,0.5,0.015125800000532763,5,aware-same-rate,phase_damping
LDPC,1000,6%,0.06119424460431655,0.06057553956834533,14,500,0.5,True,True,False,0.5,0.012239600000611972,5,aware-pipeline,phase_damping
LDPC,1000,6%,0.06119424460431655,0.06057553956834533,15,500,0.5,True,True,False,0.5,0.01630479999948875,7,uniform,phase_damping
LDPC,1000,6%,0.06119424460431655,0.06057553956834533,15,500,0.5,True,True,False,0.5,0.010913300000538584,5,aware-same-rate,phase_damping
LDPC,1000,6%,0.06119424460431655,0.06057553956834533,15,500,0.5,True,True,False,0.5,0.014249899999413174,5,aware-pipeline,phase_damping
LDPC,1000,6%,0.06119424460431655,0.06057553956834533,16,500,0.5,True,True,False,0.5,0.015273500001057982,6,uniform,phase_damping
LDPC,1000,6%,0.06119424460431655,0.06057553956834533,16,500,0.5,True,True,False,0.5,0.013750400001299568,4,aware-same-rate,phase_damping
LDPC,1000,6%,0.06119424460431655,0.06057553956834533,16,500,0.5,True,True,False,0.5,0.014433299998927396,4,aware-pipeline,phase_damping
LDPC,1000,6%,0.06119424460431655,0.06057553956834533,17,500,0.5,True,True,False,0.5,0.015572700001939666,6,uniform,phase_damping
LDPC,1000,6%,0.06119424460431655,0.06057553956834533,17,500,0.5,True,True,False,0.5,0.016739500002586283,6,aware-same-rate,phase_damping
LDPC,1000,6%,0.06119424460431655,0.06057553956834533,17,500,0.5,True,True,False,0.5,0.014929499997379025,6,aware-pipeline,phase_damping
LDPC,1000,6%,0.06119424460431655,0.06057553956834533,18,500,0.5,True,True,False,0.5,0.016451199997391086,6,uniform,phase_damping
LDPC,1000,6%,0.06119424460431655,0.06057553956834533,18,500,0.5,True,True,False,0.5,0.010262499999953434,4,aware-same-rate,phase_damping
LDPC,1000,6%,0.06119424460431655,0.06057553956834533,18,500,0.5,True,True,False,0.5,0.012136999997892417,4,aware-pipeline,phase_damping
LDPC,1000,6%,0.06119424460431655,0.06057553956834533,19,500,0.5,True,True,False,0.5,0.01647679999950924,5,uniform,phase_damping
LDPC,1000,6%,0.06119424460431655,0.06057553956834533,19,500,0.5,True,True,False,0.5,0.013780500001303153,4,aware-same-rate,phase_damping
LDPC,1000,6%,0.06119424460431655,0.06057553956834533,19,500,0.5,True,True,False,0.5,0.012589399997523287,4,aware-pipeline,phase_damping
LDPC,1000,6%,0.06119424460431655,0.06057553956834533,20,500,0.5,True,True,False,0.5,0.019117100000585197,8,uniform,phase_damping
LDPC,1000,6%,0.06119424460431655,0.06057553956834533,20,500,0.5,True,True,False,0.5,0.01470799999879091,5,aware-same-rate,phase_damping
LDPC,1000,6%,0.06119424460431655,0.06057553956834533,20,500,0.5,True,True,False,0.5,0.012870599999587284,5,aware-pipeline,phase_damping
LDPC,1000,6%,0.06119424460431655,0.06057553956834533,21,500,0.5,True,True,False,0.5,0.01994869999907678,9,uniform,phase_damping
LDPC,1000,6%,0.06119424460431655,0.06057553956834533,21,500,0.5,True,True,False,0.5,0.013206999999965774,5,aware-same-rate,phase_damping
LDPC,1000,6%,0.06119424460431655,0.06057553956834533,21,500,0.5,True,True,False,0.5,0.011384000001271488,5,aware-pipeline,phase_damping
LDPC,1000,6%,0.06119424460431655,0.06057553956834533,22,500,0.5,True,True,False,0.5,0.013627500000438886,6,uniform,phase_damping
LDPC,1000,6%,0.06119424460431655,0.06057553956834533,22,500,0.5,True,True,False,0.5,0.013265699999465141,4,aware-same-rate,phase_damping
LDPC,1000,6%,0.06119424460431655,0.06057553956834533,22,500,0.5,True,True,False,0.5,0.012832500000513392,4,aware-pipeline,phase_damping
LDPC,1000,6%,0.06119424460431655,0.06057553956834533,23,500,0.5,True,True,False,0.5,0.017045799999323208,7,uniform,phase_damping
LDPC,1000,6%,0.06119424460431655,0.06057553956834533,23,500,0.5,True,True,False,0.5,0.016630199999781325,5,aware-same-rate,phase_damping
LDPC,1000,6%,0.06119424460431655,0.06057553956834533,23,500,0.5,True,True,False,0.5,0.016538699997909134,5,aware-pipeline,phase_damping
LDPC,1000,6%,0.06119424460431655,0.06057553956834533,24,500,0.5,True,True,False,0.5,0.015892200000962475,5,uniform,phase_damping
LDPC,1000,6%,0.06119424460431655,0.06057553956834533,24,500,0.5,True,True,False,0.5,0.009961399999156129,3,aware-same-rate,phase_damping
LDPC,1000,6%,0.06119424460431655,0.06057553956834533,24,500,0.5,True,True,False,0.5,0.009882699996524025,3,aware-pipeline,phase_damping
LDPC,1000,6%,0.06119424460431655,0.06057553956834533,25,500,0.5,True,True,False,0.5,0.017779999998310814,6,uniform,phase_damping
LDPC,1000,6%,0.06119424460431655,0.06057553956834533,25,500,0.5,True,True,False,0.5,0.013927800002420554,4,aware-same-rate,phase_damping
LDPC,1000,6%,0.06119424460431655,0.06057553956834533,25,500,0.5,True,True,False,0.5,0.013885899999877438,4,aware-pipeline,phase_damping
LDPC,1000,6%,0.06119424460431655,0.06057553956834533,26,500,0.5,True,True,False,0.5,0.021352600000682287,9,uniform,phase_damping
LDPC,1000,6%,0.06119424460431655,0.06057553956834533,26,500,0.5,True,True,False,0.5,0.01596340000105556,5,aware-same-rate,phase_damping
LDPC,1000,6%,0.06119424460431655,0.06057553956834533,26,500,0.5,True,True,False,0.5,0.015152999996644212,5,aware-pipeline,phase_damping
LDPC,1000,6%,0.06119424460431655,0.06057553956834533,27,500,0.5,True,True,False,0.5,0.015345699997851625,6,uniform,phase_damping
LDPC,1000,6%,0.06119424460431655,0.06057553956834533,27,500,0.5,True,True,False,0.5,0.012263499997061444,4,aware-same-rate,phase_damping
LDPC,1000,6%,0.06119424460431655,0.06057553956834533,27,500,0.5,True,True,False,0.5,0.010589100002107443,4,aware-pipeline,phase_damping
LDPC,1000,6%,0.06119424460431655,0.06057553956834533,28,500,0.5,True,True,False,0.5,0.031018199999380158,15,uniform,phase_damping
LDPC,1000,6%,0.06119424460431655,0.06057553956834533,28,500,0.5,True,True,False,0.5,0.015170700000453508,6,aware-same-rate,phase_damping
LDPC,1000,6%,0.06119424460431655,0.06057553956834533,28,500,0.5,True,True,False,0.5,0.015210300000035204,6,aware-pipeline,phase_damping
LDPC,1000,6%,0.06119424460431655,0.06057553956834533,29,500,0.5,True,True,False,0.5,0.015512600002693944,6,uniform,phase_damping
LDPC,1000,6%,0.06119424460431655,0.06057553956834533,29,500,0.5,True,True,False,0.5,0.011740400001144735,3,aware-same-rate,phase_damping
LDPC,1000,6%,0.06119424460431655,0.06057553956834533,29,500,0.5,True,True,False,0.5,0.01002130000051693,3,aware-pipeline,phase_damping
LDPC,1000,6%,0.06119424460431655,0.06057553956834533,30,500,0.5,True,True,False,0.5,0.02366549999715062,10,uniform,phase_damping
LDPC,1000,6%,0.06119424460431655,0.06057553956834533,30,500,0.5,True,True,False,0.5,0.013205200000811601,4,aware-same-rate,phase_damping
LDPC,1000,6%,0.06119424460431655,0.06057553956834533,30,500,0.5,True,True,False,0.5,0.0113452999976289,4,aware-pipeline,phase_damping
LDPC,1000,6%,0.06119424460431655,0.06057553956834533,31,500,0.5,True,True,False,0.5,0.012788299998646835,5,uniform,phase_damping
LDPC,1000,6%,0.06119424460431655,0.06057553956834533,31,500,0.5,True,True,False,0.5,0.012751199999911478,4,aware-same-rate,phase_damping
LDPC,1000,6%,0.06119424460431655,0.06057553956834533,31,500,0.5,True,True,False,0.5,0.012045499999658205,4,aware-pipeline,phase_damping
LDPC,1000,6%,0.06119424460431655,0.06057553956834533,32,500,0.5,True,True,False,0.5,0.04404219999923953,24,uniform,phase_damping
LDPC,1000,6%,0.06119424460431655,0.06057553956834533,32,500,0.5,True,True,False,0.5,0.01421420000042417,6,aware-same-rate,phase_damping
LDPC,1000,6%,0.06119424460431655,0.06057553956834533,32,500,0.5,True,True,False,0.5,0.01628820000041742,6,aware-pipeline,phase_damping
LDPC,1000,6%,0.06119424460431655,0.06057553956834533,33,500,0.5,True,True,False,0.5,0.020573599998897407,10,uniform,phase_damping
LDPC,1000,6%,0.06119424460431655,0.06057553956834533,33,500,0.5,True,True,False,0.5,0.011646999999356922,5,aware-same-rate,phase_damping
LDPC,1000,6%,0.06119424460431655,0.06057553956834533,33,500,0.5,True,True,False,0.5,0.013062000001809793,5,aware-pipeline,phase_damping
LDPC,1000,6%,0.06119424460431655,0.06057553956834533,34,500,0.5,True,True,False,0.5,0.01771089999965625,8,uniform,phase_damping
LDPC,1000,6%,0.06119424460431655,0.06057553956834533,34,500,0.5,True,True,False,0.5,0.01321490000191261,5,aware-same-rate,phase_damping
LDPC,1000,6%,0.06119424460431655,0.06057553956834533,34,500,0.5,True,True,False,0.5,0.013503500002116198,5,aware-pipeline,phase_damping
LDPC,1000,6%,0.06119424460431655,0.06057553956834533,35,500,0.5,True,True,False,0.5,0.01627799999914714,7,uniform,phase_damping
LDPC,1000,6%,0.06119424460431655,0.06057553956834533,35,500,0.5,True,True,False,0.5,0.009539700000459561,4,aware-same-rate,phase_damping
LDPC,1000,6%,0.06119424460431655,0.06057553956834533,35,500,0.5,True,True,False,0.5,0.012018400000670226,4,aware-pipeline,phase_damping
LDPC,1000,6%,0.06119424460431655,0.06057553956834533,36,500,0.5,True,True,False,0.5,0.016649799999868264,7,uniform,phase_damping
LDPC,1000,6%,0.06119424460431655,0.06057553956834533,36,500,0.5,True,True,False,0.5,0.01303149999876041,5,aware-same-rate,phase_damping
LDPC,1000,6%,0.06119424460431655,0.06057553956834533,36,500,0.5,True,True,False,0.5,0.013778699998511001,5,aware-pipeline,phase_damping
LDPC,1000,6%,0.06119424460431655,0.06057553956834533,37,500,0.5,True,True,False,0.5,0.016935100000409875,8,uniform,phase_damping
LDPC,1000,6%,0.06119424460431655,0.06057553956834533,37,500,0.5,True,True,False,0.5,0.013670399999682559,6,aware-same-rate,phase_damping
LDPC,1000,6%,0.06119424460431655,0.06057553956834533,37,500,0.5,True,True,False,0.5,0.012257300000783289,6,aware-pipeline,phase_damping
LDPC,1000,6%,0.06119424460431655,0.06057553956834533,38,500,0.5,True,True,False,0.5,0.017157099999167258,8,uniform,phase_damping
LDPC,1000,6%,0.06119424460431655,0.06057553956834533,38,500,0.5,True,True,False,0.5,0.012539299998024944,5,aware-same-rate,phase_damping
LDPC,1000,6%,0.06119424460431655,0.06057553956834533,38,500,0.5,True,True,False,0.5,0.01418040000135079,5,aware-pipeline,phase_damping
LDPC,1000,6%,0.06119424460431655,0.06057553956834533,39,500,0.5,True,True,False,0.5,0.05884700000024168,33,uniform,phase_damping
LDPC,1000,6%,0.06119424460431655,0.06057553956834533,39,500,0.5,True,True,False,0.5,0.010929200001555728,5,aware-same-rate,phase_damping
LDPC,1000,6%,0.06119424460431655,0.06057553956834533,39,500,0.5,True,True,False,0.5,0.012725200002023485,5,aware-pipeline,phase_damping
LDPC,1000,6%,0.06119424460431655,0.06057553956834533,40,500,0.5,True,True,False,0.5,0.014786600000661565,6,uniform,phase_damping
LDPC,1000,6%,0.06119424460431655,0.06057553956834533,40,500,0.5,True,True,False,0.5,0.010046500003227266,3,aware-same-rate,phase_damping
LDPC,1000,6%,0.06119424460431655,0.06057553956834533,40,500,0.5,True,True,False,0.5,0.008406900000409223,3,aware-pipeline,phase_damping
LDPC,1000,6%,0.06119424460431655,0.06057553956834533,41,500,0.5,True,True,False,0.5,0.022516299999551848,10,uniform,phase_damping
LDPC,1000,6%,0.06119424460431655,0.06057553956834533,41,500,0.5,True,True,False,0.5,0.012764999999490101,5,aware-same-rate,phase_damping
LDPC,1000,6%,0.06119424460431655,0.06057553956834533,41,500,0.5,True,True,False,0.5,0.012444799998775125,5,aware-pipeline,phase_damping
LDPC,1000,6%,0.06119424460431655,0.06057553956834533,42,500,0.5,True,True,False,0.5,0.026503500001126667,13,uniform,phase_damping
LDPC,1000,6%,0.06119424460431655,0.06057553956834533,42,500,0.5,True,True,False,0.5,0.01442020000104094,7,aware-same-rate,phase_damping
LDPC,1000,6%,0.06119424460431655,0.06057553956834533,42,500,0.5,True,True,False,0.5,0.017530100001749815,7,aware-pipeline,phase_damping
LDPC,1000,6%,0.06119424460431655,0.06057553956834533,43,500,0.5,True,True,False,0.5,0.10155529999974533,55,uniform,phase_damping
LDPC,1000,6%,0.06119424460431655,0.06057553956834533,43,500,0.5,True,True,False,0.5,0.015408600000228034,6,aware-same-rate,phase_damping
LDPC,1000,6%,0.06119424460431655,0.06057553956834533,43,500,0.5,True,True,False,0.5,0.013734399999520974,6,aware-pipeline,phase_damping
LDPC,1000,6%,0.06119424460431655,0.06057553956834533,44,500,0.5,True,True,False,0.5,0.012653300000238232,6,uniform,phase_damping
LDPC,1000,6%,0.06119424460431655,0.06057553956834533,44,500,0.5,True,True,False,0.5,0.011672200002067257,4,aware-same-rate,phase_damping
LDPC,1000,6%,0.06119424460431655,0.06057553956834533,44,500,0.5,True,True,False,0.5,0.012677899998379871,4,aware-pipeline,phase_damping
LDPC,1000,6%,0.06119424460431655,0.06057553956834533,45,500,0.5,True,True,False,0.5,0.023595599999680417,10,uniform,phase_damping
LDPC,1000,6%,0.06119424460431655,0.06057553956834533,45,500,0.5,True,True,False,0.5,0.014904999999998836,6,aware-same-rate,phase_damping
LDPC,1000,6%,0.06119424460431655,0.06057553956834533,45,500,0.5,True,True,False,0.5,0.013984299999719951,6,aware-pipeline,phase_damping
LDPC,1000,6%,0.06119424460431655,0.06057553956834533,46,500,0.5,True,True,False,0.5,0.06229370000073686,34,uniform,phase_damping
LDPC,1000,6%,0.06119424460431655,0.06057553956834533,46,500,0.5,True,True,False,0.5,0.0148168000014266,6,aware-same-rate,phase_damping
LDPC,1000,6%,0.06119424460431655,0.06057553956834533,46,500,0.5,True,True,False,0.5,0.015447499998117564,6,aware-pipeline,phase_damping
LDPC,1000,6%,0.06119424460431655,0.06057553956834533,47,500,0.5,True,True,False,0.5,0.03557350000119186,20,uniform,phase_damping
LDPC,1000,6%,0.06119424460431655,0.06057553956834533,47,500,0.5,True,True,False,0.5,0.013992799998959526,6,aware-same-rate,phase_damping
LDPC,1000,6%,0.06119424460431655,0.06057553956834533,47,500,0.5,True,True,False,0.5,0.012564799999381648,6,aware-pipeline,phase_damping
LDPC,1000,6%,0.06119424460431655,0.06057553956834533,48,500,0.5,True,True,False,0.5,0.011788400002842536,5,uniform,phase_damping
LDPC,1000,6%,0.06119424460431655,0.06057553956834533,48,500,0.5,True,True,False,0.5,0.010963000000629108,4,aware-same-rate,phase_damping
LDPC,1000,6%,0.06119424460431655,0.06057553956834533,48,500,0.5,True,True,False,0.5,0.010017799999332055,4,aware-pipeline,phase_damping
LDPC,1000,6%,0.06119424460431655,0.06057553956834533,49,500,0.5,True,True,False,0.5,0.028113100001064595,17,uniform,phase_damping
LDPC,1000,6%,0.06119424460431655,0.06057553956834533,49,500,0.5,True,True,False,0.5,0.01367700000264449,6,aware-same-rate,phase_damping
LDPC,1000,6%,0.06119424460431655,0.06057553956834533,49,500,0.5,True,True,False,0.5,0.013358600001083687,6,aware-pipeline,phase_damping
LDPC,1000,6%,0.06119424460431655,0.06057553956834533,50,500,0.5,True,True,False,0.5,0.01861800000187941,10,uniform,phase_damping
LDPC,1000,6%,0.06119424460431655,0.06057553956834533,50,500,0.5,True,True,False,0.5,0.012746700002026046,5,aware-same-rate,phase_damping
LDPC,1000,6%,0.06119424460431655,0.06057553956834533,50,500,0.5,True,True,False,0.5,0.011406300000089686,5,aware-pipeline,phase_damping
LDPC,1000,6%,0.06119424460431655,0.06057553956834533,51,500,0.5,True,True,False,0.5,0.02500499999950989,14,uniform,phase_damping
LDPC,1000,6%,0.06119424460431655,0.06057553956834533,51,500,0.5,True,True,False,0.5,0.014157800000248244,6,aware-same-rate,phase_damping
LDPC,1000,6%,0.06119424460431655,0.06057553956834533,51,500,0.5,True,True,False,0.5,0.013703200002055382,6,aware-pipeline,phase_damping
LDPC,1000,6%,0.06119424460431655,0.06057553956834533,52,500,0.5,True,True,False,0.5,0.0194746999986819,10,uniform,phase_damping
LDPC,1000,6%,0.06119424460431655,0.06057553956834533,52,500,0.5,True,True,False,0.5,0.013164899999537738,5,aware-same-rate,phase_damping
LDPC,1000,6%,0.06119424460431655,0.06057553956834533,52,500,0.5,True,True,False,0.5,0.010591099999146536,5,aware-pipeline,phase_damping
LDPC,1000,6%,0.06119424460431655,0.06057553956834533,53,500,0.5,True,True,False,0.5,0.0221772000004421,11,uniform,phase_damping
LDPC,1000,6%,0.06119424460431655,0.06057553956834533,53,500,0.5,True,True,False,0.5,0.01416330000211019,5,aware-same-rate,phase_damping
LDPC,1000,6%,0.06119424460431655,0.06057553956834533,53,500,0.5,True,True,False,0.5,0.01168840000173077,5,aware-pipeline,phase_damping
LDPC,1000,6%,0.06119424460431655,0.06057553956834533,54,500,0.5,True,True,False,0.5,0.01661019999664859,7,uniform,phase_damping
LDPC,1000,6%,0.06119424460431655,0.06057553956834533,54,500,0.5,True,True,False,0.5,0.0126005999991321,4,aware-same-rate,phase_damping
LDPC,1000,6%,0.06119424460431655,0.06057553956834533,54,500,0.5,True,True,False,0.5,0.013380299998971168,4,aware-pipeline,phase_damping
LDPC,1000,6%,0.06119424460431655,0.06057553956834533,55,500,0.5,True,True,False,0.5,0.0223364000012225,11,uniform,phase_damping
LDPC,1000,6%,0.06119424460431655,0.06057553956834533,55,500,0.5,True,True,False,0.5,0.013704500001040287,5,aware-same-rate,phase_damping
LDPC,1000,6%,0.06119424460431655,0.06057553956834533,55,500,0.5,True,True,False,0.5,0.01552339999761898,5,aware-pipeline,phase_damping
LDPC,1000,6%,0.06119424460431655,0.06057553956834533,56,500,0.5,True,True,False,0.5,0.015198499997495674,6,uniform,phase_damping
LDPC,1000,6%,0.06119424460431655,0.06057553956834533,56,500,0.5,True,True,False,0.5,0.012732900002447423,4,aware-same-rate,phase_damping
LDPC,1000,6%,0.06119424460431655,0.06057553956834533,56,500,0.5,True,True,False,0.5,0.009627999999793246,4,aware-pipeline,phase_damping
LDPC,1000,6%,0.06119424460431655,0.06057553956834533,57,500,0.5,True,True,False,0.5,0.016400399999838555,8,uniform,phase_damping
LDPC,1000,6%,0.06119424460431655,0.06057553956834533,57,500,0.5,True,True,False,0.5,0.011816099999123253,4,aware-same-rate,phase_damping
LDPC,1000,6%,0.06119424460431655,0.06057553956834533,57,500,0.5,True,True,False,0.5,0.01209020000169403,4,aware-pipeline,phase_damping
LDPC,1000,6%,0.06119424460431655,0.06057553956834533,58,500,0.5,True,True,False,0.5,0.020094600000447826,10,uniform,phase_damping
LDPC,1000,6%,0.06119424460431655,0.06057553956834533,58,500,0.5,True,True,False,0.5,0.016599400001723552,6,aware-same-rate,phase_damping
LDPC,1000,6%,0.06119424460431655,0.06057553956834533,58,500,0.5,True,True,False,0.5,0.014089600001170766,6,aware-pipeline,phase_damping
LDPC,1000,6%,0.06119424460431655,0.06057553956834533,59,500,0.5,True,True,False,0.5,0.041710600002261344,22,uniform,phase_damping
LDPC,1000,6%,0.06119424460431655,0.06057553956834533,59,500,0.5,True,True,False,0.5,0.013427699999738252,5,aware-same-rate,phase_damping
LDPC,1000,6%,0.06119424460431655,0.06057553956834533,59,500,0.5,True,True,False,0.5,0.012763599999743747,5,aware-pipeline,phase_damping
LDPC,1000,10%,0.10043165467625899,0.09899280575539568,0,600,0.6,True,True,False,0.4,0.022430299999541603,10,uniform,phase_damping
LDPC,1000,10%,0.10043165467625899,0.09899280575539568,0,600,0.6,True,True,False,0.4,0.013859700000466546,5,aware-same-rate,phase_damping
LDPC,1000,10%,0.10043165467625899,0.09899280575539568,0,600,0.6,True,True,False,0.4,0.014480800000455929,5,aware-pipeline,phase_damping
LDPC,1000,10%,0.10043165467625899,0.09899280575539568,1,600,0.6,True,True,False,0.4,0.03228390000003856,14,uniform,phase_damping
LDPC,1000,10%,0.10043165467625899,0.09899280575539568,1,600,0.6,True,True,False,0.4,0.015771599999425234,6,aware-same-rate,phase_damping
LDPC,1000,10%,0.10043165467625899,0.09899280575539568,1,600,0.6,True,True,False,0.4,0.01573899999857531,6,aware-pipeline,phase_damping
LDPC,1000,10%,0.10043165467625899,0.09899280575539568,2,600,0.6,True,True,False,0.4,0.030162999999447493,14,uniform,phase_damping
LDPC,1000,10%,0.10043165467625899,0.09899280575539568,2,600,0.6,True,True,False,0.4,0.011356599999999162,4,aware-same-rate,phase_damping
LDPC,1000,10%,0.10043165467625899,0.09899280575539568,2,600,0.6,True,True,False,0.4,0.012962800003151642,4,aware-pipeline,phase_damping
LDPC,1000,10%,0.10043165467625899,0.09899280575539568,3,600,0.6,True,True,False,0.4,0.02669429999878048,12,uniform,phase_damping
LDPC,1000,10%,0.10043165467625899,0.09899280575539568,3,600,0.6,True,True,False,0.4,0.013080199998512398,5,aware-same-rate,phase_damping
LDPC,1000,10%,0.10043165467625899,0.09899280575539568,3,600,0.6,True,True,False,0.4,0.012857499998062849,5,aware-pipeline,phase_damping
LDPC,1000,10%,0.10043165467625899,0.09899280575539568,4,600,0.6,True,True,False,0.4,0.0197089999965101,8,uniform,phase_damping
LDPC,1000,10%,0.10043165467625899,0.09899280575539568,4,600,0.6,True,True,False,0.4,0.012639900000067428,5,aware-same-rate,phase_damping
LDPC,1000,10%,0.10043165467625899,0.09899280575539568,4,600,0.6,True,True,False,0.4,0.013652400000864873,5,aware-pipeline,phase_damping
LDPC,1000,10%,0.10043165467625899,0.09899280575539568,5,600,0.6,True,True,False,0.4,0.031534199999441626,15,uniform,phase_damping
LDPC,1000,10%,0.10043165467625899,0.09899280575539568,5,600,0.6,True,True,False,0.4,0.013026900000113528,5,aware-same-rate,phase_damping
LDPC,1000,10%,0.10043165467625899,0.09899280575539568,5,600,0.6,True,True,False,0.4,0.013698600003408501,5,aware-pipeline,phase_damping
LDPC,1000,10%,0.10043165467625899,0.09899280575539568,6,600,0.6,False,False,False,0.0,0.20062870000037947,120,uniform,phase_damping
LDPC,1000,10%,0.10043165467625899,0.09899280575539568,6,600,0.6,True,True,False,0.4,0.018012099997577025,7,aware-same-rate,phase_damping
LDPC,1000,10%,0.10043165467625899,0.09899280575539568,6,600,0.6,True,True,False,0.4,0.017806300002121134,7,aware-pipeline,phase_damping
LDPC,1000,10%,0.10043165467625899,0.09899280575539568,7,600,0.6,True,True,False,0.4,0.025782699998671887,13,uniform,phase_damping
LDPC,1000,10%,0.10043165467625899,0.09899280575539568,7,600,0.6,True,True,False,0.4,0.013020900001720292,5,aware-same-rate,phase_damping
LDPC,1000,10%,0.10043165467625899,0.09899280575539568,7,600,0.6,True,True,False,0.4,0.014297199999418808,5,aware-pipeline,phase_damping
LDPC,1000,10%,0.10043165467625899,0.09899280575539568,8,600,0.6,True,True,False,0.4,0.03491039999789791,19,uniform,phase_damping
LDPC,1000,10%,0.10043165467625899,0.09899280575539568,8,600,0.6,True,True,False,0.4,0.014931300000171177,6,aware-same-rate,phase_damping
LDPC,1000,10%,0.10043165467625899,0.09899280575539568,8,600,0.6,True,True,False,0.4,0.014914999999746215,6,aware-pipeline,phase_damping
LDPC,1000,10%,0.10043165467625899,0.09899280575539568,9,600,0.6,True,True,False,0.4,0.02484080000067479,12,uniform,phase_damping
LDPC,1000,10%,0.10043165467625899,0.09899280575539568,9,600,0.6,True,True,False,0.4,0.014238399999157991,6,aware-same-rate,phase_damping
LDPC,1000,10%,0.10043165467625899,0.09899280575539568,9,600,0.6,True,True,False,0.4,0.014678600000479491,6,aware-pipeline,phase_damping
LDPC,1000,10%,0.10043165467625899,0.09899280575539568,10,600,0.6,False,False,False,0.0,0.19523879999906057,120,uniform,phase_damping
LDPC,1000,10%,0.10043165467625899,0.09899280575539568,10,600,0.6,True,True,False,0.4,0.021354099997552112,10,aware-same-rate,phase_damping
LDPC,1000,10%,0.10043165467625899,0.09899280575539568,10,600,0.6,True,True,False,0.4,0.022625300000072457,10,aware-pipeline,phase_damping
LDPC,1000,10%,0.10043165467625899,0.09899280575539568,11,600,0.6,True,True,False,0.4,0.02187960000082967,11,uniform,phase_damping
LDPC,1000,10%,0.10043165467625899,0.09899280575539568,11,600,0.6,True,True,False,0.4,0.014054300001589581,5,aware-same-rate,phase_damping
LDPC,1000,10%,0.10043165467625899,0.09899280575539568,11,600,0.6,True,True,False,0.4,0.013770000001386506,5,aware-pipeline,phase_damping
LDPC,1000,10%,0.10043165467625899,0.09899280575539568,12,600,0.6,True,True,False,0.4,0.019914000000426313,8,uniform,phase_damping
LDPC,1000,10%,0.10043165467625899,0.09899280575539568,12,600,0.6,True,True,False,0.4,0.013509100001101615,4,aware-same-rate,phase_damping
LDPC,1000,10%,0.10043165467625899,0.09899280575539568,12,600,0.6,True,True,False,0.4,0.012153900002886076,4,aware-pipeline,phase_damping
LDPC,1000,10%,0.10043165467625899,0.09899280575539568,13,600,0.6,True,True,False,0.4,0.06106849999923725,35,uniform,phase_damping
LDPC,1000,10%,0.10043165467625899,0.09899280575539568,13,600,0.6,True,True,False,0.4,0.01557400000092457,6,aware-same-rate,phase_damping
LDPC,1000,10%,0.10043165467625899,0.09899280575539568,13,600,0.6,True,True,False,0.4,0.018152600001485553,6,aware-pipeline,phase_damping
LDPC,1000,10%,0.10043165467625899,0.09899280575539568,14,600,0.6,True,True,False,0.4,0.025591800000256626,13,uniform,phase_damping
LDPC,1000,10%,0.10043165467625899,0.09899280575539568,14,600,0.6,True,True,False,0.4,0.014982599997892976,6,aware-same-rate,phase_damping
LDPC,1000,10%,0.10043165467625899,0.09899280575539568,14,600,0.6,True,True,False,0.4,0.014614999996410916,6,aware-pipeline,phase_damping
LDPC,1000,10%,0.10043165467625899,0.09899280575539568,15,600,0.6,True,True,False,0.4,0.017658400000073016,8,uniform,phase_damping
LDPC,1000,10%,0.10043165467625899,0.09899280575539568,15,600,0.6,True,True,False,0.4,0.011038600001484156,4,aware-same-rate,phase_damping
LDPC,1000,10%,0.10043165467625899,0.09899280575539568,15,600,0.6,True,True,False,0.4,0.011432899998908397,4,aware-pipeline,phase_damping
LDPC,1000,10%,0.10043165467625899,0.09899280575539568,16,600,0.6,True,True,False,0.4,0.03375149999919813,18,uniform,phase_damping
LDPC,1000,10%,0.10043165467625899,0.09899280575539568,16,600,0.6,True,True,False,0.4,0.020465800000238232,7,aware-same-rate,phase_damping
LDPC,1000,10%,0.10043165467625899,0.09899280575539568,16,600,0.6,True,True,False,0.4,0.01808819999860134,7,aware-pipeline,phase_damping
LDPC,1000,10%,0.10043165467625899,0.09899280575539568,17,600,0.6,True,True,False,0.4,0.029008699999394594,14,uniform,phase_damping
LDPC,1000,10%,0.10043165467625899,0.09899280575539568,17,600,0.6,True,True,False,0.4,0.015866000001551583,6,aware-same-rate,phase_damping
LDPC,1000,10%,0.10043165467625899,0.09899280575539568,17,600,0.6,True,True,False,0.4,0.015377299998363014,6,aware-pipeline,phase_damping
LDPC,1000,10%,0.10043165467625899,0.09899280575539568,18,600,0.6,True,True,False,0.4,0.060514900000271155,32,uniform,phase_damping
LDPC,1000,10%,0.10043165467625899,0.09899280575539568,18,600,0.6,True,True,False,0.4,0.014898499997798353,6,aware-same-rate,phase_damping
LDPC,1000,10%,0.10043165467625899,0.09899280575539568,18,600,0.6,True,True,False,0.4,0.015281299998605391,6,aware-pipeline,phase_damping
LDPC,1000,10%,0.10043165467625899,0.09899280575539568,19,600,0.6,True,True,False,0.4,0.037415600003441796,17,uniform,phase_damping
LDPC,1000,10%,0.10043165467625899,0.09899280575539568,19,600,0.6,True,True,False,0.4,0.016454200002044672,6,aware-same-rate,phase_damping
LDPC,1000,10%,0.10043165467625899,0.09899280575539568,19,600,0.6,True,True,False,0.4,0.017240000001038425,6,aware-pipeline,phase_damping
LDPC,1000,10%,0.10043165467625899,0.09899280575539568,20,600,0.6,True,True,False,0.4,0.04108350000024075,19,uniform,phase_damping
LDPC,1000,10%,0.10043165467625899,0.09899280575539568,20,600,0.6,True,True,False,0.4,0.01775429999906919,5,aware-same-rate,phase_damping
LDPC,1000,10%,0.10043165467625899,0.09899280575539568,20,600,0.6,True,True,False,0.4,0.016308500002196524,5,aware-pipeline,phase_damping
LDPC,1000,10%,0.10043165467625899,0.09899280575539568,21,600,0.6,True,True,False,0.4,0.047386700000060955,22,uniform,phase_damping
LDPC,1000,10%,0.10043165467625899,0.09899280575539568,21,600,0.6,True,True,False,0.4,0.015164299999014474,5,aware-same-rate,phase_damping
LDPC,1000,10%,0.10043165467625899,0.09899280575539568,21,600,0.6,True,True,False,0.4,0.016020999999454943,5,aware-pipeline,phase_damping
LDPC,1000,10%,0.10043165467625899,0.09899280575539568,22,600,0.6,True,True,False,0.4,0.049818600000435254,23,uniform,phase_damping
LDPC,1000,10%,0.10043165467625899,0.09899280575539568,22,600,0.6,True,True,False,0.4,0.015542000001005363,5,aware-same-rate,phase_damping
LDPC,1000,10%,0.10043165467625899,0.09899280575539568,22,600,0.6,True,True,False,0.4,0.014718999998876825,5,aware-pipeline,phase_damping
LDPC,1000,10%,0.10043165467625899,0.09899280575539568,23,600,0.6,True,True,False,0.4,0.027532000000064727,12,uniform,phase_damping
LDPC,1000,10%,0.10043165467625899,0.09899280575539568,23,600,0.6,True,True,False,0.4,0.01830809999955818,7,aware-same-rate,phase_damping
LDPC,1000,10%,0.10043165467625899,0.09899280575539568,23,600,0.6,True,True,False,0.4,0.018183699998189695,7,aware-pipeline,phase_damping
LDPC,1000,10%,0.10043165467625899,0.09899280575539568,24,600,0.6,False,False,False,0.0,0.21412899999995716,120,uniform,phase_damping
LDPC,1000,10%,0.10043165467625899,0.09899280575539568,24,600,0.6,True,True,False,0.4,0.016065900003013667,6,aware-same-rate,phase_damping
LDPC,1000,10%,0.10043165467625899,0.09899280575539568,24,600,0.6,True,True,False,0.4,0.017358199998852797,6,aware-pipeline,phase_damping
LDPC,1000,10%,0.10043165467625899,0.09899280575539568,25,600,0.6,True,True,False,0.4,0.019996299997728784,8,uniform,phase_damping
LDPC,1000,10%,0.10043165467625899,0.09899280575539568,25,600,0.6,True,True,False,0.4,0.012006099997961428,4,aware-same-rate,phase_damping
LDPC,1000,10%,0.10043165467625899,0.09899280575539568,25,600,0.6,True,True,False,0.4,0.015294100001483457,4,aware-pipeline,phase_damping
LDPC,1000,10%,0.10043165467625899,0.09899280575539568,26,600,0.6,True,True,False,0.4,0.023776500001986278,10,uniform,phase_damping
LDPC,1000,10%,0.10043165467625899,0.09899280575539568,26,600,0.6,True,True,False,0.4,0.013132299998687813,5,aware-same-rate,phase_damping
LDPC,1000,10%,0.10043165467625899,0.09899280575539568,26,600,0.6,True,True,False,0.4,0.014609799996833317,5,aware-pipeline,phase_damping
LDPC,1000,10%,0.10043165467625899,0.09899280575539568,27,600,0.6,True,True,False,0.4,0.026676299999962794,11,uniform,phase_damping
LDPC,1000,10%,0.10043165467625899,0.09899280575539568,27,600,0.6,True,True,False,0.4,0.015381100001832237,5,aware-same-rate,phase_damping
LDPC,1000,10%,0.10043165467625899,0.09899280575539568,27,600,0.6,True,True,False,0.4,0.014176100001350278,5,aware-pipeline,phase_damping
LDPC,1000,10%,0.10043165467625899,0.09899280575539568,28,600,0.6,False,False,False,0.0,0.20434649999879184,120,uniform,phase_damping
LDPC,1000,10%,0.10043165467625899,0.09899280575539568,28,600,0.6,True,True,False,0.4,0.017593399999896064,7,aware-same-rate,phase_damping
LDPC,1000,10%,0.10043165467625899,0.09899280575539568,28,600,0.6,True,True,False,0.4,0.01718760000221664,7,aware-pipeline,phase_damping
LDPC,1000,10%,0.10043165467625899,0.09899280575539568,29,600,0.6,True,True,False,0.4,0.025744500002474524,12,uniform,phase_damping
LDPC,1000,10%,0.10043165467625899,0.09899280575539568,29,600,0.6,True,True,False,0.4,0.013805200000206241,5,aware-same-rate,phase_damping
LDPC,1000,10%,0.10043165467625899,0.09899280575539568,29,600,0.6,True,True,False,0.4,0.012872300001617987,5,aware-pipeline,phase_damping
LDPC,1000,10%,0.10043165467625899,0.09899280575539568,30,600,0.6,False,False,False,0.0,0.19734660000176518,120,uniform,phase_damping
LDPC,1000,10%,0.10043165467625899,0.09899280575539568,30,600,0.6,True,True,False,0.4,0.01459669999894686,6,aware-same-rate,phase_damping
LDPC,1000,10%,0.10043165467625899,0.09899280575539568,30,600,0.6,True,True,False,0.4,0.014968199997383635,6,aware-pipeline,phase_damping
LDPC,1000,10%,0.10043165467625899,0.09899280575539568,31,600,0.6,True,True,False,0.4,0.03998610000053304,22,uniform,phase_damping
LDPC,1000,10%,0.10043165467625899,0.09899280575539568,31,600,0.6,True,True,False,0.4,0.015037500001199078,6,aware-same-rate,phase_damping
LDPC,1000,10%,0.10043165467625899,0.09899280575539568,31,600,0.6,True,True,False,0.4,0.014958499999920605,6,aware-pipeline,phase_damping
LDPC,1000,10%,0.10043165467625899,0.09899280575539568,32,600,0.6,True,True,False,0.4,0.016618800000287592,7,uniform,phase_damping
LDPC,1000,10%,0.10043165467625899,0.09899280575539568,32,600,0.6,True,True,False,0.4,0.013110700001561781,5,aware-same-rate,phase_damping
LDPC,1000,10%,0.10043165467625899,0.09899280575539568,32,600,0.6,True,True,False,0.4,0.013678899998922134,5,aware-pipeline,phase_damping
LDPC,1000,10%,0.10043165467625899,0.09899280575539568,33,600,0.6,True,True,False,0.4,0.02775599999949918,14,uniform,phase_damping
LDPC,1000,10%,0.10043165467625899,0.09899280575539568,33,600,0.6,True,True,False,0.4,0.01628820000041742,7,aware-same-rate,phase_damping
LDPC,1000,10%,0.10043165467625899,0.09899280575539568,33,600,0.6,True,True,False,0.4,0.017484100000729086,7,aware-pipeline,phase_damping
LDPC,1000,10%,0.10043165467625899,0.09899280575539568,34,600,0.6,True,True,False,0.4,0.026511399999435525,12,uniform,phase_damping
LDPC,1000,10%,0.10043165467625899,0.09899280575539568,34,600,0.6,True,True,False,0.4,0.01631719999932102,6,aware-same-rate,phase_damping
LDPC,1000,10%,0.10043165467625899,0.09899280575539568,34,600,0.6,True,True,False,0.4,0.017244799997570226,6,aware-pipeline,phase_damping
LDPC,1000,10%,0.10043165467625899,0.09899280575539568,35,600,0.6,True,True,False,0.4,0.025161599998682505,10,uniform,phase_damping
LDPC,1000,10%,0.10043165467625899,0.09899280575539568,35,600,0.6,True,True,False,0.4,0.01016180000078748,3,aware-same-rate,phase_damping
LDPC,1000,10%,0.10043165467625899,0.09899280575539568,35,600,0.6,True,True,False,0.4,0.01275530000202707,3,aware-pipeline,phase_damping
LDPC,1000,10%,0.10043165467625899,0.09899280575539568,36,600,0.6,False,False,False,0.0,0.19615730000077747,120,uniform,phase_damping
LDPC,1000,10%,0.10043165467625899,0.09899280575539568,36,600,0.6,True,True,False,0.4,0.015375299997685943,6,aware-same-rate,phase_damping
LDPC,1000,10%,0.10043165467625899,0.09899280575539568,36,600,0.6,True,True,False,0.4,0.01394090000030701,6,aware-pipeline,phase_damping
LDPC,1000,10%,0.10043165467625899,0.09899280575539568,37,600,0.6,False,False,False,0.0,0.1888373000001593,120,uniform,phase_damping
LDPC,1000,10%,0.10043165467625899,0.09899280575539568,37,600,0.6,True,True,False,0.4,0.018026699999609264,8,aware-same-rate,phase_damping
LDPC,1000,10%,0.10043165467625899,0.09899280575539568,37,600,0.6,True,True,False,0.4,0.023430700002791127,8,aware-pipeline,phase_damping
LDPC,1000,10%,0.10043165467625899,0.09899280575539568,38,600,0.6,True,True,False,0.4,0.03530289999980596,17,uniform,phase_damping
LDPC,1000,10%,0.10043165467625899,0.09899280575539568,38,600,0.6,True,True,False,0.4,0.01492080000025453,5,aware-same-rate,phase_damping
LDPC,1000,10%,0.10043165467625899,0.09899280575539568,38,600,0.6,True,True,False,0.4,0.013909199999034172,5,aware-pipeline,phase_damping
LDPC,1000,10%,0.10043165467625899,0.09899280575539568,39,600,0.6,True,True,False,0.4,0.04170059999887599,21,uniform,phase_damping
LDPC,1000,10%,0.10043165467625899,0.09899280575539568,39,600,0.6,True,True,False,0.4,0.013871899998775916,5,aware-same-rate,phase_damping
LDPC,1000,10%,0.10043165467625899,0.09899280575539568,39,600,0.6,True,True,False,0.4,0.01341379999939818,5,aware-pipeline,phase_damping
LDPC,1000,10%,0.10043165467625899,0.09899280575539568,40,600,0.6,True,True,False,0.4,0.02018569999927422,9,uniform,phase_damping
LDPC,1000,10%,0.10043165467625899,0.09899280575539568,40,600,0.6,True,True,False,0.4,0.012311599999520695,4,aware-same-rate,phase_damping
LDPC,1000,10%,0.10043165467625899,0.09899280575539568,40,600,0.6,True,True,False,0.4,0.0132393999992928,4,aware-pipeline,phase_damping
LDPC,1000,10%,0.10043165467625899,0.09899280575539568,41,600,0.6,True,True,False,0.4,0.034916200002044206,15,uniform,phase_damping
LDPC,1000,10%,0.10043165467625899,0.09899280575539568,41,600,0.6,True,True,False,0.4,0.015258399998856476,5,aware-same-rate,phase_damping
LDPC,1000,10%,0.10043165467625899,0.09899280575539568,41,600,0.6,True,True,False,0.4,0.013409800001682015,5,aware-pipeline,phase_damping
LDPC,1000,10%,0.10043165467625899,0.09899280575539568,42,600,0.6,True,True,False,0.4,0.017950999997992767,7,uniform,phase_damping
LDPC,1000,10%,0.10043165467625899,0.09899280575539568,42,600,0.6,True,True,False,0.4,0.010770600001706043,3,aware-same-rate,phase_damping
LDPC,1000,10%,0.10043165467625899,0.09899280575539568,42,600,0.6,True,True,False,0.4,0.012258200000360375,3,aware-pipeline,phase_damping
LDPC,1000,10%,0.10043165467625899,0.09899280575539568,43,600,0.6,True,True,False,0.4,0.02764210000168532,12,uniform,phase_damping
LDPC,1000,10%,0.10043165467625899,0.09899280575539568,43,600,0.6,True,True,False,0.4,0.015034899999591289,5,aware-same-rate,phase_damping
LDPC,1000,10%,0.10043165467625899,0.09899280575539568,43,600,0.6,True,True,False,0.4,0.013275900000735419,5,aware-pipeline,phase_damping
LDPC,1000,10%,0.10043165467625899,0.09899280575539568,44,600,0.6,True,True,False,0.4,0.03762469999855966,18,uniform,phase_damping
LDPC,1000,10%,0.10043165467625899,0.09899280575539568,44,600,0.6,True,True,False,0.4,0.017320200000540353,6,aware-same-rate,phase_damping
LDPC,1000,10%,0.10043165467625899,0.09899280575539568,44,600,0.6,True,True,False,0.4,0.016622700000880286,6,aware-pipeline,phase_damping
LDPC,1000,10%,0.10043165467625899,0.09899280575539568,45,600,0.6,True,True,False,0.4,0.048903499999141786,24,uniform,phase_damping
LDPC,1000,10%,0.10043165467625899,0.09899280575539568,45,600,0.6,True,True,False,0.4,0.01597849999961909,6,aware-same-rate,phase_damping
LDPC,1000,10%,0.10043165467625899,0.09899280575539568,45,600,0.6,True,True,False,0.4,0.01677189999827533,6,aware-pipeline,phase_damping
LDPC,1000,10%,0.10043165467625899,0.09899280575539568,46,600,0.6,True,True,False,0.4,0.02620799999931478,12,uniform,phase_damping
LDPC,1000,10%,0.10043165467625899,0.09899280575539568,46,600,0.6,True,True,False,0.4,0.012739499998133397,4,aware-same-rate,phase_damping
LDPC,1000,10%,0.10043165467625899,0.09899280575539568,46,600,0.6,True,True,False,0.4,0.013271499999973457,4,aware-pipeline,phase_damping
LDPC,1000,10%,0.10043165467625899,0.09899280575539568,47,600,0.6,True,True,False,0.4,0.022913100001460407,10,uniform,phase_damping
LDPC,1000,10%,0.10043165467625899,0.09899280575539568,47,600,0.6,True,True,False,0.4,0.01563680000253953,5,aware-same-rate,phase_damping
LDPC,1000,10%,0.10043165467625899,0.09899280575539568,47,600,0.6,True,True,False,0.4,0.01582839999900898,5,aware-pipeline,phase_damping
LDPC,1000,10%,0.10043165467625899,0.09899280575539568,48,600,0.6,True,True,False,0.4,0.027666299996781163,13,uniform,phase_damping
LDPC,1000,10%,0.10043165467625899,0.09899280575539568,48,600,0.6,True,True,False,0.4,0.013930099998106016,5,aware-same-rate,phase_damping
LDPC,1000,10%,0.10043165467625899,0.09899280575539568,48,600,0.6,True,True,False,0.4,0.014957800001866417,5,aware-pipeline,phase_damping
LDPC,1000,10%,0.10043165467625899,0.09899280575539568,49,600,0.6,True,True,False,0.4,0.027990300000965362,14,uniform,phase_damping
LDPC,1000,10%,0.10043165467625899,0.09899280575539568,49,600,0.6,True,True,False,0.4,0.012377399998513283,4,aware-same-rate,phase_damping
LDPC,1000,10%,0.10043165467625899,0.09899280575539568,49,600,0.6,True,True,False,0.4,0.012125100001867395,4,aware-pipeline,phase_damping
LDPC,1000,10%,0.10043165467625899,0.09899280575539568,50,600,0.6,True,True,False,0.4,0.022265799998422153,11,uniform,phase_damping
LDPC,1000,10%,0.10043165467625899,0.09899280575539568,50,600,0.6,True,True,False,0.4,0.012309199999435805,4,aware-same-rate,phase_damping
LDPC,1000,10%,0.10043165467625899,0.09899280575539568,50,600,0.6,True,True,False,0.4,0.012491199999203673,4,aware-pipeline,phase_damping
LDPC,1000,10%,0.10043165467625899,0.09899280575539568,51,600,0.6,True,True,False,0.4,0.04246659999989788,21,uniform,phase_damping
LDPC,1000,10%,0.10043165467625899,0.09899280575539568,51,600,0.6,True,True,False,0.4,0.013682799999514828,5,aware-same-rate,phase_damping
LDPC,1000,10%,0.10043165467625899,0.09899280575539568,51,600,0.6,True,True,False,0.4,0.015175599997746758,5,aware-pipeline,phase_damping
LDPC,1000,10%,0.10043165467625899,0.09899280575539568,52,600,0.6,True,True,False,0.4,0.021340699997381307,9,uniform,phase_damping
LDPC,1000,10%,0.10043165467625899,0.09899280575539568,52,600,0.6,True,True,False,0.4,0.013157699999283068,5,aware-same-rate,phase_damping
LDPC,1000,10%,0.10043165467625899,0.09899280575539568,52,600,0.6,True,True,False,0.4,0.019017900001927046,5,aware-pipeline,phase_damping
LDPC,1000,10%,0.10043165467625899,0.09899280575539568,53,600,0.6,False,False,False,0.0,0.2065215000002354,120,uniform,phase_damping
LDPC,1000,10%,0.10043165467625899,0.09899280575539568,53,600,0.6,True,True,False,0.4,0.013794400001643226,5,aware-same-rate,phase_damping
LDPC,1000,10%,0.10043165467625899,0.09899280575539568,53,600,0.6,True,True,False,0.4,0.015294599998014746,5,aware-pipeline,phase_damping
LDPC,1000,10%,0.10043165467625899,0.09899280575539568,54,600,0.6,True,True,False,0.4,0.028192300000227988,14,uniform,phase_damping
LDPC,1000,10%,0.10043165467625899,0.09899280575539568,54,600,0.6,True,True,False,0.4,0.015773600000102306,6,aware-same-rate,phase_damping
LDPC,1000,10%,0.10043165467625899,0.09899280575539568,54,600,0.6,True,True,False,0.4,0.016623799998342292,6,aware-pipeline,phase_damping
LDPC,1000,10%,0.10043165467625899,0.09899280575539568,55,600,0.6,True,True,False,0.4,0.024699999998119893,11,uniform,phase_damping
LDPC,1000,10%,0.10043165467625899,0.09899280575539568,55,600,0.6,True,True,False,0.4,0.01410829999804264,5,aware-same-rate,phase_damping
LDPC,1000,10%,0.10043165467625899,0.09899280575539568,55,600,0.6,True,True,False,0.4,0.014943099999072729,5,aware-pipeline,phase_damping
LDPC,1000,10%,0.10043165467625899,0.09899280575539568,56,600,0.6,True,True,False,0.4,0.044246399997064145,23,uniform,phase_damping
LDPC,1000,10%,0.10043165467625899,0.09899280575539568,56,600,0.6,True,True,False,0.4,0.014726299999892944,6,aware-same-rate,phase_damping
LDPC,1000,10%,0.10043165467625899,0.09899280575539568,56,600,0.6,True,True,False,0.4,0.014951900000596652,6,aware-pipeline,phase_damping
LDPC,1000,10%,0.10043165467625899,0.09899280575539568,57,600,0.6,True,True,False,0.4,0.04413420000128099,23,uniform,phase_damping
LDPC,1000,10%,0.10043165467625899,0.09899280575539568,57,600,0.6,True,True,False,0.4,0.015272399999957997,6,aware-same-rate,phase_damping
LDPC,1000,10%,0.10043165467625899,0.09899280575539568,57,600,0.6,True,True,False,0.4,0.01488210000024992,6,aware-pipeline,phase_damping
LDPC,1000,10%,0.10043165467625899,0.09899280575539568,58,600,0.6,True,True,False,0.4,0.03316709999853629,18,uniform,phase_damping
LDPC,1000,10%,0.10043165467625899,0.09899280575539568,58,600,0.6,True,True,False,0.4,0.012484899998526089,5,aware-same-rate,phase_damping
LDPC,1000,10%,0.10043165467625899,0.09899280575539568,58,600,0.6,True,True,False,0.4,0.013194499999372056,5,aware-pipeline,phase_damping
LDPC,1000,10%,0.10043165467625899,0.09899280575539568,59,600,0.6,True,True,False,0.4,0.04275689999849419,23,uniform,phase_damping
LDPC,1000,10%,0.10043165467625899,0.09899280575539568,59,600,0.6,True,True,False,0.4,0.017188699999678647,7,aware-same-rate,phase_damping
LDPC,1000,10%,0.10043165467625899,0.09899280575539568,59,600,0.6,True,True,False,0.4,0.01943789999859291,7,aware-pipeline,phase_damping
LDPC,1000,6%,0.05935251798561151,0.060863309352517984,0,500,0.5,True,True,False,0.5,0.03146299999934854,8,uniform,combined
LDPC,1000,6%,0.05935251798561151,0.060863309352517984,0,500,0.5,True,True,False,0.5,0.0256346999995003,6,aware-same-rate,combined
LDPC,1000,6%,0.05935251798561151,0.060863309352517984,0,500,0.5,True,True,False,0.5,0.02430829999866546,6,aware-pipeline,combined
LDPC,1000,6%,0.05935251798561151,0.060863309352517984,1,500,0.5,True,True,False,0.5,0.05114269999830867,14,uniform,combined
LDPC,1000,6%,0.05935251798561151,0.060863309352517984,1,500,0.5,True,True,False,0.5,0.033501400001114234,10,aware-same-rate,combined
LDPC,1000,6%,0.05935251798561151,0.060863309352517984,1,500,0.5,True,True,False,0.5,0.03470910000032745,10,aware-pipeline,combined
LDPC,1000,6%,0.05935251798561151,0.060863309352517984,2,500,0.5,True,True,False,0.5,0.0527064000016253,16,uniform,combined
LDPC,1000,6%,0.05935251798561151,0.060863309352517984,2,500,0.5,True,True,False,0.5,0.03757499999846914,10,aware-same-rate,combined
LDPC,1000,6%,0.05935251798561151,0.060863309352517984,2,500,0.5,True,True,False,0.5,0.03298250000079861,10,aware-pipeline,combined
LDPC,1000,6%,0.05935251798561151,0.060863309352517984,3,500,0.5,True,True,False,0.5,0.04966419999982463,17,uniform,combined
LDPC,1000,6%,0.05935251798561151,0.060863309352517984,3,500,0.5,True,True,False,0.5,0.03490880000026664,11,aware-same-rate,combined
LDPC,1000,6%,0.05935251798561151,0.060863309352517984,3,500,0.5,True,True,False,0.5,0.03528549999828101,11,aware-pipeline,combined
LDPC,1000,6%,0.05935251798561151,0.060863309352517984,4,500,0.5,False,False,False,0.0,0.30644029999893974,120,uniform,combined
LDPC,1000,6%,0.05935251798561151,0.060863309352517984,4,500,0.5,False,False,False,0.0,0.2753283999991254,120,aware-same-rate,combined
LDPC,1000,6%,0.05935251798561151,0.060863309352517984,4,500,0.5,False,False,False,0.0,0.2774135999970895,120,aware-pipeline,combined
LDPC,1000,6%,0.05935251798561151,0.060863309352517984,5,500,0.5,True,True,False,0.5,0.01962920000005397,6,uniform,combined
LDPC,1000,6%,0.05935251798561151,0.060863309352517984,5,500,0.5,True,True,False,0.5,0.021530599999096012,7,aware-same-rate,combined
LDPC,1000,6%,0.05935251798561151,0.060863309352517984,5,500,0.5,True,True,False,0.5,0.024210399998992216,7,aware-pipeline,combined
LDPC,1000,6%,0.05935251798561151,0.060863309352517984,6,500,0.5,True,True,False,0.5,0.03869770000164863,15,uniform,combined
LDPC,1000,6%,0.05935251798561151,0.060863309352517984,6,500,0.5,True,True,False,0.5,0.03006939999977476,11,aware-same-rate,combined
LDPC,1000,6%,0.05935251798561151,0.060863309352517984,6,500,0.5,True,True,False,0.5,0.028647500002989545,11,aware-pipeline,combined
LDPC,1000,6%,0.05935251798561151,0.060863309352517984,7,500,0.5,True,True,False,0.5,0.014809200001764111,4,uniform,combined
LDPC,1000,6%,0.05935251798561151,0.060863309352517984,7,500,0.5,True,True,False,0.5,0.015983700002834667,4,aware-same-rate,combined
LDPC,1000,6%,0.05935251798561151,0.060863309352517984,7,500,0.5,True,True,False,0.5,0.01371110000036424,4,aware-pipeline,combined
LDPC,1000,6%,0.05935251798561151,0.060863309352517984,8,500,0.5,True,True,False,0.5,0.01659809999910067,5,uniform,combined
LDPC,1000,6%,0.05935251798561151,0.060863309352517984,8,500,0.5,True,True,False,0.5,0.01832029999786755,5,aware-same-rate,combined
LDPC,1000,6%,0.05935251798561151,0.060863309352517984,8,500,0.5,True,True,False,0.5,0.017489000001660315,5,aware-pipeline,combined
LDPC,1000,6%,0.05935251798561151,0.060863309352517984,9,500,0.5,True,True,False,0.5,0.02885180000157561,10,uniform,combined
LDPC,1000,6%,0.05935251798561151,0.060863309352517984,9,500,0.5,True,True,False,0.5,0.02435700000205543,8,aware-same-rate,combined
LDPC,1000,6%,0.05935251798561151,0.060863309352517984,9,500,0.5,True,True,False,0.5,0.022059200000512647,8,aware-pipeline,combined
LDPC,1000,6%,0.05935251798561151,0.060863309352517984,10,500,0.5,True,True,False,0.5,0.025744399998075096,9,uniform,combined
LDPC,1000,6%,0.05935251798561151,0.060863309352517984,10,500,0.5,True,True,False,0.5,0.025674900000012713,8,aware-same-rate,combined
LDPC,1000,6%,0.05935251798561151,0.060863309352517984,10,500,0.5,True,True,False,0.5,0.024432500002149027,8,aware-pipeline,combined
LDPC,1000,6%,0.05935251798561151,0.060863309352517984,11,500,0.5,True,True,False,0.5,0.019872900000336813,7,uniform,combined
LDPC,1000,6%,0.05935251798561151,0.060863309352517984,11,500,0.5,True,True,False,0.5,0.016052099999797065,5,aware-same-rate,combined
LDPC,1000,6%,0.05935251798561151,0.060863309352517984,11,500,0.5,True,True,False,0.5,0.015264700003172038,5,aware-pipeline,combined
LDPC,1000,6%,0.05935251798561151,0.060863309352517984,12,500,0.5,True,True,False,0.5,0.018555499998910818,6,uniform,combined
LDPC,1000,6%,0.05935251798561151,0.060863309352517984,12,500,0.5,True,True,False,0.5,0.015700800002377946,5,aware-same-rate,combined
LDPC,1000,6%,0.05935251798561151,0.060863309352517984,12,500,0.5,True,True,False,0.5,0.015680099997553043,5,aware-pipeline,combined
LDPC,1000,6%,0.05935251798561151,0.060863309352517984,13,500,0.5,True,True,False,0.5,0.015805700000782963,5,uniform,combined
LDPC,1000,6%,0.05935251798561151,0.060863309352517984,13,500,0.5,True,True,False,0.5,0.018432699998811586,5,aware-same-rate,combined
LDPC,1000,6%,0.05935251798561151,0.060863309352517984,13,500,0.5,True,True,False,0.5,0.023376099998131394,5,aware-pipeline,combined
LDPC,1000,6%,0.05935251798561151,0.060863309352517984,14,500,0.5,True,True,False,0.5,0.03193649999957415,10,uniform,combined
LDPC,1000,6%,0.05935251798561151,0.060863309352517984,14,500,0.5,True,True,False,0.5,0.020682700000179466,6,aware-same-rate,combined
LDPC,1000,6%,0.05935251798561151,0.060863309352517984,14,500,0.5,True,True,False,0.5,0.020514399999228772,6,aware-pipeline,combined
LDPC,1000,6%,0.05935251798561151,0.060863309352517984,15,500,0.5,True,True,False,0.5,0.025841100003162865,8,uniform,combined
LDPC,1000,6%,0.05935251798561151,0.060863309352517984,15,500,0.5,True,True,False,0.5,0.024418000000878237,7,aware-same-rate,combined
LDPC,1000,6%,0.05935251798561151,0.060863309352517984,15,500,0.5,True,True,False,0.5,0.021528800003579818,7,aware-pipeline,combined
LDPC,1000,6%,0.05935251798561151,0.060863309352517984,16,500,0.5,True,True,False,0.5,0.02712930000052438,8,uniform,combined
LDPC,1000,6%,0.05935251798561151,0.060863309352517984,16,500,0.5,True,True,False,0.5,0.021359800000936957,6,aware-same-rate,combined
LDPC,1000,6%,0.05935251798561151,0.060863309352517984,16,500,0.5,True,True,False,0.5,0.021227600002021063,6,aware-pipeline,combined
LDPC,1000,6%,0.05935251798561151,0.060863309352517984,17,500,0.5,True,True,False,0.5,0.02771790000042529,9,uniform,combined
LDPC,1000,6%,0.05935251798561151,0.060863309352517984,17,500,0.5,True,True,False,0.5,0.02527909999844269,9,aware-same-rate,combined
LDPC,1000,6%,0.05935251798561151,0.060863309352517984,17,500,0.5,True,True,False,0.5,0.02488209999864921,9,aware-pipeline,combined
LDPC,1000,6%,0.05935251798561151,0.060863309352517984,18,500,0.5,True,True,False,0.5,0.021406100000604056,7,uniform,combined
LDPC,1000,6%,0.05935251798561151,0.060863309352517984,18,500,0.5,True,True,False,0.5,0.021015799997258,6,aware-same-rate,combined
LDPC,1000,6%,0.05935251798561151,0.060863309352517984,18,500,0.5,True,True,False,0.5,0.02024170000004233,6,aware-pipeline,combined
LDPC,1000,6%,0.05935251798561151,0.060863309352517984,19,500,0.5,True,True,False,0.5,0.021332699998311,7,uniform,combined
LDPC,1000,6%,0.05935251798561151,0.060863309352517984,19,500,0.5,True,True,False,0.5,0.017896199999086093,5,aware-same-rate,combined
LDPC,1000,6%,0.05935251798561151,0.060863309352517984,19,500,0.5,True,True,False,0.5,0.019239199998992262,5,aware-pipeline,combined
LDPC,1000,6%,0.05935251798561151,0.060863309352517984,20,500,0.5,True,True,False,0.5,0.03534439999930328,12,uniform,combined
LDPC,1000,6%,0.05935251798561151,0.060863309352517984,20,500,0.5,True,True,False,0.5,0.030661000000691274,11,aware-same-rate,combined
LDPC,1000,6%,0.05935251798561151,0.060863309352517984,20,500,0.5,True,True,False,0.5,0.03351399999883142,11,aware-pipeline,combined
LDPC,1000,6%,0.05935251798561151,0.060863309352517984,21,500,0.5,True,True,False,0.5,0.023712599999271333,8,uniform,combined
LDPC,1000,6%,0.05935251798561151,0.060863309352517984,21,500,0.5,True,True,False,0.5,0.025132499999017455,8,aware-same-rate,combined
LDPC,1000,6%,0.05935251798561151,0.060863309352517984,21,500,0.5,True,True,False,0.5,0.023162399997090688,8,aware-pipeline,combined
LDPC,1000,6%,0.05935251798561151,0.060863309352517984,22,500,0.5,True,True,False,0.5,0.020022000000608386,7,uniform,combined
LDPC,1000,6%,0.05935251798561151,0.060863309352517984,22,500,0.5,True,True,False,0.5,0.021802800001751166,7,aware-same-rate,combined
LDPC,1000,6%,0.05935251798561151,0.060863309352517984,22,500,0.5,True,True,False,0.5,0.02265149999948335,7,aware-pipeline,combined
LDPC,1000,6%,0.05935251798561151,0.060863309352517984,23,500,0.5,True,True,False,0.5,0.016452800002298318,5,uniform,combined
LDPC,1000,6%,0.05935251798561151,0.060863309352517984,23,500,0.5,True,True,False,0.5,0.016260099997452926,5,aware-same-rate,combined
LDPC,1000,6%,0.05935251798561151,0.060863309352517984,23,500,0.5,True,True,False,0.5,0.016746600002079504,5,aware-pipeline,combined
LDPC,1000,6%,0.05935251798561151,0.060863309352517984,24,500,0.5,True,True,False,0.5,0.021091799997520866,7,uniform,combined
LDPC,1000,6%,0.05935251798561151,0.060863309352517984,24,500,0.5,True,True,False,0.5,0.016373499998735497,5,aware-same-rate,combined
LDPC,1000,6%,0.05935251798561151,0.060863309352517984,24,500,0.5,True,True,False,0.5,0.01650829999925918,5,aware-pipeline,combined
LDPC,1000,6%,0.05935251798561151,0.060863309352517984,25,500,0.5,True,True,False,0.5,0.01797670000087237,6,uniform,combined
LDPC,1000,6%,0.05935251798561151,0.060863309352517984,25,500,0.5,True,True,False,0.5,0.023223100000905106,6,aware-same-rate,combined
LDPC,1000,6%,0.05935251798561151,0.060863309352517984,25,500,0.5,True,True,False,0.5,0.01871729999766103,6,aware-pipeline,combined
LDPC,1000,6%,0.05935251798561151,0.060863309352517984,26,500,0.5,True,True,False,0.5,0.016223000002355548,5,uniform,combined
LDPC,1000,6%,0.05935251798561151,0.060863309352517984,26,500,0.5,True,True,False,0.5,0.015394099998957245,5,aware-same-rate,combined
LDPC,1000,6%,0.05935251798561151,0.060863309352517984,26,500,0.5,True,True,False,0.5,0.016550600001210114,5,aware-pipeline,combined
LDPC,1000,6%,0.05935251798561151,0.060863309352517984,27,500,0.5,True,True,False,0.5,0.015282200001820456,5,uniform,combined
LDPC,1000,6%,0.05935251798561151,0.060863309352517984,27,500,0.5,True,True,False,0.5,0.015349999997852137,5,aware-same-rate,combined
LDPC,1000,6%,0.05935251798561151,0.060863309352517984,27,500,0.5,True,True,False,0.5,0.017254000002139946,5,aware-pipeline,combined
LDPC,1000,6%,0.05935251798561151,0.060863309352517984,28,500,0.5,True,True,False,0.5,0.03083150000020396,12,uniform,combined
LDPC,1000,6%,0.05935251798561151,0.060863309352517984,28,500,0.5,True,True,False,0.5,0.02655830000003334,10,aware-same-rate,combined
LDPC,1000,6%,0.05935251798561151,0.060863309352517984,28,500,0.5,True,True,False,0.5,0.030736100001377054,10,aware-pipeline,combined
LDPC,1000,6%,0.05935251798561151,0.060863309352517984,29,500,0.5,True,True,False,0.5,0.01944980000189389,6,uniform,combined
LDPC,1000,6%,0.05935251798561151,0.060863309352517984,29,500,0.5,True,True,False,0.5,0.02465479999955278,7,aware-same-rate,combined
LDPC,1000,6%,0.05935251798561151,0.060863309352517984,29,500,0.5,True,True,False,0.5,0.022437100000388455,7,aware-pipeline,combined
LDPC,1000,6%,0.05935251798561151,0.060863309352517984,30,500,0.5,True,True,False,0.5,0.020973199996660696,6,uniform,combined
LDPC,1000,6%,0.05935251798561151,0.060863309352517984,30,500,0.5,True,True,False,0.5,0.01748810000208323,5,aware-same-rate,combined
LDPC,1000,6%,0.05935251798561151,0.060863309352517984,30,500,0.5,True,True,False,0.5,0.018808000000717584,5,aware-pipeline,combined
LDPC,1000,6%,0.05935251798561151,0.060863309352517984,31,500,0.5,True,True,False,0.5,0.02099919999818667,6,uniform,combined
LDPC,1000,6%,0.05935251798561151,0.060863309352517984,31,500,0.5,True,True,False,0.5,0.01754649999929825,5,aware-same-rate,combined
LDPC,1000,6%,0.05935251798561151,0.060863309352517984,31,500,0.5,True,True,False,0.5,0.01848210000025574,5,aware-pipeline,combined
LDPC,1000,6%,0.05935251798561151,0.060863309352517984,32,500,0.5,True,True,False,0.5,0.028031599998939782,9,uniform,combined
LDPC,1000,6%,0.05935251798561151,0.060863309352517984,32,500,0.5,True,True,False,0.5,0.02119479999964824,7,aware-same-rate,combined
LDPC,1000,6%,0.05935251798561151,0.060863309352517984,32,500,0.5,True,True,False,0.5,0.02513149999867892,7,aware-pipeline,combined
LDPC,1000,6%,0.05935251798561151,0.060863309352517984,33,500,0.5,True,True,False,0.5,0.024755000002187444,9,uniform,combined
LDPC,1000,6%,0.05935251798561151,0.060863309352517984,33,500,0.5,True,True,False,0.5,0.019983199999842327,6,aware-same-rate,combined
LDPC,1000,6%,0.05935251798561151,0.060863309352517984,33,500,0.5,True,True,False,0.5,0.019833099999232218,6,aware-pipeline,combined
LDPC,1000,6%,0.05935251798561151,0.060863309352517984,34,500,0.5,True,True,False,0.5,0.049298300000373274,19,uniform,combined
LDPC,1000,6%,0.05935251798561151,0.060863309352517984,34,500,0.5,True,True,False,0.5,0.03702749999865773,13,aware-same-rate,combined
LDPC,1000,6%,0.05935251798561151,0.060863309352517984,34,500,0.5,True,True,False,0.5,0.03656490000139456,13,aware-pipeline,combined
LDPC,1000,6%,0.05935251798561151,0.060863309352517984,35,500,0.5,True,True,False,0.5,0.03421560000060708,12,uniform,combined
LDPC,1000,6%,0.05935251798561151,0.060863309352517984,35,500,0.5,True,True,False,0.5,0.03194489999805228,10,aware-same-rate,combined
LDPC,1000,6%,0.05935251798561151,0.060863309352517984,35,500,0.5,True,True,False,0.5,0.029997500001627486,10,aware-pipeline,combined
LDPC,1000,6%,0.05935251798561151,0.060863309352517984,36,500,0.5,True,True,False,0.5,0.02017110000087996,6,uniform,combined
LDPC,1000,6%,0.05935251798561151,0.060863309352517984,36,500,0.5,True,True,False,0.5,0.0178410000007716,5,aware-same-rate,combined
LDPC,1000,6%,0.05935251798561151,0.060863309352517984,36,500,0.5,True,True,False,0.5,0.018239200002426514,5,aware-pipeline,combined
LDPC,1000,6%,0.05935251798561151,0.060863309352517984,37,500,0.5,True,True,False,0.5,0.013531300002796343,4,uniform,combined
LDPC,1000,6%,0.05935251798561151,0.060863309352517984,37,500,0.5,True,True,False,0.5,0.01726079999934882,5,aware-same-rate,combined
LDPC,1000,6%,0.05935251798561151,0.060863309352517984,37,500,0.5,True,True,False,0.5,0.016751500003010733,5,aware-pipeline,combined
LDPC,1000,6%,0.05935251798561151,0.060863309352517984,38,500,0.5,True,True,False,0.5,0.017875800000183517,5,uniform,combined
LDPC,1000,6%,0.05935251798561151,0.060863309352517984,38,500,0.5,True,True,False,0.5,0.014407100003154483,4,aware-same-rate,combined
LDPC,1000,6%,0.05935251798561151,0.060863309352517984,38,500,0.5,True,True,False,0.5,0.014893200001097284,4,aware-pipeline,combined
LDPC,1000,6%,0.05935251798561151,0.060863309352517984,39,500,0.5,True,True,False,0.5,0.01777809999839519,5,uniform,combined
LDPC,1000,6%,0.05935251798561151,0.060863309352517984,39,500,0.5,True,True,False,0.5,0.01645529999950668,5,aware-same-rate,combined
LDPC,1000,6%,0.05935251798561151,0.060863309352517984,39,500,0.5,True,True,False,0.5,0.016397899998992216,5,aware-pipeline,combined
LDPC,1000,6%,0.05935251798561151,0.060863309352517984,40,500,0.5,True,True,False,0.5,0.021476100002473686,7,uniform,combined
LDPC,1000,6%,0.05935251798561151,0.060863309352517984,40,500,0.5,True,True,False,0.5,0.018394300001091324,6,aware-same-rate,combined
LDPC,1000,6%,0.05935251798561151,0.060863309352517984,40,500,0.5,True,True,False,0.5,0.019085799998720177,6,aware-pipeline,combined
LDPC,1000,6%,0.05935251798561151,0.060863309352517984,41,500,0.5,True,True,False,0.5,0.027190799999516457,10,uniform,combined
LDPC,1000,6%,0.05935251798561151,0.060863309352517984,41,500,0.5,True,True,False,0.5,0.023431900001014583,9,aware-same-rate,combined
LDPC,1000,6%,0.05935251798561151,0.060863309352517984,41,500,0.5,True,True,False,0.5,0.024556600001233164,9,aware-pipeline,combined
LDPC,1000,6%,0.05935251798561151,0.060863309352517984,42,500,0.5,True,True,False,0.5,0.016427700000349432,5,uniform,combined
LDPC,1000,6%,0.05935251798561151,0.060863309352517984,42,500,0.5,True,True,False,0.5,0.015993599998182617,5,aware-same-rate,combined
LDPC,1000,6%,0.05935251798561151,0.060863309352517984,42,500,0.5,True,True,False,0.5,0.016122699998959433,5,aware-pipeline,combined
LDPC,1000,6%,0.05935251798561151,0.060863309352517984,43,500,0.5,True,True,False,0.5,0.03192979999948875,12,uniform,combined
LDPC,1000,6%,0.05935251798561151,0.060863309352517984,43,500,0.5,True,True,False,0.5,0.02530789999946137,10,aware-same-rate,combined
LDPC,1000,6%,0.05935251798561151,0.060863309352517984,43,500,0.5,True,True,False,0.5,0.02918169999975362,10,aware-pipeline,combined
LDPC,1000,6%,0.05935251798561151,0.060863309352517984,44,500,0.5,True,True,False,0.5,0.022212799998669652,8,uniform,combined
LDPC,1000,6%,0.05935251798561151,0.060863309352517984,44,500,0.5,True,True,False,0.5,0.026121499999135267,8,aware-same-rate,combined
LDPC,1000,6%,0.05935251798561151,0.060863309352517984,44,500,0.5,True,True,False,0.5,0.023713999999017688,8,aware-pipeline,combined
LDPC,1000,6%,0.05935251798561151,0.060863309352517984,45,500,0.5,True,True,False,0.5,0.01986650000253576,6,uniform,combined
LDPC,1000,6%,0.05935251798561151,0.060863309352517984,45,500,0.5,True,True,False,0.5,0.01750280000123894,5,aware-same-rate,combined
LDPC,1000,6%,0.05935251798561151,0.060863309352517984,45,500,0.5,True,True,False,0.5,0.017104499998822575,5,aware-pipeline,combined
LDPC,1000,6%,0.05935251798561151,0.060863309352517984,46,500,0.5,False,False,False,0.0,0.31541959999958635,120,uniform,combined
LDPC,1000,6%,0.05935251798561151,0.060863309352517984,46,500,0.5,True,True,False,0.5,0.09695529999953578,38,aware-same-rate,combined
LDPC,1000,6%,0.05935251798561151,0.060863309352517984,46,500,0.5,True,True,False,0.5,0.09909210000114399,38,aware-pipeline,combined
LDPC,1000,6%,0.05935251798561151,0.060863309352517984,47,500,0.5,True,True,False,0.5,0.02465429999938351,9,uniform,combined
LDPC,1000,6%,0.05935251798561151,0.060863309352517984,47,500,0.5,True,True,False,0.5,0.0262222000019392,8,aware-same-rate,combined
LDPC,1000,6%,0.05935251798561151,0.060863309352517984,47,500,0.5,True,True,False,0.5,0.023696899999777088,8,aware-pipeline,combined
LDPC,1000,6%,0.05935251798561151,0.060863309352517984,48,500,0.5,True,True,False,0.5,0.028215199999976903,10,uniform,combined
LDPC,1000,6%,0.05935251798561151,0.060863309352517984,48,500,0.5,True,True,False,0.5,0.02136869999958435,8,aware-same-rate,combined
LDPC,1000,6%,0.05935251798561151,0.060863309352517984,48,500,0.5,True,True,False,0.5,0.023615399997652275,8,aware-pipeline,combined
LDPC,1000,6%,0.05935251798561151,0.060863309352517984,49,500,0.5,True,True,False,0.5,0.020232500002748566,5,uniform,combined
LDPC,1000,6%,0.05935251798561151,0.060863309352517984,49,500,0.5,True,True,False,0.5,0.017094299997552298,5,aware-same-rate,combined
LDPC,1000,6%,0.05935251798561151,0.060863309352517984,49,500,0.5,True,True,False,0.5,0.018451300002197968,5,aware-pipeline,combined
LDPC,1000,6%,0.05935251798561151,0.060863309352517984,50,500,0.5,True,True,False,0.5,0.02469340000243392,7,uniform,combined
LDPC,1000,6%,0.05935251798561151,0.060863309352517984,50,500,0.5,True,True,False,0.5,0.02065489999949932,7,aware-same-rate,combined
LDPC,1000,6%,0.05935251798561151,0.060863309352517984,50,500,0.5,True,True,False,0.5,0.019567600000300445,7,aware-pipeline,combined
LDPC,1000,6%,0.05935251798561151,0.060863309352517984,51,500,0.5,True,True,False,0.5,0.020361699997010874,7,uniform,combined
LDPC,1000,6%,0.05935251798561151,0.060863309352517984,51,500,0.5,True,True,False,0.5,0.019254999999247957,6,aware-same-rate,combined
LDPC,1000,6%,0.05935251798561151,0.060863309352517984,51,500,0.5,True,True,False,0.5,0.019546200001059333,6,aware-pipeline,combined
LDPC,1000,6%,0.05935251798561151,0.060863309352517984,52,500,0.5,True,True,False,0.5,0.026060700001835357,8,uniform,combined
LDPC,1000,6%,0.05935251798561151,0.060863309352517984,52,500,0.5,True,True,False,0.5,0.02300409999952535,7,aware-same-rate,combined
LDPC,1000,6%,0.05935251798561151,0.060863309352517984,52,500,0.5,True,True,False,0.5,0.023002899997663917,7,aware-pipeline,combined
LDPC,1000,6%,0.05935251798561151,0.060863309352517984,53,500,0.5,True,True,False,0.5,0.02185280000048806,6,uniform,combined
LDPC,1000,6%,0.05935251798561151,0.060863309352517984,53,500,0.5,True,True,False,0.5,0.019923799998650793,5,aware-same-rate,combined
LDPC,1000,6%,0.05935251798561151,0.060863309352517984,53,500,0.5,True,True,False,0.5,0.01843860000008135,5,aware-pipeline,combined
LDPC,1000,6%,0.05935251798561151,0.060863309352517984,54,500,0.5,True,True,False,0.5,0.025748600000952138,8,uniform,combined
LDPC,1000,6%,0.05935251798561151,0.060863309352517984,54,500,0.5,True,True,False,0.5,0.023998200002097292,7,aware-same-rate,combined
LDPC,1000,6%,0.05935251798561151,0.060863309352517984,54,500,0.5,True,True,False,0.5,0.023521200000686804,7,aware-pipeline,combined
LDPC,1000,6%,0.05935251798561151,0.060863309352517984,55,500,0.5,True,True,False,0.5,0.03096659999937401,10,uniform,combined
LDPC,1000,6%,0.05935251798561151,0.060863309352517984,55,500,0.5,True,True,False,0.5,0.027343300000211457,8,aware-same-rate,combined
LDPC,1000,6%,0.05935251798561151,0.060863309352517984,55,500,0.5,True,True,False,0.5,0.026498999999603257,8,aware-pipeline,combined
LDPC,1000,6%,0.05935251798561151,0.060863309352517984,56,500,0.5,True,True,False,0.5,0.020664099996793084,6,uniform,combined
LDPC,1000,6%,0.05935251798561151,0.060863309352517984,56,500,0.5,True,True,False,0.5,0.02062600000135717,6,aware-same-rate,combined
LDPC,1000,6%,0.05935251798561151,0.060863309352517984,56,500,0.5,True,True,False,0.5,0.02281310000034864,6,aware-pipeline,combined
LDPC,1000,6%,0.05935251798561151,0.060863309352517984,57,500,0.5,True,True,False,0.5,0.020729199997731484,6,uniform,combined
LDPC,1000,6%,0.05935251798561151,0.060863309352517984,57,500,0.5,True,True,False,0.5,0.02110270000048331,6,aware-same-rate,combined
LDPC,1000,6%,0.05935251798561151,0.060863309352517984,57,500,0.5,True,True,False,0.5,0.022265100000367966,6,aware-pipeline,combined
LDPC,1000,6%,0.05935251798561151,0.060863309352517984,58,500,0.5,False,False,False,0.0,0.2841032999967865,120,uniform,combined
LDPC,1000,6%,0.05935251798561151,0.060863309352517984,58,500,0.5,True,True,False,0.5,0.06657310000082362,27,aware-same-rate,combined
LDPC,1000,6%,0.05935251798561151,0.060863309352517984,58,500,0.5,True,True,False,0.5,0.0656371000004583,27,aware-pipeline,combined
LDPC,1000,6%,0.05935251798561151,0.060863309352517984,59,500,0.5,True,True,False,0.5,0.016709900002751965,5,uniform,combined
LDPC,1000,6%,0.05935251798561151,0.060863309352517984,59,500,0.5,True,True,False,0.5,0.013854600001650397,4,aware-same-rate,combined
LDPC,1000,6%,0.05935251798561151,0.060863309352517984,59,500,0.5,True,True,False,0.5,0.012756300002365606,4,aware-pipeline,combined
LDPC,1000,10%,0.09766906474820145,0.09712230215827339,0,600,0.6,True,True,False,0.4,0.03500999999960186,11,uniform,combined
LDPC,1000,10%,0.09766906474820145,0.09712230215827339,0,600,0.6,True,True,False,0.4,0.025379599999723723,7,aware-same-rate,combined
LDPC,1000,10%,0.09766906474820145,0.09712230215827339,0,600,0.6,True,True,False,0.4,0.022158499999932246,7,aware-pipeline,combined
LDPC,1000,10%,0.09766906474820145,0.09712230215827339,1,600,0.6,True,True,False,0.4,0.04563400000188267,15,uniform,combined
LDPC,1000,10%,0.09766906474820145,0.09712230215827339,1,600,0.6,True,True,False,0.4,0.03160740000021178,11,aware-same-rate,combined
LDPC,1000,10%,0.09766906474820145,0.09712230215827339,1,600,0.6,True,True,False,0.4,0.03036960000099498,11,aware-pipeline,combined
LDPC,1000,10%,0.09766906474820145,0.09712230215827339,2,600,0.6,True,True,False,0.4,0.05270089999976335,21,uniform,combined
LDPC,1000,10%,0.09766906474820145,0.09712230215827339,2,600,0.6,True,True,False,0.4,0.036799099998461315,14,aware-same-rate,combined
LDPC,1000,10%,0.09766906474820145,0.09712230215827339,2,600,0.6,True,True,False,0.4,0.03865130000122008,14,aware-pipeline,combined
LDPC,1000,10%,0.09766906474820145,0.09712230215827339,3,600,0.6,False,False,False,0.0,0.26632400000016787,120,uniform,combined
LDPC,1000,10%,0.09766906474820145,0.09712230215827339,3,600,0.6,True,True,False,0.4,0.06946919999973034,21,aware-same-rate,combined
LDPC,1000,10%,0.09766906474820145,0.09712230215827339,3,600,0.6,True,True,False,0.4,0.06528220000109286,21,aware-pipeline,combined
LDPC,1000,10%,0.09766906474820145,0.09712230215827339,4,600,0.6,True,True,False,0.4,0.04382199999963632,13,uniform,combined
LDPC,1000,10%,0.09766906474820145,0.09712230215827339,4,600,0.6,True,True,False,0.4,0.0376328000020294,10,aware-same-rate,combined
LDPC,1000,10%,0.09766906474820145,0.09712230215827339,4,600,0.6,True,True,False,0.4,0.033303299998806324,10,aware-pipeline,combined
LDPC,1000,10%,0.09766906474820145,0.09712230215827339,5,600,0.6,True,True,False,0.4,0.06810159999804455,24,uniform,combined
LDPC,1000,10%,0.09766906474820145,0.09712230215827339,5,600,0.6,True,True,False,0.4,0.039515899999969406,14,aware-same-rate,combined
LDPC,1000,10%,0.09766906474820145,0.09712230215827339,5,600,0.6,True,True,False,0.4,0.04851469999994151,14,aware-pipeline,combined
LDPC,1000,10%,0.09766906474820145,0.09712230215827339,6,600,0.6,True,True,False,0.4,0.05707950000214623,22,uniform,combined
LDPC,1000,10%,0.09766906474820145,0.09712230215827339,6,600,0.6,True,True,False,0.4,0.03444440000021132,13,aware-same-rate,combined
LDPC,1000,10%,0.09766906474820145,0.09712230215827339,6,600,0.6,True,True,False,0.4,0.03445370000190451,13,aware-pipeline,combined
LDPC,1000,10%,0.09766906474820145,0.09712230215827339,7,600,0.6,True,True,False,0.4,0.021578399999270914,7,uniform,combined
LDPC,1000,10%,0.09766906474820145,0.09712230215827339,7,600,0.6,True,True,False,0.4,0.028152099999715574,7,aware-same-rate,combined
LDPC,1000,10%,0.09766906474820145,0.09712230215827339,7,600,0.6,True,True,False,0.4,0.01961939999819151,7,aware-pipeline,combined
LDPC,1000,10%,0.09766906474820145,0.09712230215827339,8,600,0.6,True,True,False,0.4,0.06699279999884311,32,uniform,combined
LDPC,1000,10%,0.09766906474820145,0.09712230215827339,8,600,0.6,True,True,False,0.4,0.02530809999734629,10,aware-same-rate,combined
LDPC,1000,10%,0.09766906474820145,0.09712230215827339,8,600,0.6,True,True,False,0.4,0.026724899998953333,10,aware-pipeline,combined
LDPC,1000,10%,0.09766906474820145,0.09712230215827339,9,600,0.6,True,True,False,0.4,0.044543500000145286,17,uniform,combined
LDPC,1000,10%,0.09766906474820145,0.09712230215827339,9,600,0.6,True,True,False,0.4,0.033710699997755,13,aware-same-rate,combined
LDPC,1000,10%,0.09766906474820145,0.09712230215827339,9,600,0.6,True,True,False,0.4,0.03283509999891976,13,aware-pipeline,combined
LDPC,1000,10%,0.09766906474820145,0.09712230215827339,10,600,0.6,True,True,False,0.4,0.043128200002684025,18,uniform,combined
LDPC,1000,10%,0.09766906474820145,0.09712230215827339,10,600,0.6,True,True,False,0.4,0.02872650000063004,13,aware-same-rate,combined
LDPC,1000,10%,0.09766906474820145,0.09712230215827339,10,600,0.6,True,True,False,0.4,0.029567199999291915,13,aware-pipeline,combined
LDPC,1000,10%,0.09766906474820145,0.09712230215827339,11,600,0.6,True,True,False,0.4,0.027638499999738997,12,uniform,combined
LDPC,1000,10%,0.09766906474820145,0.09712230215827339,11,600,0.6,True,True,False,0.4,0.021149699998204596,9,aware-same-rate,combined
LDPC,1000,10%,0.09766906474820145,0.09712230215827339,11,600,0.6,True,True,False,0.4,0.0210348000000522,9,aware-pipeline,combined
LDPC,1000,10%,0.09766906474820145,0.09712230215827339,12,600,0.6,True,True,False,0.4,0.038650099999358645,17,uniform,combined
LDPC,1000,10%,0.09766906474820145,0.09712230215827339,12,600,0.6,True,True,False,0.4,0.03543780000109109,17,aware-same-rate,combined
LDPC,1000,10%,0.09766906474820145,0.09712230215827339,12,600,0.6,True,True,False,0.4,0.036692400000902126,17,aware-pipeline,combined
LDPC,1000,10%,0.09766906474820145,0.09712230215827339,13,600,0.6,True,True,False,0.4,0.03686839999863878,16,uniform,combined
LDPC,1000,10%,0.09766906474820145,0.09712230215827339,13,600,0.6,True,True,False,0.4,0.03150619999723858,14,aware-same-rate,combined
LDPC,1000,10%,0.09766906474820145,0.09712230215827339,13,600,0.6,True,True,False,0.4,0.030936799998016795,14,aware-pipeline,combined
LDPC,1000,10%,0.09766906474820145,0.09712230215827339,14,600,0.6,True,True,False,0.4,0.029132100000424543,12,uniform,combined
LDPC,1000,10%,0.09766906474820145,0.09712230215827339,14,600,0.6,True,True,False,0.4,0.022112899998319335,8,aware-same-rate,combined
LDPC,1000,10%,0.09766906474820145,0.09712230215827339,14,600,0.6,True,True,False,0.4,0.021944199997960823,8,aware-pipeline,combined
LDPC,1000,10%,0.09766906474820145,0.09712230215827339,15,600,0.6,False,False,False,0.0,0.25805770000079065,120,uniform,combined
LDPC,1000,10%,0.09766906474820145,0.09712230215827339,15,600,0.6,False,False,False,0.0,0.25359279999975115,120,aware-same-rate,combined
LDPC,1000,10%,0.09766906474820145,0.09712230215827339,15,600,0.6,False,False,False,0.0,0.2415545999974711,120,aware-pipeline,combined
LDPC,1000,10%,0.09766906474820145,0.09712230215827339,16,600,0.6,True,True,False,0.4,0.08148140000048443,38,uniform,combined
LDPC,1000,10%,0.09766906474820145,0.09712230215827339,16,600,0.6,True,True,False,0.4,0.03903519999948912,16,aware-same-rate,combined
LDPC,1000,10%,0.09766906474820145,0.09712230215827339,16,600,0.6,True,True,False,0.4,0.03803390000030049,16,aware-pipeline,combined
LDPC,1000,10%,0.09766906474820145,0.09712230215827339,17,600,0.6,True,True,False,0.4,0.04506820000096923,18,uniform,combined
LDPC,1000,10%,0.09766906474820145,0.09712230215827339,17,600,0.6,True,True,False,0.4,0.033516299998154864,12,aware-same-rate,combined
LDPC,1000,10%,0.09766906474820145,0.09712230215827339,17,600,0.6,True,True,False,0.4,0.03366280000045663,12,aware-pipeline,combined
LDPC,1000,10%,0.09766906474820145,0.09712230215827339,18,600,0.6,True,True,False,0.4,0.03324589999829186,13,uniform,combined
LDPC,1000,10%,0.09766906474820145,0.09712230215827339,18,600,0.6,True,True,False,0.4,0.029647199997270945,11,aware-same-rate,combined
LDPC,1000,10%,0.09766906474820145,0.09712230215827339,18,600,0.6,True,True,False,0.4,0.02911600000152248,11,aware-pipeline,combined
LDPC,1000,10%,0.09766906474820145,0.09712230215827339,19,600,0.6,True,True,False,0.4,0.05439710000064224,23,uniform,combined
LDPC,1000,10%,0.09766906474820145,0.09712230215827339,19,600,0.6,True,True,False,0.4,0.03399560000252677,15,aware-same-rate,combined
LDPC,1000,10%,0.09766906474820145,0.09712230215827339,19,600,0.6,True,True,False,0.4,0.03452810000089812,15,aware-pipeline,combined
LDPC,1000,10%,0.09766906474820145,0.09712230215827339,20,600,0.6,True,True,False,0.4,0.02751880000141682,11,uniform,combined
LDPC,1000,10%,0.09766906474820145,0.09712230215827339,20,600,0.6,True,True,False,0.4,0.026520499999605818,11,aware-same-rate,combined
LDPC,1000,10%,0.09766906474820145,0.09712230215827339,20,600,0.6,True,True,False,0.4,0.025526999997964595,11,aware-pipeline,combined
LDPC,1000,10%,0.09766906474820145,0.09712230215827339,21,600,0.6,True,True,False,0.4,0.03586119999818038,16,uniform,combined
LDPC,1000,10%,0.09766906474820145,0.09712230215827339,21,600,0.6,True,True,False,0.4,0.030682399999932386,12,aware-same-rate,combined
LDPC,1000,10%,0.09766906474820145,0.09712230215827339,21,600,0.6,True,True,False,0.4,0.03035010000166949,12,aware-pipeline,combined
LDPC,1000,10%,0.09766906474820145,0.09712230215827339,22,600,0.6,True,True,False,0.4,0.037749800001620315,14,uniform,combined
LDPC,1000,10%,0.09766906474820145,0.09712230215827339,22,600,0.6,True,True,False,0.4,0.030377499999303836,11,aware-same-rate,combined
LDPC,1000,10%,0.09766906474820145,0.09712230215827339,22,600,0.6,True,True,False,0.4,0.027131000002555083,11,aware-pipeline,combined
LDPC,1000,10%,0.09766906474820145,0.09712230215827339,23,600,0.6,True,True,False,0.4,0.07155979999879492,35,uniform,combined
LDPC,1000,10%,0.09766906474820145,0.09712230215827339,23,600,0.6,True,True,False,0.4,0.034077399999659974,15,aware-same-rate,combined
LDPC,1000,10%,0.09766906474820145,0.09712230215827339,23,600,0.6,True,True,False,0.4,0.03546700000151759,15,aware-pipeline,combined
LDPC,1000,10%,0.09766906474820145,0.09712230215827339,24,600,0.6,False,False,False,0.0,0.22976199999902747,120,uniform,combined
LDPC,1000,10%,0.09766906474820145,0.09712230215827339,24,600,0.6,False,False,False,0.0,0.26317480000216165,120,aware-same-rate,combined
LDPC,1000,10%,0.09766906474820145,0.09712230215827339,24,600,0.6,False,False,False,0.0,0.2409643999999389,120,aware-pipeline,combined
LDPC,1000,10%,0.09766906474820145,0.09712230215827339,25,600,0.6,True,True,False,0.4,0.027771299999585608,8,uniform,combined
LDPC,1000,10%,0.09766906474820145,0.09712230215827339,25,600,0.6,True,True,False,0.4,0.02208539999992354,6,aware-same-rate,combined
LDPC,1000,10%,0.09766906474820145,0.09712230215827339,25,600,0.6,True,True,False,0.4,0.020813899998756824,6,aware-pipeline,combined
LDPC,1000,10%,0.09766906474820145,0.09712230215827339,26,600,0.6,True,True,False,0.4,0.03167759999996633,11,uniform,combined
LDPC,1000,10%,0.09766906474820145,0.09712230215827339,26,600,0.6,True,True,False,0.4,0.02360890000272775,7,aware-same-rate,combined
LDPC,1000,10%,0.09766906474820145,0.09712230215827339,26,600,0.6,True,True,False,0.4,0.02640620000238414,7,aware-pipeline,combined
LDPC,1000,10%,0.09766906474820145,0.09712230215827339,27,600,0.6,True,True,False,0.4,0.04664240000056452,16,uniform,combined
LDPC,1000,10%,0.09766906474820145,0.09712230215827339,27,600,0.6,True,True,False,0.4,0.02356119999967632,8,aware-same-rate,combined
LDPC,1000,10%,0.09766906474820145,0.09712230215827339,27,600,0.6,True,True,False,0.4,0.026100099999894155,8,aware-pipeline,combined
LDPC,1000,10%,0.09766906474820145,0.09712230215827339,28,600,0.6,True,True,False,0.4,0.042170000000623986,17,uniform,combined
LDPC,1000,10%,0.09766906474820145,0.09712230215827339,28,600,0.6,True,True,False,0.4,0.052000499999849126,20,aware-same-rate,combined
LDPC,1000,10%,0.09766906474820145,0.09712230215827339,28,600,0.6,True,True,False,0.4,0.05368330000055721,20,aware-pipeline,combined
LDPC,1000,10%,0.09766906474820145,0.09712230215827339,29,600,0.6,True,True,False,0.4,0.04021869999996852,15,uniform,combined
LDPC,1000,10%,0.09766906474820145,0.09712230215827339,29,600,0.6,True,True,False,0.4,0.03297579999707523,11,aware-same-rate,combined
LDPC,1000,10%,0.09766906474820145,0.09712230215827339,29,600,0.6,True,True,False,0.4,0.03097659999912139,11,aware-pipeline,combined
LDPC,1000,10%,0.09766906474820145,0.09712230215827339,30,600,0.6,True,True,False,0.4,0.02132829999754904,7,uniform,combined
LDPC,1000,10%,0.09766906474820145,0.09712230215827339,30,600,0.6,True,True,False,0.4,0.02335749999838299,6,aware-same-rate,combined
LDPC,1000,10%,0.09766906474820145,0.09712230215827339,30,600,0.6,True,True,False,0.4,0.02172910000081174,6,aware-pipeline,combined
LDPC,1000,10%,0.09766906474820145,0.09712230215827339,31,600,0.6,True,True,False,0.4,0.028897999996843282,9,uniform,combined
LDPC,1000,10%,0.09766906474820145,0.09712230215827339,31,600,0.6,True,True,False,0.4,0.020564099999319296,7,aware-same-rate,combined
LDPC,1000,10%,0.09766906474820145,0.09712230215827339,31,600,0.6,True,True,False,0.4,0.022240700000111246,7,aware-pipeline,combined
LDPC,1000,10%,0.09766906474820145,0.09712230215827339,32,600,0.6,True,True,False,0.4,0.037943399998766836,13,uniform,combined
LDPC,1000,10%,0.09766906474820145,0.09712230215827339,32,600,0.6,True,True,False,0.4,0.020783700001629768,7,aware-same-rate,combined
LDPC,1000,10%,0.09766906474820145,0.09712230215827339,32,600,0.6,True,True,False,0.4,0.022291199999017408,7,aware-pipeline,combined
LDPC,1000,10%,0.09766906474820145,0.09712230215827339,33,600,0.6,True,True,False,0.4,0.0409259000007296,15,uniform,combined
LDPC,1000,10%,0.09766906474820145,0.09712230215827339,33,600,0.6,True,True,False,0.4,0.027972600000794046,9,aware-same-rate,combined
LDPC,1000,10%,0.09766906474820145,0.09712230215827339,33,600,0.6,True,True,False,0.4,0.02384650000021793,9,aware-pipeline,combined
LDPC,1000,10%,0.09766906474820145,0.09712230215827339,34,600,0.6,True,True,False,0.4,0.03596340000149212,14,uniform,combined
LDPC,1000,10%,0.09766906474820145,0.09712230215827339,34,600,0.6,True,True,False,0.4,0.03372499999750289,12,aware-same-rate,combined
LDPC,1000,10%,0.09766906474820145,0.09712230215827339,34,600,0.6,True,True,False,0.4,0.031229000000166707,12,aware-pipeline,combined
LDPC,1000,10%,0.09766906474820145,0.09712230215827339,35,600,0.6,True,True,False,0.4,0.02266109999982291,7,uniform,combined
LDPC,1000,10%,0.09766906474820145,0.09712230215827339,35,600,0.6,True,True,False,0.4,0.021727900002588285,7,aware-same-rate,combined
LDPC,1000,10%,0.09766906474820145,0.09712230215827339,35,600,0.6,True,True,False,0.4,0.021691700003430014,7,aware-pipeline,combined
LDPC,1000,10%,0.09766906474820145,0.09712230215827339,36,600,0.6,True,True,False,0.4,0.03265359999932116,12,uniform,combined
LDPC,1000,10%,0.09766906474820145,0.09712230215827339,36,600,0.6,True,True,False,0.4,0.025173699999868404,8,aware-same-rate,combined
LDPC,1000,10%,0.09766906474820145,0.09712230215827339,36,600,0.6,True,True,False,0.4,0.024428900000202702,8,aware-pipeline,combined
LDPC,1000,10%,0.09766906474820145,0.09712230215827339,37,600,0.6,True,True,False,0.4,0.0341816000000108,12,uniform,combined
LDPC,1000,10%,0.09766906474820145,0.09712230215827339,37,600,0.6,True,True,False,0.4,0.03199430000313441,10,aware-same-rate,combined
LDPC,1000,10%,0.09766906474820145,0.09712230215827339,37,600,0.6,True,True,False,0.4,0.02968719999989844,10,aware-pipeline,combined
LDPC,1000,10%,0.09766906474820145,0.09712230215827339,38,600,0.6,True,True,False,0.4,0.03006219999952009,9,uniform,combined
LDPC,1000,10%,0.09766906474820145,0.09712230215827339,38,600,0.6,True,True,False,0.4,0.02281589999984135,8,aware-same-rate,combined
LDPC,1000,10%,0.09766906474820145,0.09712230215827339,38,600,0.6,True,True,False,0.4,0.02485739999974612,8,aware-pipeline,combined
LDPC,1000,10%,0.09766906474820145,0.09712230215827339,39,600,0.6,True,True,False,0.4,0.04017810000004829,17,uniform,combined
LDPC,1000,10%,0.09766906474820145,0.09712230215827339,39,600,0.6,True,True,False,0.4,0.03841610000017681,15,aware-same-rate,combined
LDPC,1000,10%,0.09766906474820145,0.09712230215827339,39,600,0.6,True,True,False,0.4,0.039300300002651056,15,aware-pipeline,combined
LDPC,1000,10%,0.09766906474820145,0.09712230215827339,40,600,0.6,True,True,False,0.4,0.02675209999870276,9,uniform,combined
LDPC,1000,10%,0.09766906474820145,0.09712230215827339,40,600,0.6,True,True,False,0.4,0.024594599999545608,8,aware-same-rate,combined
LDPC,1000,10%,0.09766906474820145,0.09712230215827339,40,600,0.6,True,True,False,0.4,0.027817599999252707,8,aware-pipeline,combined
LDPC,1000,10%,0.09766906474820145,0.09712230215827339,41,600,0.6,True,True,False,0.4,0.02257349999854341,7,uniform,combined
LDPC,1000,10%,0.09766906474820145,0.09712230215827339,41,600,0.6,True,True,False,0.4,0.018614000000525266,5,aware-same-rate,combined
LDPC,1000,10%,0.09766906474820145,0.09712230215827339,41,600,0.6,True,True,False,0.4,0.023470799998904113,5,aware-pipeline,combined
LDPC,1000,10%,0.09766906474820145,0.09712230215827339,42,600,0.6,True,True,False,0.4,0.029024700001173187,10,uniform,combined
LDPC,1000,10%,0.09766906474820145,0.09712230215827339,42,600,0.6,True,True,False,0.4,0.0213036999994074,7,aware-same-rate,combined
LDPC,1000,10%,0.09766906474820145,0.09712230215827339,42,600,0.6,True,True,False,0.4,0.021348300000681775,7,aware-pipeline,combined
LDPC,1000,10%,0.09766906474820145,0.09712230215827339,43,600,0.6,True,True,False,0.4,0.019832900001347298,7,uniform,combined
LDPC,1000,10%,0.09766906474820145,0.09712230215827339,43,600,0.6,True,True,False,0.4,0.025613300000259187,8,aware-same-rate,combined
LDPC,1000,10%,0.09766906474820145,0.09712230215827339,43,600,0.6,True,True,False,0.4,0.02333639999778825,8,aware-pipeline,combined
LDPC,1000,10%,0.09766906474820145,0.09712230215827339,44,600,0.6,True,True,False,0.4,0.03515499999775784,13,uniform,combined
LDPC,1000,10%,0.09766906474820145,0.09712230215827339,44,600,0.6,True,True,False,0.4,0.03358749999824795,13,aware-same-rate,combined
LDPC,1000,10%,0.09766906474820145,0.09712230215827339,44,600,0.6,True,True,False,0.4,0.037162299999181414,13,aware-pipeline,combined
LDPC,1000,10%,0.09766906474820145,0.09712230215827339,45,600,0.6,True,True,False,0.4,0.03190970000287052,11,uniform,combined
LDPC,1000,10%,0.09766906474820145,0.09712230215827339,45,600,0.6,True,True,False,0.4,0.02770809999856283,10,aware-same-rate,combined
LDPC,1000,10%,0.09766906474820145,0.09712230215827339,45,600,0.6,True,True,False,0.4,0.028790899999876274,10,aware-pipeline,combined
LDPC,1000,10%,0.09766906474820145,0.09712230215827339,46,600,0.6,True,True,False,0.4,0.060575399998924695,25,uniform,combined
LDPC,1000,10%,0.09766906474820145,0.09712230215827339,46,600,0.6,True,True,False,0.4,0.030621800000517396,12,aware-same-rate,combined
LDPC,1000,10%,0.09766906474820145,0.09712230215827339,46,600,0.6,True,True,False,0.4,0.03348240000195801,12,aware-pipeline,combined
LDPC,1000,10%,0.09766906474820145,0.09712230215827339,47,600,0.6,True,True,False,0.4,0.030411400002776645,11,uniform,combined
LDPC,1000,10%,0.09766906474820145,0.09712230215827339,47,600,0.6,True,True,False,0.4,0.022260999998252373,7,aware-same-rate,combined
LDPC,1000,10%,0.09766906474820145,0.09712230215827339,47,600,0.6,True,True,False,0.4,0.020658999997976935,7,aware-pipeline,combined
LDPC,1000,10%,0.09766906474820145,0.09712230215827339,48,600,0.6,True,True,False,0.4,0.14290930000061053,59,uniform,combined
LDPC,1000,10%,0.09766906474820145,0.09712230215827339,48,600,0.6,True,True,False,0.4,0.05537770000228193,21,aware-same-rate,combined
LDPC,1000,10%,0.09766906474820145,0.09712230215827339,48,600,0.6,True,True,False,0.4,0.054393800000980264,21,aware-pipeline,combined
LDPC,1000,10%,0.09766906474820145,0.09712230215827339,49,600,0.6,True,True,False,0.4,0.03835410000101547,14,uniform,combined
LDPC,1000,10%,0.09766906474820145,0.09712230215827339,49,600,0.6,True,True,False,0.4,0.03157719999944675,10,aware-same-rate,combined
LDPC,1000,10%,0.09766906474820145,0.09712230215827339,49,600,0.6,True,True,False,0.4,0.03411929999856511,10,aware-pipeline,combined
LDPC,1000,10%,0.09766906474820145,0.09712230215827339,50,600,0.6,False,False,False,0.0,0.27414670000143815,120,uniform,combined
LDPC,1000,10%,0.09766906474820145,0.09712230215827339,50,600,0.6,True,True,False,0.4,0.04469699999754084,16,aware-same-rate,combined
LDPC,1000,10%,0.09766906474820145,0.09712230215827339,50,600,0.6,True,True,False,0.4,0.04888750000100117,16,aware-pipeline,combined
LDPC,1000,10%,0.09766906474820145,0.09712230215827339,51,600,0.6,False,False,False,0.0,0.295499199997721,120,uniform,combined
LDPC,1000,10%,0.09766906474820145,0.09712230215827339,51,600,0.6,True,True,False,0.4,0.04079439999986789,18,aware-same-rate,combined
LDPC,1000,10%,0.09766906474820145,0.09712230215827339,51,600,0.6,True,True,False,0.4,0.04456610000124783,18,aware-pipeline,combined
LDPC,1000,10%,0.09766906474820145,0.09712230215827339,52,600,0.6,True,True,False,0.4,0.040486300000338815,18,uniform,combined
LDPC,1000,10%,0.09766906474820145,0.09712230215827339,52,600,0.6,True,True,False,0.4,0.025604099999327445,9,aware-same-rate,combined
LDPC,1000,10%,0.09766906474820145,0.09712230215827339,52,600,0.6,True,True,False,0.4,0.023177999999461463,9,aware-pipeline,combined
LDPC,1000,10%,0.09766906474820145,0.09712230215827339,53,600,0.6,True,True,False,0.4,0.04055779999907827,18,uniform,combined
LDPC,1000,10%,0.09766906474820145,0.09712230215827339,53,600,0.6,True,True,False,0.4,0.027727999997296138,12,aware-same-rate,combined
LDPC,1000,10%,0.09766906474820145,0.09712230215827339,53,600,0.6,True,True,False,0.4,0.03397409999888623,12,aware-pipeline,combined
LDPC,1000,10%,0.09766906474820145,0.09712230215827339,54,600,0.6,True,True,False,0.4,0.02561470000000554,10,uniform,combined
LDPC,1000,10%,0.09766906474820145,0.09712230215827339,54,600,0.6,True,True,False,0.4,0.021942700001090998,8,aware-same-rate,combined
LDPC,1000,10%,0.09766906474820145,0.09712230215827339,54,600,0.6,True,True,False,0.4,0.023528300000180025,8,aware-pipeline,combined
LDPC,1000,10%,0.09766906474820145,0.09712230215827339,55,600,0.6,True,True,False,0.4,0.038027999999030726,15,uniform,combined
LDPC,1000,10%,0.09766906474820145,0.09712230215827339,55,600,0.6,True,True,False,0.4,0.031759299999976065,11,aware-same-rate,combined
LDPC,1000,10%,0.09766906474820145,0.09712230215827339,55,600,0.6,True,True,False,0.4,0.03057239999907324,11,aware-pipeline,combined
LDPC,1000,10%,0.09766906474820145,0.09712230215827339,56,600,0.6,True,True,False,0.4,0.02227870000206167,8,uniform,combined
LDPC,1000,10%,0.09766906474820145,0.09712230215827339,56,600,0.6,True,True,False,0.4,0.01885979999860865,6,aware-same-rate,combined
LDPC,1000,10%,0.09766906474820145,0.09712230215827339,56,600,0.6,True,True,False,0.4,0.018038500002148794,6,aware-pipeline,combined
LDPC,1000,10%,0.09766906474820145,0.09712230215827339,57,600,0.6,True,True,False,0.4,0.0301729000020714,11,uniform,combined
LDPC,1000,10%,0.09766906474820145,0.09712230215827339,57,600,0.6,True,True,False,0.4,0.02742729999954463,11,aware-same-rate,combined
LDPC,1000,10%,0.09766906474820145,0.09712230215827339,57,600,0.6,True,True,False,0.4,0.032022500003222376,11,aware-pipeline,combined
LDPC,1000,10%,0.09766906474820145,0.09712230215827339,58,600,0.6,True,True,False,0.4,0.01934869999968214,7,uniform,combined
LDPC,1000,10%,0.09766906474820145,0.09712230215827339,58,600,0.6,True,True,False,0.4,0.025963899999624118,7,aware-same-rate,combined
LDPC,1000,10%,0.09766906474820145,0.09712230215827339,58,600,0.6,True,True,False,0.4,0.022132000001874985,7,aware-pipeline,combined
LDPC,1000,10%,0.09766906474820145,0.09712230215827339,59,600,0.6,True,True,False,0.4,0.04406519999974989,18,uniform,combined
LDPC,1000,10%,0.09766906474820145,0.09712230215827339,59,600,0.6,True,True,False,0.4,0.03439389999766718,13,aware-same-rate,combined
LDPC,1000,10%,0.09766906474820145,0.09712230215827339,59,600,0.6,True,True,False,0.4,0.033726300000125775,13,aware-pipeline,combined
