method,n,qber_label,p_true,p_est,trial,leaked_bits,syndrome_rate,claimed_success,correct,undetected_error,net_key_fraction,time_s,work_units,variant,pool,code_seed
LDPC,1000,6%,0.06520430107526881,0.06451612903225806,0,500,0.5,True,True,False,0.5,0.04119639999771607,21,uniform,0,0
LDPC,1000,6%,0.06520430107526881,0.06451612903225806,0,500,0.5,True,True,False,0.5,0.03801569999995991,16,aware-pipeline,0,0
LDPC,1000,6%,0.06520430107526881,0.06451612903225806,0,600,0.6,True,True,False,0.4,0.02402269999947748,9,uniform,0,1
LDPC,1000,6%,0.06520430107526881,0.06451612903225806,0,500,0.5,True,True,False,0.5,0.022949599999265047,9,aware-pipeline,0,1
LDPC,1000,6%,0.06520430107526881,0.06451612903225806,1,500,0.5,True,True,False,0.5,0.04607609999948181,25,uniform,0,0
LDPC,1000,6%,0.06520430107526881,0.06451612903225806,1,500,0.5,True,True,False,0.5,0.023281699999643024,9,aware-pipeline,0,0
LDPC,1000,6%,0.06520430107526881,0.06451612903225806,1,600,0.6,True,True,False,0.4,0.015533800000412157,5,uniform,0,1
LDPC,1000,6%,0.06520430107526881,0.06451612903225806,1,500,0.5,True,True,False,0.5,0.017292500000621658,7,aware-pipeline,0,1
LDPC,1000,6%,0.06520430107526881,0.06451612903225806,2,500,0.5,True,True,False,0.5,0.020113700000365498,8,uniform,0,0
LDPC,1000,6%,0.06520430107526881,0.06451612903225806,2,500,0.5,True,True,False,0.5,0.015285299999959534,5,aware-pipeline,0,0
LDPC,1000,6%,0.06520430107526881,0.06451612903225806,2,600,0.6,True,True,False,0.4,0.013856500001566019,4,uniform,0,1
LDPC,1000,6%,0.06520430107526881,0.06451612903225806,2,500,0.5,True,True,False,0.5,0.013214099999458995,5,aware-pipeline,0,1
LDPC,1000,6%,0.06520430107526881,0.06451612903225806,3,500,0.5,False,False,False,0.0,0.1895719000021927,120,uniform,0,0
LDPC,1000,6%,0.06520430107526881,0.06451612903225806,3,500,0.5,True,True,False,0.5,0.06020189999981085,37,aware-pipeline,0,0
LDPC,1000,6%,0.06520430107526881,0.06451612903225806,3,600,0.6,True,True,False,0.4,0.011215599999559345,5,uniform,0,1
LDPC,1000,6%,0.06520430107526881,0.06451612903225806,3,500,0.5,True,True,False,0.5,0.020469200000661658,9,aware-pipeline,0,1
LDPC,1000,6%,0.06520430107526881,0.06451612903225806,4,500,0.5,False,False,False,0.0,0.189783300000272,120,uniform,0,0
LDPC,1000,6%,0.06520430107526881,0.06451612903225806,4,500,0.5,True,True,False,0.5,0.020314699999289587,11,aware-pipeline,0,0
LDPC,1000,6%,0.06520430107526881,0.06451612903225806,4,600,0.6,True,True,False,0.4,0.014557700000295881,6,uniform,0,1
LDPC,1000,6%,0.06520430107526881,0.06451612903225806,4,500,0.5,True,True,False,0.5,0.018568600000435254,8,aware-pipeline,0,1
LDPC,1000,6%,0.06520430107526881,0.06451612903225806,5,500,0.5,True,True,False,0.5,0.020875800000794698,10,uniform,0,0
LDPC,1000,6%,0.06520430107526881,0.06451612903225806,5,500,0.5,True,True,False,0.5,0.01735529999859864,7,aware-pipeline,0,0
LDPC,1000,6%,0.06520430107526881,0.06451612903225806,5,600,0.6,True,True,False,0.4,0.011501900000439491,5,uniform,0,1
LDPC,1000,6%,0.06520430107526881,0.06451612903225806,5,500,0.5,True,True,False,0.5,0.016437300000688992,8,aware-pipeline,0,1
LDPC,1000,6%,0.06520430107526881,0.06451612903225806,6,500,0.5,True,True,False,0.5,0.017087199998059077,8,uniform,0,0
LDPC,1000,6%,0.06520430107526881,0.06451612903225806,6,500,0.5,True,True,False,0.5,0.014486100000794977,7,aware-pipeline,0,0
LDPC,1000,6%,0.06520430107526881,0.06451612903225806,6,600,0.6,True,True,False,0.4,0.013438199999654898,5,uniform,0,1
LDPC,1000,6%,0.06520430107526881,0.06451612903225806,6,500,0.5,True,True,False,0.5,0.015548100000160048,6,aware-pipeline,0,1
LDPC,1000,6%,0.06520430107526881,0.06451612903225806,7,500,0.5,True,True,False,0.5,0.024960399998235516,11,uniform,0,0
LDPC,1000,6%,0.06520430107526881,0.06451612903225806,7,500,0.5,True,True,False,0.5,0.021302299999661045,12,aware-pipeline,0,0
LDPC,1000,6%,0.06520430107526881,0.06451612903225806,7,600,0.6,True,True,False,0.4,0.014389100000698818,6,uniform,0,1
LDPC,1000,6%,0.06520430107526881,0.06451612903225806,7,500,0.5,True,True,False,0.5,0.01719999999841093,9,aware-pipeline,0,1
LDPC,1000,6%,0.06520430107526881,0.06451612903225806,8,500,0.5,True,True,False,0.5,0.0185840999984066,10,uniform,0,0
LDPC,1000,6%,0.06520430107526881,0.06451612903225806,8,500,0.5,True,True,False,0.5,0.013818899999023415,6,aware-pipeline,0,0
LDPC,1000,6%,0.06520430107526881,0.06451612903225806,8,600,0.6,True,True,False,0.4,0.014348000000609318,5,uniform,0,1
LDPC,1000,6%,0.06520430107526881,0.06451612903225806,8,500,0.5,True,True,False,0.5,0.016823499998281477,8,aware-pipeline,0,1
LDPC,1000,6%,0.06520430107526881,0.06451612903225806,9,500,0.5,True,True,False,0.5,0.014609899997594766,7,uniform,0,0
LDPC,1000,6%,0.06520430107526881,0.06451612903225806,9,500,0.5,True,True,False,0.5,0.016207199998461874,8,aware-pipeline,0,0
LDPC,1000,6%,0.06520430107526881,0.06451612903225806,9,600,0.6,True,True,False,0.4,0.01244589999987511,6,uniform,0,1
LDPC,1000,6%,0.06520430107526881,0.06451612903225806,9,500,0.5,True,True,False,0.5,0.0158166999972309,7,aware-pipeline,0,1
LDPC,1000,6%,0.06520430107526881,0.06451612903225806,10,500,0.5,True,True,False,0.5,0.012379499999951804,5,uniform,0,0
LDPC,1000,6%,0.06520430107526881,0.06451612903225806,10,500,0.5,True,True,False,0.5,0.012816599999496248,4,aware-pipeline,0,0
LDPC,1000,6%,0.06520430107526881,0.06451612903225806,10,600,0.6,True,True,False,0.4,0.013638100001116982,4,uniform,0,1
LDPC,1000,6%,0.06520430107526881,0.06451612903225806,10,500,0.5,True,True,False,0.5,0.010356199996749638,5,aware-pipeline,0,1
LDPC,1000,6%,0.06520430107526881,0.06451612903225806,11,500,0.5,True,True,False,0.5,0.0268419999993057,11,uniform,0,0
LDPC,1000,6%,0.06520430107526881,0.06451612903225806,11,500,0.5,True,True,False,0.5,0.017614699998375727,8,aware-pipeline,0,0
LDPC,1000,6%,0.06520430107526881,0.06451612903225806,11,600,0.6,True,True,False,0.4,0.01727970000138157,5,uniform,0,1
LDPC,1000,6%,0.06520430107526881,0.06451612903225806,11,500,0.5,True,True,False,0.5,0.017346900000120513,8,aware-pipeline,0,1
LDPC,1000,6%,0.06520430107526881,0.06451612903225806,12,500,0.5,False,False,False,0.0,0.19876469999871915,120,uniform,0,0
LDPC,1000,6%,0.06520430107526881,0.06451612903225806,12,500,0.5,True,True,False,0.5,0.029136400000425056,16,aware-pipeline,0,0
LDPC,1000,6%,0.06520430107526881,0.06451612903225806,12,600,0.6,True,True,False,0.4,0.019364899999345653,9,uniform,0,1
LDPC,1000,6%,0.06520430107526881,0.06451612903225806,12,500,0.5,True,True,False,0.5,0.02922939999916707,16,aware-pipeline,0,1
LDPC,1000,6%,0.06520430107526881,0.06451612903225806,13,500,0.5,True,True,False,0.5,0.018320800001674797,10,uniform,0,0
LDPC,1000,6%,0.06520430107526881,0.06451612903225806,13,500,0.5,True,True,False,0.5,0.0187729000026593,10,aware-pipeline,0,0
LDPC,1000,6%,0.06520430107526881,0.06451612903225806,13,600,0.6,True,True,False,0.4,0.013680100000783568,5,uniform,0,1
LDPC,1000,6%,0.06520430107526881,0.06451612903225806,13,500,0.5,True,True,False,0.5,0.01813669999683043,9,aware-pipeline,0,1
LDPC,1000,6%,0.06520430107526881,0.06451612903225806,14,500,0.5,True,True,False,0.5,0.01489420000143582,7,uniform,0,0
LDPC,1000,6%,0.06520430107526881,0.06451612903225806,14,500,0.5,True,True,False,0.5,0.01827690000209259,8,aware-pipeline,0,0
LDPC,1000,6%,0.06520430107526881,0.06451612903225806,14,600,0.6,True,True,False,0.4,0.014062999998714076,5,uniform,0,1
LDPC,1000,6%,0.06520430107526881,0.06451612903225806,14,500,0.5,True,True,False,0.5,0.015411000000312924,7,aware-pipeline,0,1
LDPC,1000,6%,0.06520430107526881,0.06451612903225806,15,500,0.5,True,True,False,0.5,0.017607999998290325,9,uniform,0,0
LDPC,1000,6%,0.06520430107526881,0.06451612903225806,15,500,0.5,True,True,False,0.5,0.01423369999974966,6,aware-pipeline,0,0
LDPC,1000,6%,0.06520430107526881,0.06451612903225806,15,600,0.6,True,True,False,0.4,0.015604000000166707,6,uniform,0,1
LDPC,1000,6%,0.06520430107526881,0.06451612903225806,15,500,0.5,True,True,False,0.5,0.01643790000161971,7,aware-pipeline,0,1
LDPC,1000,6%,0.06520430107526881,0.06451612903225806,16,500,0.5,True,True,False,0.5,0.02193970000007539,12,uniform,0,0
LDPC,1000,6%,0.06520430107526881,0.06451612903225806,16,500,0.5,True,True,False,0.5,0.018868200000724755,9,aware-pipeline,0,0
LDPC,1000,6%,0.06520430107526881,0.06451612903225806,16,600,0.6,True,True,False,0.4,0.014060800000152085,5,uniform,0,1
LDPC,1000,6%,0.06520430107526881,0.06451612903225806,16,500,0.5,True,True,False,0.5,0.017716599999403115,9,aware-pipeline,0,1
LDPC,1000,6%,0.06520430107526881,0.06451612903225806,17,500,0.5,True,True,False,0.5,0.0213807000000088,11,uniform,0,0
LDPC,1000,6%,0.06520430107526881,0.06451612903225806,17,500,0.5,True,True,False,0.5,0.013586000000941567,7,aware-pipeline,0,0
LDPC,1000,6%,0.06520430107526881,0.06451612903225806,17,600,0.6,True,True,False,0.4,0.014648699998360826,5,uniform,0,1
LDPC,1000,6%,0.06520430107526881,0.06451612903225806,17,500,0.5,True,True,False,0.5,0.025775300000532297,12,aware-pipeline,0,1
LDPC,1000,6%,0.06520430107526881,0.06451612903225806,18,500,0.5,True,True,False,0.5,0.013794499998766696,6,uniform,0,0
LDPC,1000,6%,0.06520430107526881,0.06451612903225806,18,500,0.5,True,True,False,0.5,0.010129399997822475,5,aware-pipeline,0,0
LDPC,1000,6%,0.06520430107526881,0.06451612903225806,18,600,0.6,True,True,False,0.4,0.013019500001973938,4,uniform,0,1
LDPC,1000,6%,0.06520430107526881,0.06451612903225806,18,500,0.5,True,True,False,0.5,0.013720200000534533,5,aware-pipeline,0,1
LDPC,1000,6%,0.06520430107526881,0.06451612903225806,19,500,0.5,True,True,False,0.5,0.029112299998814706,16,uniform,0,0
LDPC,1000,6%,0.06520430107526881,0.06451612903225806,19,500,0.5,True,True,False,0.5,0.028217699997185264,16,aware-pipeline,0,0
LDPC,1000,6%,0.06520430107526881,0.06451612903225806,19,600,0.6,True,True,False,0.4,0.016160700000909856,7,uniform,0,1
LDPC,1000,6%,0.06520430107526881,0.06451612903225806,19,500,0.5,True,True,False,0.5,0.19012870000005933,109,aware-pipeline,0,1
LDPC,1000,6%,0.06520430107526881,0.06451612903225806,20,500,0.5,True,True,False,0.5,0.01991009999983362,10,uniform,0,0
LDPC,1000,6%,0.06520430107526881,0.06451612903225806,20,500,0.5,True,True,False,0.5,0.017420600001059938,7,aware-pipeline,0,0
LDPC,1000,6%,0.06520430107526881,0.06451612903225806,20,600,0.6,True,True,False,0.4,0.01799390000087442,6,uniform,0,1
LDPC,1000,6%,0.06520430107526881,0.06451612903225806,20,500,0.5,True,True,False,0.5,0.017296099998930003,7,aware-pipeline,0,1
LDPC,1000,6%,0.06520430107526881,0.06451612903225806,21,500,0.5,True,True,False,0.5,0.023233100000652485,8,uniform,0,0
LDPC,1000,6%,0.06520430107526881,0.06451612903225806,21,500,0.5,True,True,False,0.5,0.013649699998495635,6,aware-pipeline,0,0
LDPC,1000,6%,0.06520430107526881,0.06451612903225806,21,600,0.6,True,True,False,0.4,0.013774300001387019,6,uniform,0,1
LDPC,1000,6%,0.06520430107526881,0.06451612903225806,21,500,0.5,True,True,False,0.5,0.013948899999377318,6,aware-pipeline,0,1
LDPC,1000,6%,0.06520430107526881,0.06451612903225806,22,500,0.5,True,True,False,0.5,0.015615700001944788,6,uniform,0,0
LDPC,1000,6%,0.06520430107526881,0.06451612903225806,22,500,0.5,True,True,False,0.5,0.01537800000005518,6,aware-pipeline,0,0
LDPC,1000,6%,0.06520430107526881,0.06451612903225806,22,600,0.6,True,True,False,0.4,0.014061699999729171,5,uniform,0,1
LDPC,1000,6%,0.06520430107526881,0.06451612903225806,22,500,0.5,True,True,False,0.5,0.01184339999963413,4,aware-pipeline,0,1
LDPC,1000,6%,0.06520430107526881,0.06451612903225806,23,500,0.5,True,True,False,0.5,0.020573300000251038,11,uniform,0,0
LDPC,1000,6%,0.06520430107526881,0.06451612903225806,23,500,0.5,True,True,False,0.5,0.015157599998929072,7,aware-pipeline,0,0
LDPC,1000,6%,0.06520430107526881,0.06451612903225806,23,600,0.6,True,True,False,0.4,0.014769500001420965,6,uniform,0,1
LDPC,1000,6%,0.06520430107526881,0.06451612903225806,23,500,0.5,True,True,False,0.5,0.01685889999862411,8,aware-pipeline,0,1
LDPC,1000,6%,0.06520430107526881,0.06451612903225806,24,500,0.5,True,True,False,0.5,0.022758200000680517,13,uniform,0,0
LDPC,1000,6%,0.06520430107526881,0.06451612903225806,24,500,0.5,True,True,False,0.5,0.025020500001119217,13,aware-pipeline,0,0
LDPC,1000,6%,0.06520430107526881,0.06451612903225806,24,600,0.6,True,True,False,0.4,0.014063700000406243,6,uniform,0,1
LDPC,1000,6%,0.06520430107526881,0.06451612903225806,24,500,0.5,True,True,False,0.5,0.017968299998756265,9,aware-pipeline,0,1
LDPC,1000,6%,0.06520430107526881,0.06451612903225806,25,500,0.5,True,True,False,0.5,0.017308499998762272,8,uniform,0,0
LDPC,1000,6%,0.06520430107526881,0.06451612903225806,25,500,0.5,True,True,False,0.5,0.014927700001862831,7,aware-pipeline,0,0
LDPC,1000,6%,0.06520430107526881,0.06451612903225806,25,600,0.6,True,True,False,0.4,0.011309599998639897,5,uniform,0,1
LDPC,1000,6%,0.06520430107526881,0.06451612903225806,25,500,0.5,True,True,False,0.5,0.015568099999654805,6,aware-pipeline,0,1
LDPC,1000,6%,0.06520430107526881,0.06451612903225806,26,500,0.5,True,True,False,0.5,0.017361500002152752,8,uniform,0,0
LDPC,1000,6%,0.06520430107526881,0.06451612903225806,26,500,0.5,True,True,False,0.5,0.014981799999077339,6,aware-pipeline,0,0
LDPC,1000,6%,0.06520430107526881,0.06451612903225806,26,600,0.6,True,True,False,0.4,0.014350599998579128,5,uniform,0,1
LDPC,1000,6%,0.06520430107526881,0.06451612903225806,26,500,0.5,True,True,False,0.5,0.015050899997731904,6,aware-pipeline,0,1
LDPC,1000,6%,0.06520430107526881,0.06451612903225806,27,500,0.5,True,True,False,0.5,0.016315699998813216,7,uniform,0,0
LDPC,1000,6%,0.06520430107526881,0.06451612903225806,27,500,0.5,True,True,False,0.5,0.015064899998833425,6,aware-pipeline,0,0
LDPC,1000,6%,0.06520430107526881,0.06451612903225806,27,600,0.6,True,True,False,0.4,0.014859900002193172,4,uniform,0,1
LDPC,1000,6%,0.06520430107526881,0.06451612903225806,27,500,0.5,True,True,False,0.5,0.012587100001837825,5,aware-pipeline,0,1
LDPC,1000,6%,0.06520430107526881,0.06451612903225806,28,500,0.5,True,True,False,0.5,0.017048599998815916,8,uniform,0,0
LDPC,1000,6%,0.06520430107526881,0.06451612903225806,28,500,0.5,True,True,False,0.5,0.014520799999445444,6,aware-pipeline,0,0
LDPC,1000,6%,0.06520430107526881,0.06451612903225806,28,600,0.6,True,True,False,0.4,0.021293300000252202,10,uniform,0,1
LDPC,1000,6%,0.06520430107526881,0.06451612903225806,28,500,0.5,True,True,False,0.5,0.016267399998469045,7,aware-pipeline,0,1
LDPC,1000,6%,0.06520430107526881,0.06451612903225806,29,500,0.5,True,True,False,0.5,0.030292499999632128,15,uniform,0,0
LDPC,1000,6%,0.06520430107526881,0.06451612903225806,29,500,0.5,True,True,False,0.5,0.01689780000015162,8,aware-pipeline,0,0
LDPC,1000,6%,0.06520430107526881,0.06451612903225806,29,600,0.6,True,True,False,0.4,0.016075899999123067,6,uniform,0,1
LDPC,1000,6%,0.06520430107526881,0.06451612903225806,29,500,0.5,True,True,False,0.5,0.01952979999987292,9,aware-pipeline,0,1
LDPC,1000,6%,0.06520430107526881,0.06451612903225806,30,500,0.5,True,True,False,0.5,0.04781870000078925,26,uniform,0,0
LDPC,1000,6%,0.06520430107526881,0.06451612903225806,30,500,0.5,True,True,False,0.5,0.018923399999039248,10,aware-pipeline,0,0
LDPC,1000,6%,0.06520430107526881,0.06451612903225806,30,600,0.6,True,True,False,0.4,0.016099899999971967,7,uniform,0,1
LDPC,1000,6%,0.06520430107526881,0.06451612903225806,30,500,0.5,True,True,False,0.5,0.029662199998711003,17,aware-pipeline,0,1
LDPC,1000,6%,0.06520430107526881,0.06451612903225806,31,500,0.5,True,True,False,0.5,0.017164699998829747,8,uniform,0,0
LDPC,1000,6%,0.06520430107526881,0.06451612903225806,31,500,0.5,True,True,False,0.5,0.014132899999822257,6,aware-pipeline,0,0
LDPC,1000,6%,0.06520430107526881,0.06451612903225806,31,600,0.6,True,True,False,0.4,0.011372599998139776,5,uniform,0,1
LDPC,1000,6%,0.06520430107526881,0.06451612903225806,31,500,0.5,True,True,False,0.5,0.020649399997637374,9,aware-pipeline,0,1
LDPC,1000,6%,0.06520430107526881,0.06451612903225806,32,500,0.5,False,False,False,0.0,0.18718900000021677,120,uniform,0,0
LDPC,1000,6%,0.06520430107526881,0.06451612903225806,32,500,0.5,True,True,False,0.5,0.024319700001797173,12,aware-pipeline,0,0
LDPC,1000,6%,0.06520430107526881,0.06451612903225806,32,600,0.6,True,True,False,0.4,0.01408870000159368,6,uniform,0,1
LDPC,1000,6%,0.06520430107526881,0.06451612903225806,32,500,0.5,True,True,False,0.5,0.020123400001466507,10,aware-pipeline,0,1
LDPC,1000,6%,0.06520430107526881,0.06451612903225806,33,500,0.5,True,True,False,0.5,0.018652700000529876,9,uniform,0,0
LDPC,1000,6%,0.06520430107526881,0.06451612903225806,33,500,0.5,True,True,False,0.5,0.015496500000153901,7,aware-pipeline,0,0
LDPC,1000,6%,0.06520430107526881,0.06451612903225806,33,600,0.6,True,True,False,0.4,0.011266699999396224,5,uniform,0,1
LDPC,1000,6%,0.06520430107526881,0.06451612903225806,33,500,0.5,True,True,False,0.5,0.014157499997963896,6,aware-pipeline,0,1
LDPC,1000,6%,0.06520430107526881,0.06451612903225806,34,500,0.5,True,True,False,0.5,0.05542470000000321,34,uniform,0,0
LDPC,1000,6%,0.06520430107526881,0.06451612903225806,34,500,0.5,True,True,False,0.5,0.02093559999775607,12,aware-pipeline,0,0
LDPC,1000,6%,0.06520430107526881,0.06451612903225806,34,600,0.6,True,True,False,0.4,0.014871100000164006,7,uniform,0,1
LDPC,1000,6%,0.06520430107526881,0.06451612903225806,34,500,0.5,True,True,False,0.5,0.01591240000198013,8,aware-pipeline,0,1
LDPC,1000,6%,0.06520430107526881,0.06451612903225806,35,500,0.5,True,True,False,0.5,0.01572899999882793,8,uniform,0,0
LDPC,1000,6%,0.06520430107526881,0.06451612903225806,35,500,0.5,True,True,False,0.5,0.014608199999202043,7,aware-pipeline,0,0
LDPC,1000,6%,0.06520430107526881,0.06451612903225806,35,600,0.6,True,True,False,0.4,0.011274200001935242,5,uniform,0,1
LDPC,1000,6%,0.06520430107526881,0.06451612903225806,35,500,0.5,True,True,False,0.5,0.0145338999973319,7,aware-pipeline,0,1
LDPC,1000,6%,0.06520430107526881,0.06451612903225806,36,500,0.5,False,False,False,0.0,0.18320840000160388,120,uniform,0,0
LDPC,1000,6%,0.06520430107526881,0.06451612903225806,36,500,0.5,True,True,False,0.5,0.02386079999996582,13,aware-pipeline,0,0
LDPC,1000,6%,0.06520430107526881,0.06451612903225806,36,600,0.6,True,True,False,0.4,0.01910189999762224,9,uniform,0,1
LDPC,1000,6%,0.06520430107526881,0.06451612903225806,36,500,0.5,True,True,False,0.5,0.020699500000773696,10,aware-pipeline,0,1
LDPC,1000,6%,0.06520430107526881,0.06451612903225806,37,500,0.5,True,True,False,0.5,0.02158929999859538,12,uniform,0,0
LDPC,1000,6%,0.06520430107526881,0.06451612903225806,37,500,0.5,True,True,False,0.5,0.012285400000109803,5,aware-pipeline,0,0
LDPC,1000,6%,0.06520430107526881,0.06451612903225806,37,600,0.6,True,True,False,0.4,0.017090400000597583,7,uniform,0,1
LDPC,1000,6%,0.06520430107526881,0.06451612903225806,37,500,0.5,True,True,False,0.5,0.015119900002900977,7,aware-pipeline,0,1
LDPC,1000,6%,0.06520430107526881,0.06451612903225806,38,500,0.5,True,True,False,0.5,0.016572699998505414,8,uniform,0,0
LDPC,1000,6%,0.06520430107526881,0.06451612903225806,38,500,0.5,True,True,False,0.5,0.018084299998008646,6,aware-pipeline,0,0
LDPC,1000,6%,0.06520430107526881,0.06451612903225806,38,600,0.6,True,True,False,0.4,0.015353099999629194,6,uniform,0,1
LDPC,1000,6%,0.06520430107526881,0.06451612903225806,38,500,0.5,True,True,False,0.5,0.015141800002311356,6,aware-pipeline,0,1
LDPC,1000,6%,0.06520430107526881,0.06451612903225806,39,500,0.5,True,True,False,0.5,0.024985100000776583,13,uniform,0,0
LDPC,1000,6%,0.06520430107526881,0.06451612903225806,39,500,0.5,True,True,False,0.5,0.018624000000272645,10,aware-pipeline,0,0
LDPC,1000,6%,0.06520430107526881,0.06451612903225806,39,600,0.6,True,True,False,0.4,0.014963900001021102,6,uniform,0,1
LDPC,1000,6%,0.06520430107526881,0.06451612903225806,39,500,0.5,True,True,False,0.5,0.02541229999769712,9,aware-pipeline,0,1
LDPC,1000,6%,0.06535483870967741,0.07075268817204301,0,600,0.6,True,True,False,0.4,0.01426510000237613,5,uniform,1,0
LDPC,1000,6%,0.06535483870967741,0.07075268817204301,0,500,0.5,True,True,False,0.5,0.021508199999516364,10,aware-pipeline,1,0
LDPC,1000,6%,0.06535483870967741,0.07075268817204301,0,600,0.6,True,True,False,0.4,0.01608430000123917,6,uniform,1,1
LDPC,1000,6%,0.06535483870967741,0.07075268817204301,0,500,0.5,True,True,False,0.5,0.02266080000117654,9,aware-pipeline,1,1
LDPC,1000,6%,0.06535483870967741,0.07075268817204301,1,600,0.6,True,True,False,0.4,0.01619130000108271,5,uniform,1,0
LDPC,1000,6%,0.06535483870967741,0.07075268817204301,1,500,0.5,True,True,False,0.5,0.015771799997310154,7,aware-pipeline,1,0
LDPC,1000,6%,0.06535483870967741,0.07075268817204301,1,600,0.6,True,True,False,0.4,0.01664840000012191,6,uniform,1,1
LDPC,1000,6%,0.06535483870967741,0.07075268817204301,1,500,0.5,True,True,False,0.5,0.01641360000212444,7,aware-pipeline,1,1
LDPC,1000,6%,0.06535483870967741,0.07075268817204301,2,600,0.6,True,True,False,0.4,0.016354499999579275,6,uniform,1,0
LDPC,1000,6%,0.06535483870967741,0.07075268817204301,2,500,0.5,True,True,False,0.5,0.014866900000924943,6,aware-pipeline,1,0
LDPC,1000,6%,0.06535483870967741,0.07075268817204301,2,600,0.6,True,True,False,0.4,0.01841699999931734,6,uniform,1,1
LDPC,1000,6%,0.06535483870967741,0.07075268817204301,2,500,0.5,True,True,False,0.5,0.013026600001467159,5,aware-pipeline,1,1
LDPC,1000,6%,0.06535483870967741,0.07075268817204301,3,600,0.6,True,True,False,0.4,0.01597879999826546,6,uniform,1,0
LDPC,1000,6%,0.06535483870967741,0.07075268817204301,3,500,0.5,True,True,False,0.5,0.016799799999716925,7,aware-pipeline,1,0
LDPC,1000,6%,0.06535483870967741,0.07075268817204301,3,600,0.6,True,True,False,0.4,0.013208100001065759,4,uniform,1,1
LDPC,1000,6%,0.06535483870967741,0.07075268817204301,3,500,0.5,True,True,False,0.5,0.019632999999885214,9,aware-pipeline,1,1
LDPC,1000,6%,0.06535483870967741,0.07075268817204301,4,600,0.6,True,True,False,0.4,0.015430199997354066,5,uniform,1,0
LDPC,1000,6%,0.06535483870967741,0.07075268817204301,4,500,0.5,True,True,False,0.5,0.01524260000223876,6,aware-pipeline,1,0
LDPC,1000,6%,0.06535483870967741,0.07075268817204301,4,600,0.6,True,True,False,0.4,0.013462599999911617,5,uniform,1,1
LDPC,1000,6%,0.06535483870967741,0.07075268817204301,4,500,0.5,True,True,False,0.5,0.012884499999927357,6,aware-pipeline,1,1
LDPC,1000,6%,0.06535483870967741,0.07075268817204301,5,600,0.6,True,True,False,0.4,0.015635200001270277,6,uniform,1,0
LDPC,1000,6%,0.06535483870967741,0.07075268817204301,5,500,0.5,True,True,False,0.5,0.013729599999351194,6,aware-pipeline,1,0
LDPC,1000,6%,0.06535483870967741,0.07075268817204301,5,600,0.6,True,True,False,0.4,0.014391600001545157,5,uniform,1,1
LDPC,1000,6%,0.06535483870967741,0.07075268817204301,5,500,0.5,True,True,False,0.5,0.01872419999926933,8,aware-pipeline,1,1
LDPC,1000,6%,0.06535483870967741,0.07075268817204301,6,600,0.6,True,True,False,0.4,0.013760199999524048,4,uniform,1,0
LDPC,1000,6%,0.06535483870967741,0.07075268817204301,6,500,0.5,True,True,False,0.5,0.01233910000155447,5,aware-pipeline,1,0
LDPC,1000,6%,0.06535483870967741,0.07075268817204301,6,600,0.6,True,True,False,0.4,0.012098200000764336,4,uniform,1,1
LDPC,1000,6%,0.06535483870967741,0.07075268817204301,6,500,0.5,True,True,False,0.5,0.012273300002561882,5,aware-pipeline,1,1
LDPC,1000,6%,0.06535483870967741,0.07075268817204301,7,600,0.6,True,True,False,0.4,0.01763299999947776,7,uniform,1,0
LDPC,1000,6%,0.06535483870967741,0.07075268817204301,7,500,0.5,True,True,False,0.5,0.01695300000210409,8,aware-pipeline,1,0
LDPC,1000,6%,0.06535483870967741,0.07075268817204301,7,600,0.6,True,True,False,0.4,0.013625499999761814,5,uniform,1,1
LDPC,1000,6%,0.06535483870967741,0.07075268817204301,7,500,0.5,True,True,False,0.5,0.020842900001298403,8,aware-pipeline,1,1
LDPC,1000,6%,0.06535483870967741,0.07075268817204301,8,600,0.6,True,True,False,0.4,0.014848599999822909,5,uniform,1,0
LDPC,1000,6%,0.06535483870967741,0.07075268817204301,8,500,0.5,True,True,False,0.5,0.01658769999994547,8,aware-pipeline,1,0
LDPC,1000,6%,0.06535483870967741,0.07075268817204301,8,600,0.6,True,True,False,0.4,0.011251299998548348,4,uniform,1,1
LDPC,1000,6%,0.06535483870967741,0.07075268817204301,8,500,0.5,True,True,False,0.5,0.014012999999977183,6,aware-pipeline,1,1
LDPC,1000,6%,0.06535483870967741,0.07075268817204301,9,600,0.6,True,True,False,0.4,0.015531700002611615,6,uniform,1,0
LDPC,1000,6%,0.06535483870967741,0.07075268817204301,9,500,0.5,True,True,False,0.5,0.017377899999701185,8,aware-pipeline,1,0
LDPC,1000,6%,0.06535483870967741,0.07075268817204301,9,600,0.6,True,True,False,0.4,0.016309000002365792,6,uniform,1,1
LDPC,1000,6%,0.06535483870967741,0.07075268817204301,9,500,0.5,True,True,False,0.5,0.02013760000045295,10,aware-pipeline,1,1
LDPC,1000,6%,0.06535483870967741,0.07075268817204301,10,600,0.6,True,True,False,0.4,0.014355899998918176,5,uniform,1,0
LDPC,1000,6%,0.06535483870967741,0.07075268817204301,10,500,0.5,True,True,False,0.5,0.022013999998307554,11,aware-pipeline,1,0
LDPC,1000,6%,0.06535483870967741,0.07075268817204301,10,600,0.6,True,True,False,0.4,0.0174181000002136,7,uniform,1,1
LDPC,1000,6%,0.06535483870967741,0.07075268817204301,10,500,0.5,True,True,False,0.5,0.01630960000329651,8,aware-pipeline,1,1
LDPC,1000,6%,0.06535483870967741,0.07075268817204301,11,600,0.6,True,True,False,0.4,0.01148990000001504,4,uniform,1,0
LDPC,1000,6%,0.06535483870967741,0.07075268817204301,11,500,0.5,True,True,False,0.5,0.016350099998817313,7,aware-pipeline,1,0
LDPC,1000,6%,0.06535483870967741,0.07075268817204301,11,600,0.6,True,True,False,0.4,0.014426600002479972,5,uniform,1,1
LDPC,1000,6%,0.06535483870967741,0.07075268817204301,11,500,0.5,True,True,False,0.5,0.014819800002442207,6,aware-pipeline,1,1
LDPC,1000,6%,0.06535483870967741,0.07075268817204301,12,600,0.6,True,True,False,0.4,0.017179999998916173,7,uniform,1,0
LDPC,1000,6%,0.06535483870967741,0.07075268817204301,12,500,0.5,True,True,False,0.5,0.02228290000130073,12,aware-pipeline,1,0
LDPC,1000,6%,0.06535483870967741,0.07075268817204301,12,600,0.6,True,True,False,0.4,0.012324399998760782,5,uniform,1,1
LDPC,1000,6%,0.06535483870967741,0.07075268817204301,12,500,0.5,True,True,False,0.5,0.025901199998770608,13,aware-pipeline,1,1
LDPC,1000,6%,0.06535483870967741,0.07075268817204301,13,600,0.6,True,True,False,0.4,0.011329000000841916,4,uniform,1,0
LDPC,1000,6%,0.06535483870967741,0.07075268817204301,13,500,0.5,True,True,False,0.5,0.01425569999992149,7,aware-pipeline,1,0
LDPC,1000,6%,0.06535483870967741,0.07075268817204301,13,600,0.6,True,True,False,0.4,0.009510400002909591,3,uniform,1,1
LDPC,1000,6%,0.06535483870967741,0.07075268817204301,13,500,0.5,True,True,False,0.5,0.013349600001674844,6,aware-pipeline,1,1
LDPC,1000,6%,0.06535483870967741,0.07075268817204301,14,600,0.6,True,True,False,0.4,0.012615600000572158,5,uniform,1,0
LDPC,1000,6%,0.06535483870967741,0.07075268817204301,14,500,0.5,True,True,False,0.5,0.014079300002777018,7,aware-pipeline,1,0
LDPC,1000,6%,0.06535483870967741,0.07075268817204301,14,600,0.6,True,True,False,0.4,0.01182880000123987,4,uniform,1,1
LDPC,1000,6%,0.06535483870967741,0.07075268817204301,14,500,0.5,True,True,False,0.5,0.016876800000318326,8,aware-pipeline,1,1
LDPC,1000,6%,0.06535483870967741,0.07075268817204301,15,600,0.6,True,True,False,0.4,0.011743500002921792,4,uniform,1,0
LDPC,1000,6%,0.06535483870967741,0.07075268817204301,15,500,0.5,True,True,False,0.5,0.011709399997926084,5,aware-pipeline,1,0
LDPC,1000,6%,0.06535483870967741,0.07075268817204301,15,600,0.6,True,True,False,0.4,0.0104377999996359,4,uniform,1,1
LDPC,1000,6%,0.06535483870967741,0.07075268817204301,15,500,0.5,True,True,False,0.5,0.011036600000807084,4,aware-pipeline,1,1
LDPC,1000,6%,0.06535483870967741,0.07075268817204301,16,600,0.6,True,True,False,0.4,0.01261760000124923,5,uniform,1,0
LDPC,1000,6%,0.06535483870967741,0.07075268817204301,16,500,0.5,True,True,False,0.5,0.01598759999978938,8,aware-pipeline,1,0
LDPC,1000,6%,0.06535483870967741,0.07075268817204301,16,600,0.6,True,True,False,0.4,0.010793999997986248,4,uniform,1,1
LDPC,1000,6%,0.06535483870967741,0.07075268817204301,16,500,0.5,True,True,False,0.5,0.014860100000078091,7,aware-pipeline,1,1
LDPC,1000,6%,0.06535483870967741,0.07075268817204301,17,600,0.6,True,True,False,0.4,0.015895299999101553,6,uniform,1,0
LDPC,1000,6%,0.06535483870967741,0.07075268817204301,17,500,0.5,True,True,False,0.5,0.015235099999699742,6,aware-pipeline,1,0
LDPC,1000,6%,0.06535483870967741,0.07075268817204301,17,600,0.6,True,True,False,0.4,0.015794899998581968,6,uniform,1,1
LDPC,1000,6%,0.06535483870967741,0.07075268817204301,17,500,0.5,True,True,False,0.5,0.014055599996936508,6,aware-pipeline,1,1
LDPC,1000,6%,0.06535483870967741,0.07075268817204301,18,600,0.6,True,True,False,0.4,0.012640999997529434,4,uniform,1,0
LDPC,1000,6%,0.06535483870967741,0.07075268817204301,18,500,0.5,True,True,False,0.5,0.011563100000785198,5,aware-pipeline,1,0
LDPC,1000,6%,0.06535483870967741,0.07075268817204301,18,600,0.6,True,True,False,0.4,0.011364900001353817,4,uniform,1,1
LDPC,1000,6%,0.06535483870967741,0.07075268817204301,18,500,0.5,True,True,False,0.5,0.012584600000991486,5,aware-pipeline,1,1
LDPC,1000,6%,0.06535483870967741,0.07075268817204301,19,600,0.6,True,True,False,0.4,0.012287000001379056,4,uniform,1,0
LDPC,1000,6%,0.06535483870967741,0.07075268817204301,19,500,0.5,True,True,False,0.5,0.016443600001366576,8,aware-pipeline,1,0
LDPC,1000,6%,0.06535483870967741,0.07075268817204301,19,600,0.6,True,True,False,0.4,0.01192349999837461,5,uniform,1,1
LDPC,1000,6%,0.06535483870967741,0.07075268817204301,19,500,0.5,True,True,False,0.5,0.015749599999253405,8,aware-pipeline,1,1
LDPC,1000,6%,0.06535483870967741,0.07075268817204301,20,600,0.6,True,True,False,0.4,0.014275699999416247,6,uniform,1,0
LDPC,1000,6%,0.06535483870967741,0.07075268817204301,20,500,0.5,True,True,False,0.5,0.015470700000150828,7,aware-pipeline,1,0
LDPC,1000,6%,0.06535483870967741,0.07075268817204301,20,600,0.6,True,True,False,0.4,0.015544800000498071,7,uniform,1,1
LDPC,1000,6%,0.06535483870967741,0.07075268817204301,20,500,0.5,True,True,False,0.5,0.02197810000143363,12,aware-pipeline,1,1
LDPC,1000,6%,0.06535483870967741,0.07075268817204301,21,600,0.6,True,True,False,0.4,0.013968499999464257,6,uniform,1,0
LDPC,1000,6%,0.06535483870967741,0.07075268817204301,21,500,0.5,False,False,False,0.0,0.18356330000096932,120,aware-pipeline,1,0
LDPC,1000,6%,0.06535483870967741,0.07075268817204301,21,600,0.6,True,True,False,0.4,0.014194100000167964,6,uniform,1,1
LDPC,1000,6%,0.06535483870967741,0.07075268817204301,21,500,0.5,False,False,False,0.0,0.18577139999979408,120,aware-pipeline,1,1
LDPC,1000,6%,0.06535483870967741,0.07075268817204301,22,600,0.6,True,True,False,0.4,0.015156099998421269,6,uniform,1,0
LDPC,1000,6%,0.06535483870967741,0.07075268817204301,22,500,0.5,True,True,False,0.5,0.018186499997682404,9,aware-pipeline,1,0
LDPC,1000,6%,0.06535483870967741,0.07075268817204301,22,600,0.6,True,True,False,0.4,0.01698680000117747,7,uniform,1,1
LDPC,1000,6%,0.06535483870967741,0.07075268817204301,22,500,0.5,True,True,False,0.5,0.018286999998963438,9,aware-pipeline,1,1
LDPC,1000,6%,0.06535483870967741,0.07075268817204301,23,600,0.6,True,True,False,0.4,0.013167999997676816,5,uniform,1,0
LDPC,1000,6%,0.06535483870967741,0.07075268817204301,23,500,0.5,True,True,False,0.5,0.016599599999608472,8,aware-pipeline,1,0
LDPC,1000,6%,0.06535483870967741,0.07075268817204301,23,600,0.6,True,True,False,0.4,0.017188599998917198,7,uniform,1,1
LDPC,1000,6%,0.06535483870967741,0.07075268817204301,23,500,0.5,True,True,False,0.5,0.018338800000492483,8,aware-pipeline,1,1
LDPC,1000,6%,0.06535483870967741,0.07075268817204301,24,600,0.6,True,True,False,0.4,0.010734199997386895,4,uniform,1,0
LDPC,1000,6%,0.06535483870967741,0.07075268817204301,24,500,0.5,True,True,False,0.5,0.020668699999077944,10,aware-pipeline,1,0
LDPC,1000,6%,0.06535483870967741,0.07075268817204301,24,600,0.6,True,True,False,0.4,0.014574699998775031,6,uniform,1,1
LDPC,1000,6%,0.06535483870967741,0.07075268817204301,24,500,0.5,True,True,False,0.5,0.01378840000324999,7,aware-pipeline,1,1
LDPC,1000,6%,0.06535483870967741,0.07075268817204301,25,600,0.6,True,True,False,0.4,0.013830300002155127,6,uniform,1,0
LDPC,1000,6%,0.06535483870967741,0.07075268817204301,25,500,0.5,True,True,False,0.5,0.020782100000360515,10,aware-pipeline,1,0
LDPC,1000,6%,0.06535483870967741,0.07075268817204301,25,600,0.6,True,True,False,0.4,0.016162700001586927,7,uniform,1,1
LDPC,1000,6%,0.06535483870967741,0.07075268817204301,25,500,0.5,True,True,False,0.5,0.019117399999231566,10,aware-pipeline,1,1
LDPC,1000,6%,0.06535483870967741,0.07075268817204301,26,600,0.6,True,True,False,0.4,0.018771299997752067,9,uniform,1,0
LDPC,1000,6%,0.06535483870967741,0.07075268817204301,26,500,0.5,True,True,False,0.5,0.022013099998730468,12,aware-pipeline,1,0
LDPC,1000,6%,0.06535483870967741,0.07075268817204301,26,600,0.6,True,True,False,0.4,0.017919800000527175,8,uniform,1,1
LDPC,1000,6%,0.06535483870967741,0.07075268817204301,26,500,0.5,True,True,False,0.5,0.020426600000064354,11,aware-pipeline,1,1
LDPC,1000,6%,0.06535483870967741,0.07075268817204301,27,600,0.6,True,True,False,0.4,0.01556450000134646,5,uniform,1,0
LDPC,1000,6%,0.06535483870967741,0.07075268817204301,27,500,0.5,True,True,False,0.5,0.014741499999217922,6,aware-pipeline,1,0
LDPC,1000,6%,0.06535483870967741,0.07075268817204301,27,600,0.6,True,True,False,0.4,0.020076100001460873,5,uniform,1,1
LDPC,1000,6%,0.06535483870967741,0.07075268817204301,27,500,0.5,True,True,False,0.5,0.012950799999089213,4,aware-pipeline,1,1
LDPC,1000,6%,0.06535483870967741,0.07075268817204301,28,600,0.6,True,True,False,0.4,0.017245499999262393,6,uniform,1,0
LDPC,1000,6%,0.06535483870967741,0.07075268817204301,28,500,0.5,True,True,False,0.5,0.022911100000783335,7,aware-pipeline,1,0
LDPC,1000,6%,0.06535483870967741,0.07075268817204301,28,600,0.6,True,True,False,0.4,0.01277729999856092,4,uniform,1,1
LDPC,1000,6%,0.06535483870967741,0.07075268817204301,28,500,0.5,True,True,False,0.5,0.017462600000726525,7,aware-pipeline,1,1
LDPC,1000,6%,0.06535483870967741,0.07075268817204301,29,600,0.6,True,True,False,0.4,0.017055300002539298,6,uniform,1,0
LDPC,1000,6%,0.06535483870967741,0.07075268817204301,29,500,0.5,True,True,False,0.5,0.017315799999778392,7,aware-pipeline,1,0
LDPC,1000,6%,0.06535483870967741,0.07075268817204301,29,600,0.6,True,True,False,0.4,0.015708300001278985,5,uniform,1,1
LDPC,1000,6%,0.06535483870967741,0.07075268817204301,29,500,0.5,True,True,False,0.5,0.019928300000174204,9,aware-pipeline,1,1
LDPC,1000,6%,0.06535483870967741,0.07075268817204301,30,600,0.6,True,True,False,0.4,0.014860999999655178,5,uniform,1,0
LDPC,1000,6%,0.06535483870967741,0.07075268817204301,30,500,0.5,True,True,False,0.5,0.01579909999782103,5,aware-pipeline,1,0
LDPC,1000,6%,0.06535483870967741,0.07075268817204301,30,600,0.6,True,True,False,0.4,0.017389500000717817,5,uniform,1,1
LDPC,1000,6%,0.06535483870967741,0.07075268817204301,30,500,0.5,True,True,False,0.5,0.014704500001244014,5,aware-pipeline,1,1
LDPC,1000,6%,0.06535483870967741,0.07075268817204301,31,600,0.6,True,True,False,0.4,0.016155799999978626,5,uniform,1,0
LDPC,1000,6%,0.06535483870967741,0.07075268817204301,31,500,0.5,True,True,False,0.5,0.019253299997217255,7,aware-pipeline,1,0
LDPC,1000,6%,0.06535483870967741,0.07075268817204301,31,600,0.6,True,True,False,0.4,0.016805200000817422,6,uniform,1,1
LDPC,1000,6%,0.06535483870967741,0.07075268817204301,31,500,0.5,True,True,False,0.5,0.016896299999643816,7,aware-pipeline,1,1
LDPC,1000,6%,0.06535483870967741,0.07075268817204301,32,600,0.6,True,True,False,0.4,0.016399799998907838,6,uniform,1,0
LDPC,1000,6%,0.06535483870967741,0.07075268817204301,32,500,0.5,True,True,False,0.5,0.017515899999125395,8,aware-pipeline,1,0
LDPC,1000,6%,0.06535483870967741,0.07075268817204301,32,600,0.6,True,True,False,0.4,0.015251499997248175,5,uniform,1,1
LDPC,1000,6%,0.06535483870967741,0.07075268817204301,32,500,0.5,True,True,False,0.5,0.019315700003062375,9,aware-pipeline,1,1
LDPC,1000,6%,0.06535483870967741,0.07075268817204301,33,600,0.6,True,True,False,0.4,0.015301299998100149,5,uniform,1,0
LDPC,1000,6%,0.06535483870967741,0.07075268817204301,33,500,0.5,True,True,False,0.5,0.016625300002488075,7,aware-pipeline,1,0
LDPC,1000,6%,0.06535483870967741,0.07075268817204301,33,600,0.6,True,True,False,0.4,0.016054700001404854,6,uniform,1,1
LDPC,1000,6%,0.06535483870967741,0.07075268817204301,33,500,0.5,True,True,False,0.5,0.01480499999888707,6,aware-pipeline,1,1
LDPC,1000,6%,0.06535483870967741,0.07075268817204301,34,600,0.6,True,True,False,0.4,0.014894800002366537,5,uniform,1,0
LDPC,1000,6%,0.06535483870967741,0.07075268817204301,34,500,0.5,True,True,False,0.5,0.01756509999904665,8,aware-pipeline,1,0
LDPC,1000,6%,0.06535483870967741,0.07075268817204301,34,600,0.6,True,True,False,0.4,0.015592100000503706,6,uniform,1,1
LDPC,1000,6%,0.06535483870967741,0.07075268817204301,34,500,0.5,True,True,False,0.5,0.01592489999893587,7,aware-pipeline,1,1
LDPC,1000,6%,0.06535483870967741,0.07075268817204301,35,600,0.6,True,True,False,0.4,0.020784000000276137,9,uniform,1,0
LDPC,1000,6%,0.06535483870967741,0.07075268817204301,35,500,0.5,True,True,False,0.5,0.02769809999881545,14,aware-pipeline,1,0
LDPC,1000,6%,0.06535483870967741,0.07075268817204301,35,600,0.6,True,True,False,0.4,0.01776160000008531,7,uniform,1,1
LDPC,1000,6%,0.06535483870967741,0.07075268817204301,35,500,0.5,True,True,False,0.5,0.03513499999826308,21,aware-pipeline,1,1
LDPC,1000,6%,0.06535483870967741,0.07075268817204301,36,600,0.6,True,True,False,0.4,0.01510240000061458,6,uniform,1,0
LDPC,1000,6%,0.06535483870967741,0.07075268817204301,36,500,0.5,True,True,False,0.5,0.017690200002107304,8,aware-pipeline,1,0
LDPC,1000,6%,0.06535483870967741,0.07075268817204301,36,600,0.6,True,True,False,0.4,0.01439089999985299,5,uniform,1,1
LDPC,1000,6%,0.06535483870967741,0.07075268817204301,36,500,0.5,True,True,False,0.5,0.016819500000565313,8,aware-pipeline,1,1
LDPC,1000,6%,0.06535483870967741,0.07075268817204301,37,600,0.6,True,True,False,0.4,0.012645999999222113,4,uniform,1,0
LDPC,1000,6%,0.06535483870967741,0.07075268817204301,37,500,0.5,True,True,False,0.5,0.011486899998999434,5,aware-pipeline,1,0
LDPC,1000,6%,0.06535483870967741,0.07075268817204301,37,600,0.6,True,True,False,0.4,0.012023100000078557,4,uniform,1,1
LDPC,1000,6%,0.06535483870967741,0.07075268817204301,37,500,0.5,True,True,False,0.5,0.011846000001241919,5,aware-pipeline,1,1
LDPC,1000,6%,0.06535483870967741,0.07075268817204301,38,600,0.6,True,True,False,0.4,0.013896500000555534,5,uniform,1,0
LDPC,1000,6%,0.06535483870967741,0.07075268817204301,38,500,0.5,True,True,False,0.5,0.01803740000104881,9,aware-pipeline,1,0
LDPC,1000,6%,0.06535483870967741,0.07075268817204301,38,600,0.6,True,True,False,0.4,0.013278400001581758,5,uniform,1,1
LDPC,1000,6%,0.06535483870967741,0.07075268817204301,38,500,0.5,True,True,False,0.5,0.011848800000734627,6,aware-pipeline,1,1
LDPC,1000,6%,0.06535483870967741,0.07075268817204301,39,600,0.6,True,True,False,0.4,0.011753499999031192,4,uniform,1,0
LDPC,1000,6%,0.06535483870967741,0.07075268817204301,39,500,0.5,True,True,False,0.5,0.013465799998812145,6,aware-pipeline,1,0
LDPC,1000,6%,0.06535483870967741,0.07075268817204301,39,600,0.6,True,True,False,0.4,0.012810899999749381,5,uniform,1,1
LDPC,1000,6%,0.06535483870967741,0.07075268817204301,39,500,0.5,True,True,False,0.5,0.016385300001275027,8,aware-pipeline,1,1
LDPC,1000,6%,0.06363440860215054,0.06193548387096774,0,500,0.5,True,True,False,0.5,0.02337719999923138,7,uniform,2,0
LDPC,1000,6%,0.06363440860215054,0.06193548387096774,0,500,0.5,True,True,False,0.5,0.019228400000429247,6,aware-pipeline,2,0
LDPC,1000,6%,0.06363440860215054,0.06193548387096774,0,500,0.5,True,True,False,0.5,0.02177989999836427,8,uniform,2,1
LDPC,1000,6%,0.06363440860215054,0.06193548387096774,0,500,0.5,True,True,False,0.5,0.016119800002343254,5,aware-pipeline,2,1
LDPC,1000,6%,0.06363440860215054,0.06193548387096774,1,500,0.5,True,True,False,0.5,0.022766199999750825,8,uniform,2,0
LDPC,1000,6%,0.06363440860215054,0.06193548387096774,1,500,0.5,True,True,False,0.5,0.014732999999978347,5,aware-pipeline,2,0
LDPC,1000,6%,0.06363440860215054,0.06193548387096774,1,500,0.5,True,True,False,0.5,0.01342810000278405,5,uniform,2,1
LDPC,1000,6%,0.06363440860215054,0.06193548387096774,1,500,0.5,True,True,False,0.5,0.012971899999683956,4,aware-pipeline,2,1
LDPC,1000,6%,0.06363440860215054,0.06193548387096774,2,500,0.5,True,True,False,0.5,0.02525180000156979,9,uniform,2,0
LDPC,1000,6%,0.06363440860215054,0.06193548387096774,2,500,0.5,True,True,False,0.5,0.020854000002145767,7,aware-pipeline,2,0
LDPC,1000,6%,0.06363440860215054,0.06193548387096774,2,500,0.5,True,True,False,0.5,0.029812199998559663,9,uniform,2,1
LDPC,1000,6%,0.06363440860215054,0.06193548387096774,2,500,0.5,True,True,False,0.5,0.023164599999290658,7,aware-pipeline,2,1
LDPC,1000,6%,0.06363440860215054,0.06193548387096774,3,500,0.5,True,True,False,0.5,0.016028599999117432,5,uniform,2,0
LDPC,1000,6%,0.06363440860215054,0.06193548387096774,3,500,0.5,True,True,False,0.5,0.015121599997655721,4,aware-pipeline,2,0
LDPC,1000,6%,0.06363440860215054,0.06193548387096774,3,500,0.5,True,True,False,0.5,0.01589600000079372,5,uniform,2,1
LDPC,1000,6%,0.06363440860215054,0.06193548387096774,3,500,0.5,True,True,False,0.5,0.017162599997391226,5,aware-pipeline,2,1
LDPC,1000,6%,0.06363440860215054,0.06193548387096774,4,500,0.5,True,True,False,0.5,0.08976359999724082,8,uniform,2,0
LDPC,1000,6%,0.06363440860215054,0.06193548387096774,4,500,0.5,True,True,False,0.5,0.03223670000079437,6,aware-pipeline,2,0
LDPC,1000,6%,0.06363440860215054,0.06193548387096774,4,500,0.5,True,True,False,0.5,0.024975000000267755,9,uniform,2,1
LDPC,1000,6%,0.06363440860215054,0.06193548387096774,4,500,0.5,True,True,False,0.5,0.021493000000191387,8,aware-pipeline,2,1
LDPC,1000,6%,0.06363440860215054,0.06193548387096774,5,500,0.5,True,True,False,0.5,0.02152419999765698,7,uniform,2,0
LDPC,1000,6%,0.06363440860215054,0.06193548387096774,5,500,0.5,True,True,False,0.5,0.017385899998771492,5,aware-pipeline,2,0
LDPC,1000,6%,0.06363440860215054,0.06193548387096774,5,500,0.5,True,True,False,0.5,0.023649999999179272,9,uniform,2,1
LDPC,1000,6%,0.06363440860215054,0.06193548387096774,5,500,0.5,True,True,False,0.5,0.025720000001456356,9,aware-pipeline,2,1
LDPC,1000,6%,0.06363440860215054,0.06193548387096774,6,500,0.5,True,True,False,0.5,0.016809100001410116,4,uniform,2,0
LDPC,1000,6%,0.06363440860215054,0.06193548387096774,6,500,0.5,True,True,False,0.5,0.015264199999364791,4,aware-pipeline,2,0
LDPC,1000,6%,0.06363440860215054,0.06193548387096774,6,500,0.5,True,True,False,0.5,0.013875299999199342,4,uniform,2,1
LDPC,1000,6%,0.06363440860215054,0.06193548387096774,6,500,0.5,True,True,False,0.5,0.015474699997866992,5,aware-pipeline,2,1
LDPC,1000,6%,0.06363440860215054,0.06193548387096774,7,500,0.5,True,True,False,0.5,0.017317300000286195,6,uniform,2,0
LDPC,1000,6%,0.06363440860215054,0.06193548387096774,7,500,0.5,True,True,False,0.5,0.014519899999868358,5,aware-pipeline,2,0
LDPC,1000,6%,0.06363440860215054,0.06193548387096774,7,500,0.5,True,True,False,0.5,0.021113200000399956,8,uniform,2,1
LDPC,1000,6%,0.06363440860215054,0.06193548387096774,7,500,0.5,True,True,False,0.5,0.0183686000018497,7,aware-pipeline,2,1
LDPC,1000,6%,0.06363440860215054,0.06193548387096774,8,500,0.5,True,True,False,0.5,0.02124560000083875,9,uniform,2,0
LDPC,1000,6%,0.06363440860215054,0.06193548387096774,8,500,0.5,True,True,False,0.5,0.01808359999995446,6,aware-pipeline,2,0
LDPC,1000,6%,0.06363440860215054,0.06193548387096774,8,500,0.5,True,True,False,0.5,0.025672499999927823,9,uniform,2,1
LDPC,1000,6%,0.06363440860215054,0.06193548387096774,8,500,0.5,True,True,False,0.5,0.01952500000334112,6,aware-pipeline,2,1
LDPC,1000,6%,0.06363440860215054,0.06193548387096774,9,500,0.5,True,True,False,0.5,0.03639359999942826,14,uniform,2,0
LDPC,1000,6%,0.06363440860215054,0.06193548387096774,9,500,0.5,True,True,False,0.5,0.027087300000857795,8,aware-pipeline,2,0
LDPC,1000,6%,0.06363440860215054,0.06193548387096774,9,500,0.5,True,True,False,0.5,0.028809600000386126,11,uniform,2,1
LDPC,1000,6%,0.06363440860215054,0.06193548387096774,9,500,0.5,True,True,False,0.5,0.021127399999386398,8,aware-pipeline,2,1
LDPC,1000,6%,0.06363440860215054,0.06193548387096774,10,500,0.5,True,True,False,0.5,0.016185799999220762,5,uniform,2,0
LDPC,1000,6%,0.06363440860215054,0.06193548387096774,10,500,0.5,True,True,False,0.5,0.014799100001255283,5,aware-pipeline,2,0
LDPC,1000,6%,0.06363440860215054,0.06193548387096774,10,500,0.5,True,True,False,0.5,0.016349199999240227,6,uniform,2,1
LDPC,1000,6%,0.06363440860215054,0.06193548387096774,10,500,0.5,True,True,False,0.5,0.013316099997609854,4,aware-pipeline,2,1
LDPC,1000,6%,0.06363440860215054,0.06193548387096774,11,500,0.5,True,True,False,0.5,0.026078300001245225,12,uniform,2,0
LDPC,1000,6%,0.06363440860215054,0.06193548387096774,11,500,0.5,True,True,False,0.5,0.11418029999913415,61,aware-pipeline,2,0
LDPC,1000,6%,0.06363440860215054,0.06193548387096774,11,500,0.5,True,True,False,0.5,0.016855099998792866,7,uniform,2,1
LDPC,1000,6%,0.06363440860215054,0.06193548387096774,11,500,0.5,True,True,False,0.5,0.01645269999789889,6,aware-pipeline,2,1
LDPC,1000,6%,0.06363440860215054,0.06193548387096774,12,500,0.5,True,True,False,0.5,0.11306030000196188,63,uniform,2,0
LDPC,1000,6%,0.06363440860215054,0.06193548387096774,12,500,0.5,True,True,False,0.5,0.021119800003361888,9,aware-pipeline,2,0
LDPC,1000,6%,0.06363440860215054,0.06193548387096774,12,500,0.5,False,False,False,0.0,0.22136669999963487,120,uniform,2,1
LDPC,1000,6%,0.06363440860215054,0.06193548387096774,12,500,0.5,True,True,False,0.5,0.025227000001905253,11,aware-pipeline,2,1
LDPC,1000,6%,0.06363440860215054,0.06193548387096774,13,500,0.5,True,True,False,0.5,0.02722150000045076,10,uniform,2,0
LDPC,1000,6%,0.06363440860215054,0.06193548387096774,13,500,0.5,True,True,False,0.5,0.022537700002430938,9,aware-pipeline,2,0
LDPC,1000,6%,0.06363440860215054,0.06193548387096774,13,500,0.5,True,True,False,0.5,0.03365739999935613,14,uniform,2,1
LDPC,1000,6%,0.06363440860215054,0.06193548387096774,13,500,0.5,True,True,False,0.5,0.02223440000307164,9,aware-pipeline,2,1
LDPC,1000,6%,0.06363440860215054,0.06193548387096774,14,500,0.5,True,True,False,0.5,0.021592000000964617,9,uniform,2,0
LDPC,1000,6%,0.06363440860215054,0.06193548387096774,14,500,0.5,True,True,False,0.5,0.023108700002921978,8,aware-pipeline,2,0
LDPC,1000,6%,0.06363440860215054,0.06193548387096774,14,500,0.5,True,True,False,0.5,0.02744860000166227,9,uniform,2,1
LDPC,1000,6%,0.06363440860215054,0.06193548387096774,14,500,0.5,True,True,False,0.5,0.019821900001261383,6,aware-pipeline,2,1
LDPC,1000,6%,0.06363440860215054,0.06193548387096774,15,500,0.5,True,True,False,0.5,0.02247910000005504,7,uniform,2,0
LDPC,1000,6%,0.06363440860215054,0.06193548387096774,15,500,0.5,True,True,False,0.5,0.024454300000797957,6,aware-pipeline,2,0
LDPC,1000,6%,0.06363440860215054,0.06193548387096774,15,500,0.5,True,True,False,0.5,0.03338629999780096,8,uniform,2,1
LDPC,1000,6%,0.06363440860215054,0.06193548387096774,15,500,0.5,True,True,False,0.5,0.021912299998803064,7,aware-pipeline,2,1
LDPC,1000,6%,0.06363440860215054,0.06193548387096774,16,500,0.5,True,True,False,0.5,0.02440070000011474,8,uniform,2,0
LDPC,1000,6%,0.06363440860215054,0.06193548387096774,16,500,0.5,True,True,False,0.5,0.019542999998520827,6,aware-pipeline,2,0
LDPC,1000,6%,0.06363440860215054,0.06193548387096774,16,500,0.5,True,True,False,0.5,0.03469460000269464,13,uniform,2,1
LDPC,1000,6%,0.06363440860215054,0.06193548387096774,16,500,0.5,True,True,False,0.5,0.023959300000569783,8,aware-pipeline,2,1
LDPC,1000,6%,0.06363440860215054,0.06193548387096774,17,500,0.5,True,True,False,0.5,0.03411910000068019,13,uniform,2,0
LDPC,1000,6%,0.06363440860215054,0.06193548387096774,17,500,0.5,True,True,False,0.5,0.03161980000004405,11,aware-pipeline,2,0
LDPC,1000,6%,0.06363440860215054,0.06193548387096774,17,500,0.5,True,True,False,0.5,0.036820900000748225,14,uniform,2,1
LDPC,1000,6%,0.06363440860215054,0.06193548387096774,17,500,0.5,True,True,False,0.5,0.02401800000006915,9,aware-pipeline,2,1
LDPC,1000,6%,0.06363440860215054,0.06193548387096774,18,500,0.5,False,False,False,0.0,0.29084660000080476,120,uniform,2,0
LDPC,1000,6%,0.06363440860215054,0.06193548387096774,18,500,0.5,True,True,False,0.5,0.03456500000174856,10,aware-pipeline,2,0
LDPC,1000,6%,0.06363440860215054,0.06193548387096774,18,500,0.5,False,False,False,0.0,0.3724234000001161,120,uniform,2,1
LDPC,1000,6%,0.06363440860215054,0.06193548387096774,18,500,0.5,True,True,False,0.5,0.04953150000073947,14,aware-pipeline,2,1
LDPC,1000,6%,0.06363440860215054,0.06193548387096774,19,500,0.5,True,True,False,0.5,0.02263459999812767,6,uniform,2,0
LDPC,1000,6%,0.06363440860215054,0.06193548387096774,19,500,0.5,True,True,False,0.5,0.02037670000208891,5,aware-pipeline,2,0
LDPC,1000,6%,0.06363440860215054,0.06193548387096774,19,500,0.5,True,True,False,0.5,0.023388199999317294,7,uniform,2,1
LDPC,1000,6%,0.06363440860215054,0.06193548387096774,19,500,0.5,True,True,False,0.5,0.022739399999409216,6,aware-pipeline,2,1
LDPC,1000,6%,0.06363440860215054,0.06193548387096774,20,500,0.5,True,True,False,0.5,0.05292929999995977,18,uniform,2,0
LDPC,1000,6%,0.06363440860215054,0.06193548387096774,20,500,0.5,True,True,False,0.5,0.029564100001152838,10,aware-pipeline,2,0
LDPC,1000,6%,0.06363440860215054,0.06193548387096774,20,500,0.5,False,False,False,0.0,0.24417710000125226,120,uniform,2,1
LDPC,1000,6%,0.06363440860215054,0.06193548387096774,20,500,0.5,True,True,False,0.5,0.040014700000028824,17,aware-pipeline,2,1
LDPC,1000,6%,0.06363440860215054,0.06193548387096774,21,500,0.5,True,True,False,0.5,0.030186399999365676,13,uniform,2,0
LDPC,1000,6%,0.06363440860215054,0.06193548387096774,21,500,0.5,True,True,False,0.5,0.01999890000297455,8,aware-pipeline,2,0
LDPC,1000,6%,0.06363440860215054,0.06193548387096774,21,500,0.5,True,True,False,0.5,0.045690700000704965,22,uniform,2,1
LDPC,1000,6%,0.06363440860215054,0.06193548387096774,21,500,0.5,True,True,False,0.5,0.024256699998659315,11,aware-pipeline,2,1
LDPC,1000,6%,0.06363440860215054,0.06193548387096774,22,500,0.5,True,True,False,0.5,0.024326999999175314,10,uniform,2,0
LDPC,1000,6%,0.06363440860215054,0.06193548387096774,22,500,0.5,True,True,False,0.5,0.018030700000963407,7,aware-pipeline,2,0
LDPC,1000,6%,0.06363440860215054,0.06193548387096774,22,500,0.5,True,True,False,0.5,0.017493800001830095,7,uniform,2,1
LDPC,1000,6%,0.06363440860215054,0.06193548387096774,22,500,0.5,True,True,False,0.5,0.01562700000067707,6,aware-pipeline,2,1
LDPC,1000,6%,0.06363440860215054,0.06193548387096774,23,500,0.5,True,True,False,0.5,0.017671300000074552,7,uniform,2,0
LDPC,1000,6%,0.06363440860215054,0.06193548387096774,23,500,0.5,True,True,False,0.5,0.015475799998966977,6,aware-pipeline,2,0
LDPC,1000,6%,0.06363440860215054,0.06193548387096774,23,500,0.5,True,True,False,0.5,0.017516699997941032,6,uniform,2,1
LDPC,1000,6%,0.06363440860215054,0.06193548387096774,23,500,0.5,True,True,False,0.5,0.014618999997765059,5,aware-pipeline,2,1
LDPC,1000,6%,0.06363440860215054,0.06193548387096774,24,500,0.5,True,True,False,0.5,0.020518999997875653,9,uniform,2,0
LDPC,1000,6%,0.06363440860215054,0.06193548387096774,24,500,0.5,True,True,False,0.5,0.02695799999855808,12,aware-pipeline,2,0
LDPC,1000,6%,0.06363440860215054,0.06193548387096774,24,500,0.5,True,True,False,0.5,0.01850159999958123,8,uniform,2,1
LDPC,1000,6%,0.06363440860215054,0.06193548387096774,24,500,0.5,True,True,False,0.5,0.018409200001769932,8,aware-pipeline,2,1
LDPC,1000,6%,0.06363440860215054,0.06193548387096774,25,500,0.5,True,True,False,0.5,0.03590699999767821,19,uniform,2,0
LDPC,1000,6%,0.06363440860215054,0.06193548387096774,25,500,0.5,True,True,False,0.5,0.01906059999964782,9,aware-pipeline,2,0
LDPC,1000,6%,0.06363440860215054,0.06193548387096774,25,500,0.5,True,True,False,0.5,0.08187360000010813,46,uniform,2,1
LDPC,1000,6%,0.06363440860215054,0.06193548387096774,25,500,0.5,True,True,False,0.5,0.022289100001216866,10,aware-pipeline,2,1
LDPC,1000,6%,0.06363440860215054,0.06193548387096774,26,500,0.5,True,True,False,0.5,0.02045400000133668,10,uniform,2,0
LDPC,1000,6%,0.06363440860215054,0.06193548387096774,26,500,0.5,True,True,False,0.5,0.018154299999878276,8,aware-pipeline,2,0
LDPC,1000,6%,0.06363440860215054,0.06193548387096774,26,500,0.5,True,True,False,0.5,0.01647890000094776,7,uniform,2,1
LDPC,1000,6%,0.06363440860215054,0.06193548387096774,26,500,0.5,True,True,False,0.5,0.01478539999880013,6,aware-pipeline,2,1
LDPC,1000,6%,0.06363440860215054,0.06193548387096774,27,500,0.5,True,True,False,0.5,0.01816540000072564,8,uniform,2,0
LDPC,1000,6%,0.06363440860215054,0.06193548387096774,27,500,0.5,True,True,False,0.5,0.015367300002253614,6,aware-pipeline,2,0
LDPC,1000,6%,0.06363440860215054,0.06193548387096774,27,500,0.5,True,True,False,0.5,0.017717099999572383,8,uniform,2,1
LDPC,1000,6%,0.06363440860215054,0.06193548387096774,27,500,0.5,True,True,False,0.5,0.016240900000411784,7,aware-pipeline,2,1
LDPC,1000,6%,0.06363440860215054,0.06193548387096774,28,500,0.5,True,True,False,0.5,0.018948499997350154,9,uniform,2,0
LDPC,1000,6%,0.06363440860215054,0.06193548387096774,28,500,0.5,True,True,False,0.5,0.017666499999904772,7,aware-pipeline,2,0
LDPC,1000,6%,0.06363440860215054,0.06193548387096774,28,500,0.5,True,True,False,0.5,0.024805199998809258,11,uniform,2,1
LDPC,1000,6%,0.06363440860215054,0.06193548387096774,28,500,0.5,True,True,False,0.5,0.017105099999753293,7,aware-pipeline,2,1
LDPC,1000,6%,0.06363440860215054,0.06193548387096774,29,500,0.5,True,True,False,0.5,0.01862059999984922,9,uniform,2,0
LDPC,1000,6%,0.06363440860215054,0.06193548387096774,29,500,0.5,True,True,False,0.5,0.01759179999862681,8,aware-pipeline,2,0
LDPC,1000,6%,0.06363440860215054,0.06193548387096774,29,500,0.5,True,True,False,0.5,0.017467699999542674,6,uniform,2,1
LDPC,1000,6%,0.06363440860215054,0.06193548387096774,29,500,0.5,True,True,False,0.5,0.015175399999861838,6,aware-pipeline,2,1
LDPC,1000,6%,0.06363440860215054,0.06193548387096774,30,500,0.5,True,True,False,0.5,0.0136385000005248,5,uniform,2,0
LDPC,1000,6%,0.06363440860215054,0.06193548387096774,30,500,0.5,True,True,False,0.5,0.014910300000337884,6,aware-pipeline,2,0
LDPC,1000,6%,0.06363440860215054,0.06193548387096774,30,500,0.5,True,True,False,0.5,0.011933199999475619,5,uniform,2,1
LDPC,1000,6%,0.06363440860215054,0.06193548387096774,30,500,0.5,True,True,False,0.5,0.011919800002942793,5,aware-pipeline,2,1
LDPC,1000,6%,0.06363440860215054,0.06193548387096774,31,500,0.5,True,True,False,0.5,0.016993600002024323,8,uniform,2,0
LDPC,1000,6%,0.06363440860215054,0.06193548387096774,31,500,0.5,True,True,False,0.5,0.015174299998761853,6,aware-pipeline,2,0
LDPC,1000,6%,0.06363440860215054,0.06193548387096774,31,500,0.5,True,True,False,0.5,0.017145300000265706,7,uniform,2,1
LDPC,1000,6%,0.06363440860215054,0.06193548387096774,31,500,0.5,True,True,False,0.5,0.013547300000936957,5,aware-pipeline,2,1
LDPC,1000,6%,0.06363440860215054,0.06193548387096774,32,500,0.5,True,True,False,0.5,0.04316160000234959,23,uniform,2,0
LDPC,1000,6%,0.06363440860215054,0.06193548387096774,32,500,0.5,True,True,False,0.5,0.028485700000601355,15,aware-pipeline,2,0
LDPC,1000,6%,0.06363440860215054,0.06193548387096774,32,500,0.5,True,True,False,0.5,0.059222500000032596,31,uniform,2,1
LDPC,1000,6%,0.06363440860215054,0.06193548387096774,32,500,0.5,True,True,False,0.5,0.028914400001667673,15,aware-pipeline,2,1
LDPC,1000,6%,0.06363440860215054,0.06193548387096774,33,500,0.5,True,True,False,0.5,0.02071760000035283,10,uniform,2,0
LDPC,1000,6%,0.06363440860215054,0.06193548387096774,33,500,0.5,True,True,False,0.5,0.01971659999981057,9,aware-pipeline,2,0
LDPC,1000,6%,0.06363440860215054,0.06193548387096774,33,500,0.5,True,True,False,0.5,0.025662599997303914,13,uniform,2,1
LDPC,1000,6%,0.06363440860215054,0.06193548387096774,33,500,0.5,True,True,False,0.5,0.015478000001166947,7,aware-pipeline,2,1
LDPC,1000,6%,0.06363440860215054,0.06193548387096774,34,500,0.5,True,True,False,0.5,0.045959200000652345,27,uniform,2,0
LDPC,1000,6%,0.06363440860215054,0.06193548387096774,34,500,0.5,True,True,False,0.5,0.023542200000520097,12,aware-pipeline,2,0
LDPC,1000,6%,0.06363440860215054,0.06193548387096774,34,500,0.5,True,True,False,0.5,0.025870199999189936,13,uniform,2,1
LDPC,1000,6%,0.06363440860215054,0.06193548387096774,34,500,0.5,True,True,False,0.5,0.02279860000271583,10,aware-pipeline,2,1
LDPC,1000,6%,0.06363440860215054,0.06193548387096774,35,500,0.5,True,True,False,0.5,0.03392069999972591,15,uniform,2,0
LDPC,1000,6%,0.06363440860215054,0.06193548387096774,35,500,0.5,True,True,False,0.5,0.01764509999702568,7,aware-pipeline,2,0
LDPC,1000,6%,0.06363440860215054,0.06193548387096774,35,500,0.5,True,True,False,0.5,0.03532039999845438,15,uniform,2,1
LDPC,1000,6%,0.06363440860215054,0.06193548387096774,35,500,0.5,True,True,False,0.5,0.029957200000353623,10,aware-pipeline,2,1
LDPC,1000,6%,0.06363440860215054,0.06193548387096774,36,500,0.5,True,True,False,0.5,0.07327830000212998,12,uniform,2,0
LDPC,1000,6%,0.06363440860215054,0.06193548387096774,36,500,0.5,True,True,False,0.5,0.042337399998359615,8,aware-pipeline,2,0
LDPC,1000,6%,0.06363440860215054,0.06193548387096774,36,500,0.5,True,True,False,0.5,0.04830320000110078,11,uniform,2,1
LDPC,1000,6%,0.06363440860215054,0.06193548387096774,36,500,0.5,True,True,False,0.5,0.03839430000152788,7,aware-pipeline,2,1
LDPC,1000,6%,0.06363440860215054,0.06193548387096774,37,500,0.5,True,True,False,0.5,0.03574759999901289,12,uniform,2,0
LDPC,1000,6%,0.06363440860215054,0.06193548387096774,37,500,0.5,True,True,False,0.5,0.025254800002585398,8,aware-pipeline,2,0
LDPC,1000,6%,0.06363440860215054,0.06193548387096774,37,500,0.5,True,True,False,0.5,0.02483809999830555,9,uniform,2,1
LDPC,1000,6%,0.06363440860215054,0.06193548387096774,37,500,0.5,True,True,False,0.5,0.027914399997825967,9,aware-pipeline,2,1
LDPC,1000,6%,0.06363440860215054,0.06193548387096774,38,500,0.5,True,True,False,0.5,0.02177060000030906,7,uniform,2,0
LDPC,1000,6%,0.06363440860215054,0.06193548387096774,38,500,0.5,True,True,False,0.5,0.02124060000278405,7,aware-pipeline,2,0
LDPC,1000,6%,0.06363440860215054,0.06193548387096774,38,500,0.5,True,True,False,0.5,0.01823789999980363,5,uniform,2,1
LDPC,1000,6%,0.06363440860215054,0.06193548387096774,38,500,0.5,True,True,False,0.5,0.019783100000495324,5,aware-pipeline,2,1
LDPC,1000,6%,0.06363440860215054,0.06193548387096774,39,500,0.5,True,True,False,0.5,0.03266240000084508,13,uniform,2,0
LDPC,1000,6%,0.06363440860215054,0.06193548387096774,39,500,0.5,True,True,False,0.5,0.021760399999038782,8,aware-pipeline,2,0
LDPC,1000,6%,0.06363440860215054,0.06193548387096774,39,500,0.5,True,True,False,0.5,0.04848820000188425,21,uniform,2,1
LDPC,1000,6%,0.06363440860215054,0.06193548387096774,39,500,0.5,True,True,False,0.5,0.029419200000120327,10,aware-pipeline,2,1
LDPC,1000,6%,0.0635483870967742,0.06559139784946237,0,500,0.5,True,True,False,0.5,0.030925299997761613,9,uniform,3,0
LDPC,1000,6%,0.0635483870967742,0.06559139784946237,0,500,0.5,True,True,False,0.5,0.029475199997250456,7,aware-pipeline,3,0
LDPC,1000,6%,0.0635483870967742,0.06559139784946237,0,600,0.6,True,True,False,0.4,0.026255299999320414,6,uniform,3,1
LDPC,1000,6%,0.0635483870967742,0.06559139784946237,0,500,0.5,True,True,False,0.5,0.02211919999899692,6,aware-pipeline,3,1
LDPC,1000,6%,0.0635483870967742,0.06559139784946237,1,500,0.5,True,True,False,0.5,0.02872389999902225,8,uniform,3,0
LDPC,1000,6%,0.0635483870967742,0.06559139784946237,1,500,0.5,True,True,False,0.5,0.022303800000372576,6,aware-pipeline,3,0
LDPC,1000,6%,0.0635483870967742,0.06559139784946237,1,600,0.6,True,True,False,0.4,0.01967069999955129,5,uniform,3,1
LDPC,1000,6%,0.0635483870967742,0.06559139784946237,1,500,0.5,True,True,False,0.5,0.017406799997843336,5,aware-pipeline,3,1
LDPC,1000,6%,0.0635483870967742,0.06559139784946237,2,500,0.5,True,True,False,0.5,0.017154800003481796,5,uniform,3,0
LDPC,1000,6%,0.0635483870967742,0.06559139784946237,2,500,0.5,True,True,False,0.5,0.019376399999600835,5,aware-pipeline,3,0
LDPC,1000,6%,0.0635483870967742,0.06559139784946237,2,600,0.6,True,True,False,0.4,0.017498599998361897,4,uniform,3,1
LDPC,1000,6%,0.0635483870967742,0.06559139784946237,2,500,0.5,True,True,False,0.5,0.017370599998685066,5,aware-pipeline,3,1
LDPC,1000,6%,0.0635483870967742,0.06559139784946237,3,500,0.5,True,True,False,0.5,0.02174150000064401,8,uniform,3,0
LDPC,1000,6%,0.0635483870967742,0.06559139784946237,3,500,0.5,True,True,False,0.5,0.022577799998543924,8,aware-pipeline,3,0
LDPC,1000,6%,0.0635483870967742,0.06559139784946237,3,600,0.6,True,True,False,0.4,0.016168899997865083,5,uniform,3,1
LDPC,1000,6%,0.0635483870967742,0.06559139784946237,3,500,0.5,True,True,False,0.5,0.02955379999912111,11,aware-pipeline,3,1
LDPC,1000,6%,0.0635483870967742,0.06559139784946237,4,500,0.5,True,True,False,0.5,0.02904350000244449,11,uniform,3,0
LDPC,1000,6%,0.0635483870967742,0.06559139784946237,4,500,0.5,True,True,False,0.5,0.02717119999942952,10,aware-pipeline,3,0
LDPC,1000,6%,0.0635483870967742,0.06559139784946237,4,600,0.6,True,True,False,0.4,0.01946479999969597,6,uniform,3,1
LDPC,1000,6%,0.0635483870967742,0.06559139784946237,4,500,0.5,True,True,False,0.5,0.02110750000065309,8,aware-pipeline,3,1
LDPC,1000,6%,0.0635483870967742,0.06559139784946237,5,500,0.5,True,True,False,0.5,0.02079539999976987,8,uniform,3,0
LDPC,1000,6%,0.0635483870967742,0.06559139784946237,5,500,0.5,True,True,False,0.5,0.021676899999874877,8,aware-pipeline,3,0
LDPC,1000,6%,0.0635483870967742,0.06559139784946237,5,600,0.6,True,True,False,0.4,0.018773700001474936,6,uniform,3,1
LDPC,1000,6%,0.0635483870967742,0.06559139784946237,5,500,0.5,True,True,False,0.5,0.020014199999423,8,aware-pipeline,3,1
LDPC,1000,6%,0.0635483870967742,0.06559139784946237,6,500,0.5,True,True,False,0.5,0.024017999996431172,7,uniform,3,0
LDPC,1000,6%,0.0635483870967742,0.06559139784946237,6,500,0.5,True,True,False,0.5,0.01799360000222805,7,aware-pipeline,3,0
LDPC,1000,6%,0.0635483870967742,0.06559139784946237,6,600,0.6,True,True,False,0.4,0.013773499998933403,4,uniform,3,1
LDPC,1000,6%,0.0635483870967742,0.06559139784946237,6,500,0.5,True,True,False,0.5,0.018222400001832284,7,aware-pipeline,3,1
LDPC,1000,6%,0.0635483870967742,0.06559139784946237,7,500,0.5,True,True,False,0.5,0.030210600001737475,14,uniform,3,0
LDPC,1000,6%,0.0635483870967742,0.06559139784946237,7,500,0.5,True,True,False,0.5,0.02640830000018468,10,aware-pipeline,3,0
LDPC,1000,6%,0.0635483870967742,0.06559139784946237,7,600,0.6,True,True,False,0.4,0.01639670000076876,5,uniform,3,1
LDPC,1000,6%,0.0635483870967742,0.06559139784946237,7,500,0.5,True,True,False,0.5,0.018241100002342137,7,aware-pipeline,3,1
LDPC,1000,6%,0.0635483870967742,0.06559139784946237,8,500,0.5,True,True,False,0.5,0.026358800001617055,10,uniform,3,0
LDPC,1000,6%,0.0635483870967742,0.06559139784946237,8,500,0.5,True,True,False,0.5,0.01973829999769805,8,aware-pipeline,3,0
LDPC,1000,6%,0.0635483870967742,0.06559139784946237,8,600,0.6,True,True,False,0.4,0.01626409999880707,5,uniform,3,1
LDPC,1000,6%,0.0635483870967742,0.06559139784946237,8,500,0.5,True,True,False,0.5,0.018635300002642907,7,aware-pipeline,3,1
LDPC,1000,6%,0.0635483870967742,0.06559139784946237,9,500,0.5,True,True,False,0.5,0.021738499999628402,8,uniform,3,0
LDPC,1000,6%,0.0635483870967742,0.06559139784946237,9,500,0.5,True,True,False,0.5,0.019904500000848202,7,aware-pipeline,3,0
LDPC,1000,6%,0.0635483870967742,0.06559139784946237,9,600,0.6,True,True,False,0.4,0.016584299999522045,5,uniform,3,1
LDPC,1000,6%,0.0635483870967742,0.06559139784946237,9,500,0.5,True,True,False,0.5,0.018595199999253964,7,aware-pipeline,3,1
LDPC,1000,6%,0.0635483870967742,0.06559139784946237,10,500,0.5,True,True,False,0.5,0.017069900000933558,6,uniform,3,0
LDPC,1000,6%,0.0635483870967742,0.06559139784946237,10,500,0.5,True,True,False,0.5,0.01808549999987008,6,aware-pipeline,3,0
LDPC,1000,6%,0.0635483870967742,0.06559139784946237,10,600,0.6,True,True,False,0.4,0.01929730000119889,6,uniform,3,1
LDPC,1000,6%,0.0635483870967742,0.06559139784946237,10,500,0.5,True,True,False,0.5,0.024523299998691073,9,aware-pipeline,3,1
LDPC,1000,6%,0.0635483870967742,0.06559139784946237,11,500,0.5,True,True,False,0.5,0.02966060000107973,13,uniform,3,0
LDPC,1000,6%,0.0635483870967742,0.06559139784946237,11,500,0.5,True,True,False,0.5,0.058886499999061925,27,aware-pipeline,3,0
LDPC,1000,6%,0.0635483870967742,0.06559139784946237,11,600,0.6,True,True,False,0.4,0.01644250000026659,5,uniform,3,1
LDPC,1000,6%,0.0635483870967742,0.06559139784946237,11,500,0.5,True,True,False,0.5,0.07923069999742438,6,aware-pipeline,3,1
LDPC,1000,6%,0.0635483870967742,0.06559139784946237,12,500,0.5,True,True,False,0.5,0.02335789999779081,6,uniform,3,0
LDPC,1000,6%,0.0635483870967742,0.06559139784946237,12,500,0.5,True,True,False,0.5,0.02421160000085365,5,aware-pipeline,3,0
LDPC,1000,6%,0.0635483870967742,0.06559139784946237,12,600,0.6,True,True,False,0.4,0.01948840000113705,5,uniform,3,1
LDPC,1000,6%,0.0635483870967742,0.06559139784946237,12,500,0.5,True,True,False,0.5,0.017340999998850748,5,aware-pipeline,3,1
LDPC,1000,6%,0.0635483870967742,0.06559139784946237,13,500,0.5,False,False,False,0.0,0.26690249999955995,120,uniform,3,0
LDPC,1000,6%,0.0635483870967742,0.06559139784946237,13,500,0.5,False,False,False,0.0,0.2385188999978709,120,aware-pipeline,3,0
LDPC,1000,6%,0.0635483870967742,0.06559139784946237,13,600,0.6,True,True,False,0.4,0.022105199997895397,7,uniform,3,1
LDPC,1000,6%,0.0635483870967742,0.06559139784946237,13,500,0.5,False,False,False,0.0,0.2557494000029692,120,aware-pipeline,3,1
LDPC,1000,6%,0.0635483870967742,0.06559139784946237,14,500,0.5,True,True,False,0.5,0.02883010000005015,11,uniform,3,0
LDPC,1000,6%,0.0635483870967742,0.06559139784946237,14,500,0.5,True,True,False,0.5,0.021393500002886867,8,aware-pipeline,3,0
LDPC,1000,6%,0.0635483870967742,0.06559139784946237,14,600,0.6,True,True,False,0.4,0.016749200000049314,4,uniform,3,1
LDPC,1000,6%,0.0635483870967742,0.06559139784946237,14,500,0.5,True,True,False,0.5,0.019622899999376386,7,aware-pipeline,3,1
LDPC,1000,6%,0.0635483870967742,0.06559139784946237,15,500,0.5,True,True,False,0.5,0.02493260000119335,9,uniform,3,0
LDPC,1000,6%,0.0635483870967742,0.06559139784946237,15,500,0.5,True,True,False,0.5,0.02154569999765954,8,aware-pipeline,3,0
LDPC,1000,6%,0.0635483870967742,0.06559139784946237,15,600,0.6,True,True,False,0.4,0.019252499998401618,6,uniform,3,1
LDPC,1000,6%,0.0635483870967742,0.06559139784946237,15,500,0.5,True,True,False,0.5,0.028040400000463706,12,aware-pipeline,3,1
LDPC,1000,6%,0.0635483870967742,0.06559139784946237,16,500,0.5,True,True,False,0.5,0.022887499999342253,8,uniform,3,0
LDPC,1000,6%,0.0635483870967742,0.06559139784946237,16,500,0.5,True,True,False,0.5,0.016907700002775528,6,aware-pipeline,3,0
LDPC,1000,6%,0.0635483870967742,0.06559139784946237,16,600,0.6,True,True,False,0.4,0.01723420000053011,5,uniform,3,1
LDPC,1000,6%,0.0635483870967742,0.06559139784946237,16,500,0.5,True,True,False,0.5,0.015941499998007203,6,aware-pipeline,3,1
LDPC,1000,6%,0.0635483870967742,0.06559139784946237,17,500,0.5,True,True,False,0.5,0.018870700001571095,7,uniform,3,0
LDPC,1000,6%,0.0635483870967742,0.06559139784946237,17,500,0.5,True,True,False,0.5,0.01721019999968121,6,aware-pipeline,3,0
LDPC,1000,6%,0.0635483870967742,0.06559139784946237,17,600,0.6,True,True,False,0.4,0.01379550000274321,4,uniform,3,1
LDPC,1000,6%,0.0635483870967742,0.06559139784946237,17,500,0.5,True,True,False,0.5,0.01895620000141207,7,aware-pipeline,3,1
LDPC,1000,6%,0.0635483870967742,0.06559139784946237,18,500,0.5,True,True,False,0.5,0.19905870000002324,98,uniform,3,0
LDPC,1000,6%,0.0635483870967742,0.06559139784946237,18,500,0.5,True,True,False,0.5,0.033406700000341516,14,aware-pipeline,3,0
LDPC,1000,6%,0.0635483870967742,0.06559139784946237,18,600,0.6,True,True,False,0.4,0.023119600002246443,7,uniform,3,1
LDPC,1000,6%,0.0635483870967742,0.06559139784946237,18,500,0.5,True,True,False,0.5,0.027663099997880636,10,aware-pipeline,3,1
LDPC,1000,6%,0.0635483870967742,0.06559139784946237,19,500,0.5,True,True,False,0.5,0.018544300000939984,7,uniform,3,0
LDPC,1000,6%,0.0635483870967742,0.06559139784946237,19,500,0.5,True,True,False,0.5,0.017372400001477217,6,aware-pipeline,3,0
LDPC,1000,6%,0.0635483870967742,0.06559139784946237,19,600,0.6,True,True,False,0.4,0.019151799999235664,5,uniform,3,1
LDPC,1000,6%,0.0635483870967742,0.06559139784946237,19,500,0.5,True,True,False,0.5,0.021846399999049027,8,aware-pipeline,3,1
LDPC,1000,6%,0.0635483870967742,0.06559139784946237,20,500,0.5,True,True,False,0.5,0.020993100002669962,8,uniform,3,0
LDPC,1000,6%,0.0635483870967742,0.06559139784946237,20,500,0.5,True,True,False,0.5,0.019155599999066908,7,aware-pipeline,3,0
LDPC,1000,6%,0.0635483870967742,0.06559139784946237,20,600,0.6,True,True,False,0.4,0.019724499998119427,6,uniform,3,1
LDPC,1000,6%,0.0635483870967742,0.06559139784946237,20,500,0.5,True,True,False,0.5,0.018919099999038735,7,aware-pipeline,3,1
LDPC,1000,6%,0.0635483870967742,0.06559139784946237,21,500,0.5,True,True,False,0.5,0.023912500000733417,9,uniform,3,0
LDPC,1000,6%,0.0635483870967742,0.06559139784946237,21,500,0.5,True,True,False,0.5,0.01915309999822057,7,aware-pipeline,3,0
LDPC,1000,6%,0.0635483870967742,0.06559139784946237,21,600,0.6,True,True,False,0.4,0.018040499999187887,6,uniform,3,1
LDPC,1000,6%,0.0635483870967742,0.06559139784946237,21,500,0.5,True,True,False,0.5,0.02134989999831305,8,aware-pipeline,3,1
LDPC,1000,6%,0.0635483870967742,0.06559139784946237,22,500,0.5,True,True,False,0.5,0.058518599998933496,26,uniform,3,0
LDPC,1000,6%,0.0635483870967742,0.06559139784946237,22,500,0.5,True,True,False,0.5,0.025860300000204006,10,aware-pipeline,3,0
LDPC,1000,6%,0.0635483870967742,0.06559139784946237,22,600,0.6,True,True,False,0.4,0.022707899999659276,7,uniform,3,1
LDPC,1000,6%,0.0635483870967742,0.06559139784946237,22,500,0.5,True,True,False,0.5,0.03037179999955697,11,aware-pipeline,3,1
LDPC,1000,6%,0.0635483870967742,0.06559139784946237,23,500,0.5,True,True,False,0.5,0.024259400001028553,10,uniform,3,0
LDPC,1000,6%,0.0635483870967742,0.06559139784946237,23,500,0.5,True,True,False,0.5,0.022915700003068196,8,aware-pipeline,3,0
LDPC,1000,6%,0.0635483870967742,0.06559139784946237,23,600,0.6,True,True,False,0.4,0.01785340000060387,6,uniform,3,1
LDPC,1000,6%,0.0635483870967742,0.06559139784946237,23,500,0.5,True,True,False,0.5,0.021594300000288058,8,aware-pipeline,3,1
LDPC,1000,6%,0.0635483870967742,0.06559139784946237,24,500,0.5,True,True,False,0.5,0.022976500000368105,9,uniform,3,0
LDPC,1000,6%,0.0635483870967742,0.06559139784946237,24,500,0.5,True,True,False,0.5,0.023441599998477614,9,aware-pipeline,3,0
LDPC,1000,6%,0.0635483870967742,0.06559139784946237,24,600,0.6,True,True,False,0.4,0.016424099998403108,5,uniform,3,1
LDPC,1000,6%,0.0635483870967742,0.06559139784946237,24,500,0.5,True,True,False,0.5,0.020607499998732237,8,aware-pipeline,3,1
LDPC,1000,6%,0.0635483870967742,0.06559139784946237,25,500,0.5,True,True,False,0.5,0.02781169999798294,11,uniform,3,0
LDPC,1000,6%,0.0635483870967742,0.06559139784946237,25,500,0.5,True,True,False,0.5,0.022695999999996275,7,aware-pipeline,3,0
LDPC,1000,6%,0.0635483870967742,0.06559139784946237,25,600,0.6,True,True,False,0.4,0.018621299997903407,6,uniform,3,1
LDPC,1000,6%,0.0635483870967742,0.06559139784946237,25,500,0.5,True,True,False,0.5,0.017064100000425242,6,aware-pipeline,3,1
LDPC,1000,6%,0.0635483870967742,0.06559139784946237,26,500,0.5,True,True,False,0.5,0.02547920000142767,10,uniform,3,0
LDPC,1000,6%,0.0635483870967742,0.06559139784946237,26,500,0.5,True,True,False,0.5,0.0209577999994508,8,aware-pipeline,3,0
LDPC,1000,6%,0.0635483870967742,0.06559139784946237,26,600,0.6,True,True,False,0.4,0.016240100001596147,5,uniform,3,1
LDPC,1000,6%,0.0635483870967742,0.06559139784946237,26,500,0.5,True,True,False,0.5,0.019216100001358427,7,aware-pipeline,3,1
LDPC,1000,6%,0.0635483870967742,0.06559139784946237,27,500,0.5,True,True,False,0.5,0.01808040000105393,6,uniform,3,0
LDPC,1000,6%,0.0635483870967742,0.06559139784946237,27,500,0.5,True,True,False,0.5,0.015106999999261461,5,aware-pipeline,3,0
LDPC,1000,6%,0.0635483870967742,0.06559139784946237,27,600,0.6,True,True,False,0.4,0.012518100000306731,3,uniform,3,1
LDPC,1000,6%,0.0635483870967742,0.06559139784946237,27,500,0.5,True,True,False,0.5,0.015268800001649652,5,aware-pipeline,3,1
LDPC,1000,6%,0.0635483870967742,0.06559139784946237,28,500,0.5,True,True,False,0.5,0.026085299999976996,10,uniform,3,0
LDPC,1000,6%,0.0635483870967742,0.06559139784946237,28,500,0.5,True,True,False,0.5,0.019996699997136602,7,aware-pipeline,3,0
LDPC,1000,6%,0.0635483870967742,0.06559139784946237,28,600,0.6,True,True,False,0.4,0.018703500001720386,6,uniform,3,1
LDPC,1000,6%,0.0635483870967742,0.06559139784946237,28,500,0.5,True,True,False,0.5,0.017131699998572003,6,aware-pipeline,3,1
LDPC,1000,6%,0.0635483870967742,0.06559139784946237,29,500,0.5,False,False,False,0.0,0.23119880000012927,120,uniform,3,0
LDPC,1000,6%,0.0635483870967742,0.06559139784946237,29,500,0.5,True,True,False,0.5,0.06696400000146241,29,aware-pipeline,3,0
LDPC,1000,6%,0.0635483870967742,0.06559139784946237,29,600,0.6,True,True,False,0.4,0.021500599999853875,6,uniform,3,1
LDPC,1000,6%,0.0635483870967742,0.06559139784946237,29,500,0.5,True,True,False,0.5,0.024282600003061816,9,aware-pipeline,3,1
LDPC,1000,6%,0.0635483870967742,0.06559139784946237,30,500,0.5,True,True,False,0.5,0.019874800000252435,7,uniform,3,0
LDPC,1000,6%,0.0635483870967742,0.06559139784946237,30,500,0.5,True,True,False,0.5,0.018846300001314376,6,aware-pipeline,3,0
LDPC,1000,6%,0.0635483870967742,0.06559139784946237,30,600,0.6,True,True,False,0.4,0.01609719999760273,4,uniform,3,1
LDPC,1000,6%,0.0635483870967742,0.06559139784946237,30,500,0.5,True,True,False,0.5,0.019507600001816172,7,aware-pipeline,3,1
LDPC,1000,6%,0.0635483870967742,0.06559139784946237,31,500,0.5,True,True,False,0.5,0.018435699999827193,6,uniform,3,0
LDPC,1000,6%,0.0635483870967742,0.06559139784946237,31,500,0.5,True,True,False,0.5,0.018074999999953434,6,aware-pipeline,3,0
LDPC,1000,6%,0.0635483870967742,0.06559139784946237,31,600,0.6,True,True,False,0.4,0.019149999996443512,5,uniform,3,1
LDPC,1000,6%,0.0635483870967742,0.06559139784946237,31,500,0.5,True,True,False,0.5,0.025664199998573167,7,aware-pipeline,3,1
LDPC,1000,6%,0.0635483870967742,0.06559139784946237,32,500,0.5,True,True,False,0.5,0.03162819999852218,11,uniform,3,0
LDPC,1000,6%,0.0635483870967742,0.06559139784946237,32,500,0.5,True,True,False,0.5,0.023030000000289874,7,aware-pipeline,3,0
LDPC,1000,6%,0.0635483870967742,0.06559139784946237,32,600,0.6,True,True,False,0.4,0.02658789999986766,8,uniform,3,1
LDPC,1000,6%,0.0635483870967742,0.06559139784946237,32,500,0.5,True,True,False,0.5,0.018722699998761527,6,aware-pipeline,3,1
LDPC,1000,6%,0.0635483870967742,0.06559139784946237,33,500,0.5,True,True,False,0.5,0.014881999999488471,4,uniform,3,0
LDPC,1000,6%,0.0635483870967742,0.06559139784946237,33,500,0.5,True,True,False,0.5,0.014990899999247631,4,aware-pipeline,3,0
LDPC,1000,6%,0.0635483870967742,0.06559139784946237,33,600,0.6,True,True,False,0.4,0.014764499999728287,3,uniform,3,1
LDPC,1000,6%,0.0635483870967742,0.06559139784946237,33,500,0.5,True,True,False,0.5,0.017436400001315633,5,aware-pipeline,3,1
LDPC,1000,6%,0.0635483870967742,0.06559139784946237,34,500,0.5,True,True,False,0.5,0.021355699998821365,7,uniform,3,0
LDPC,1000,6%,0.0635483870967742,0.06559139784946237,34,500,0.5,True,True,False,0.5,0.016732299998693634,5,aware-pipeline,3,0
LDPC,1000,6%,0.0635483870967742,0.06559139784946237,34,600,0.6,True,True,False,0.4,0.016318199999659555,4,uniform,3,1
LDPC,1000,6%,0.0635483870967742,0.06559139784946237,34,500,0.5,True,True,False,0.5,0.014304399999673478,4,aware-pipeline,3,1
LDPC,1000,6%,0.0635483870967742,0.06559139784946237,35,500,0.5,True,True,False,0.5,0.01760429999922053,6,uniform,3,0
LDPC,1000,6%,0.0635483870967742,0.06559139784946237,35,500,0.5,True,True,False,0.5,0.015601400002196897,5,aware-pipeline,3,0
LDPC,1000,6%,0.0635483870967742,0.06559139784946237,35,600,0.6,True,True,False,0.4,0.015546900001936592,4,uniform,3,1
LDPC,1000,6%,0.0635483870967742,0.06559139784946237,35,500,0.5,True,True,False,0.5,0.017743600001267623,6,aware-pipeline,3,1
LDPC,1000,6%,0.0635483870967742,0.06559139784946237,36,500,0.5,True,True,False,0.5,0.05812560000049416,26,uniform,3,0
LDPC,1000,6%,0.0635483870967742,0.06559139784946237,36,500,0.5,True,True,False,0.5,0.029944600002636435,11,aware-pipeline,3,0
LDPC,1000,6%,0.0635483870967742,0.06559139784946237,36,600,0.6,True,True,False,0.4,0.0195224999988568,6,uniform,3,1
LDPC,1000,6%,0.0635483870967742,0.06559139784946237,36,500,0.5,True,True,False,0.5,0.023569699998915894,8,aware-pipeline,3,1
LDPC,1000,6%,0.0635483870967742,0.06559139784946237,37,500,0.5,True,True,False,0.5,0.021598299998004222,8,uniform,3,0
LDPC,1000,6%,0.0635483870967742,0.06559139784946237,37,500,0.5,True,True,False,0.5,0.019988799998827744,7,aware-pipeline,3,0
LDPC,1000,6%,0.0635483870967742,0.06559139784946237,37,600,0.6,True,True,False,0.4,0.01766000000134227,5,uniform,3,1
LDPC,1000,6%,0.0635483870967742,0.06559139784946237,37,500,0.5,True,True,False,0.5,0.01894700000048033,7,aware-pipeline,3,1
LDPC,1000,6%,0.0635483870967742,0.06559139784946237,38,500,0.5,True,True,False,0.5,0.023034199999528937,9,uniform,3,0
LDPC,1000,6%,0.0635483870967742,0.06559139784946237,38,500,0.5,True,True,False,0.5,0.017295899997407105,6,aware-pipeline,3,0
LDPC,1000,6%,0.0635483870967742,0.06559139784946237,38,600,0.6,True,True,False,0.4,0.01604360000055749,5,uniform,3,1
LDPC,1000,6%,0.0635483870967742,0.06559139784946237,38,500,0.5,True,True,False,0.5,0.01548220000040601,5,aware-pipeline,3,1
LDPC,1000,6%,0.0635483870967742,0.06559139784946237,39,500,0.5,True,True,False,0.5,0.06745579999915208,31,uniform,3,0
LDPC,1000,6%,0.0635483870967742,0.06559139784946237,39,500,0.5,True,True,False,0.5,0.021758900002168957,9,aware-pipeline,3,0
LDPC,1000,6%,0.0635483870967742,0.06559139784946237,39,600,0.6,True,True,False,0.4,0.01610160000200267,5,uniform,3,1
LDPC,1000,6%,0.0635483870967742,0.06559139784946237,39,500,0.5,True,True,False,0.5,0.019016499998542713,7,aware-pipeline,3,1
LDPC,1000,6%,0.06451612903225806,0.06989247311827956,0,600,0.6,True,True,False,0.4,0.01809569999750238,5,uniform,4,0
LDPC,1000,6%,0.06451612903225806,0.06989247311827956,0,500,0.5,True,True,False,0.5,0.024612599998363294,7,aware-pipeline,4,0
LDPC,1000,6%,0.06451612903225806,0.06989247311827956,0,600,0.6,True,True,False,0.4,0.019828799999231705,5,uniform,4,1
LDPC,1000,6%,0.06451612903225806,0.06989247311827956,0,600,0.6,True,True,False,0.4,0.016485500000271713,4,aware-pipeline,4,1
LDPC,1000,6%,0.06451612903225806,0.06989247311827956,1,600,0.6,True,True,False,0.4,0.020958699999027885,6,uniform,4,0
LDPC,1000,6%,0.06451612903225806,0.06989247311827956,1,500,0.5,True,True,False,0.5,0.024753099998633843,7,aware-pipeline,4,0
LDPC,1000,6%,0.06451612903225806,0.06989247311827956,1,600,0.6,True,True,False,0.4,0.022780999999667984,6,uniform,4,1
LDPC,1000,6%,0.06451612903225806,0.06989247311827956,1,600,0.6,True,True,False,0.4,0.020575500002451008,5,aware-pipeline,4,1
LDPC,1000,6%,0.06451612903225806,0.06989247311827956,2,600,0.6,True,True,False,0.4,0.020951499998773215,5,uniform,4,0
LDPC,1000,6%,0.06451612903225806,0.06989247311827956,2,500,0.5,True,True,False,0.5,0.023204799999803072,7,aware-pipeline,4,0
LDPC,1000,6%,0.06451612903225806,0.06989247311827956,2,600,0.6,True,True,False,0.4,0.015998999999283114,3,uniform,4,1
LDPC,1000,6%,0.06451612903225806,0.06989247311827956,2,600,0.6,True,True,False,0.4,0.014196500000252854,3,aware-pipeline,4,1
LDPC,1000,6%,0.06451612903225806,0.06989247311827956,3,600,0.6,True,True,False,0.4,0.01597810000021127,4,uniform,4,0
LDPC,1000,6%,0.06451612903225806,0.06989247311827956,3,500,0.5,True,True,False,0.5,0.025807300000451505,8,aware-pipeline,4,0
LDPC,1000,6%,0.06451612903225806,0.06989247311827956,3,600,0.6,True,True,False,0.4,0.021164800000406103,6,uniform,4,1
LDPC,1000,6%,0.06451612903225806,0.06989247311827956,3,600,0.6,True,True,False,0.4,0.020364199997857213,5,aware-pipeline,4,1
LDPC,1000,6%,0.06451612903225806,0.06989247311827956,4,600,0.6,True,True,False,0.4,0.020997799998440314,6,uniform,4,0
LDPC,1000,6%,0.06451612903225806,0.06989247311827956,4,500,0.5,True,True,False,0.5,0.027469399999972666,9,aware-pipeline,4,0
LDPC,1000,6%,0.06451612903225806,0.06989247311827956,4,600,0.6,True,True,False,0.4,0.025001099998917198,6,uniform,4,1
LDPC,1000,6%,0.06451612903225806,0.06989247311827956,4,600,0.6,True,True,False,0.4,0.021159899999474874,6,aware-pipeline,4,1
LDPC,1000,6%,0.06451612903225806,0.06989247311827956,5,600,0.6,True,True,False,0.4,0.021409200002381112,6,uniform,4,0
LDPC,1000,6%,0.06451612903225806,0.06989247311827956,5,500,0.5,True,True,False,0.5,0.019767599998886,6,aware-pipeline,4,0
LDPC,1000,6%,0.06451612903225806,0.06989247311827956,5,600,0.6,True,True,False,0.4,0.019274199999927077,4,uniform,4,1
LDPC,1000,6%,0.06451612903225806,0.06989247311827956,5,600,0.6,True,True,False,0.4,0.01818239999920479,5,aware-pipeline,4,1
LDPC,1000,6%,0.06451612903225806,0.06989247311827956,6,600,0.6,True,True,False,0.4,0.020941999999195104,6,uniform,4,0
LDPC,1000,6%,0.06451612903225806,0.06989247311827956,6,500,0.5,True,True,False,0.5,0.02128910000101314,7,aware-pipeline,4,0
LDPC,1000,6%,0.06451612903225806,0.06989247311827956,6,600,0.6,True,True,False,0.4,0.02345930000228691,7,uniform,4,1
LDPC,1000,6%,0.06451612903225806,0.06989247311827956,6,600,0.6,True,True,False,0.4,0.019624900000053458,6,aware-pipeline,4,1
LDPC,1000,6%,0.06451612903225806,0.06989247311827956,7,600,0.6,True,True,False,0.4,0.017970700002479134,5,uniform,4,0
LDPC,1000,6%,0.06451612903225806,0.06989247311827956,7,500,0.5,True,True,False,0.5,0.015637600001355167,4,aware-pipeline,4,0
LDPC,1000,6%,0.06451612903225806,0.06989247311827956,7,600,0.6,True,True,False,0.4,0.016521000001375796,4,uniform,4,1
LDPC,1000,6%,0.06451612903225806,0.06989247311827956,7,600,0.6,True,True,False,0.4,0.014240499996958533,3,aware-pipeline,4,1
LDPC,1000,6%,0.06451612903225806,0.06989247311827956,8,600,0.6,True,True,False,0.4,0.02169560000038473,6,uniform,4,0
LDPC,1000,6%,0.06451612903225806,0.06989247311827956,8,500,0.5,True,True,False,0.5,0.019505399999616202,6,aware-pipeline,4,0
LDPC,1000,6%,0.06451612903225806,0.06989247311827956,8,600,0.6,True,True,False,0.4,0.016219399996771244,4,uniform,4,1
LDPC,1000,6%,0.06451612903225806,0.06989247311827956,8,600,0.6,True,True,False,0.4,0.015412799999467097,4,aware-pipeline,4,1
LDPC,1000,6%,0.06451612903225806,0.06989247311827956,9,600,0.6,True,True,False,0.4,0.01540250000107335,4,uniform,4,0
LDPC,1000,6%,0.06451612903225806,0.06989247311827956,9,500,0.5,True,True,False,0.5,0.022848399999929825,6,aware-pipeline,4,0
LDPC,1000,6%,0.06451612903225806,0.06989247311827956,9,600,0.6,True,True,False,0.4,0.017710000000079162,5,uniform,4,1
LDPC,1000,6%,0.06451612903225806,0.06989247311827956,9,600,0.6,True,True,False,0.4,0.014692400000058115,3,aware-pipeline,4,1
LDPC,1000,6%,0.06451612903225806,0.06989247311827956,10,600,0.6,True,True,False,0.4,0.026893199999904027,7,uniform,4,0
LDPC,1000,6%,0.06451612903225806,0.06989247311827956,10,500,0.5,True,True,False,0.5,0.029670800002350006,9,aware-pipeline,4,0
LDPC,1000,6%,0.06451612903225806,0.06989247311827956,10,600,0.6,True,True,False,0.4,0.020087799999600975,5,uniform,4,1
LDPC,1000,6%,0.06451612903225806,0.06989247311827956,10,600,0.6,True,True,False,0.4,0.017003100001602434,4,aware-pipeline,4,1
LDPC,1000,6%,0.06451612903225806,0.06989247311827956,11,600,0.6,True,True,False,0.4,0.02014920000146958,5,uniform,4,0
LDPC,1000,6%,0.06451612903225806,0.06989247311827956,11,500,0.5,True,True,False,0.5,0.025249299997085473,8,aware-pipeline,4,0
LDPC,1000,6%,0.06451612903225806,0.06989247311827956,11,600,0.6,True,True,False,0.4,0.025843000003078487,6,uniform,4,1
LDPC,1000,6%,0.06451612903225806,0.06989247311827956,11,600,0.6,True,True,False,0.4,0.02138120000017807,6,aware-pipeline,4,1
LDPC,1000,6%,0.06451612903225806,0.06989247311827956,12,600,0.6,True,True,False,0.4,0.025751700002729194,7,uniform,4,0
LDPC,1000,6%,0.06451612903225806,0.06989247311827956,12,500,0.5,True,True,False,0.5,0.03919139999925392,14,aware-pipeline,4,0
LDPC,1000,6%,0.06451612903225806,0.06989247311827956,12,600,0.6,True,True,False,0.4,0.021026300000812626,6,uniform,4,1
LDPC,1000,6%,0.06451612903225806,0.06989247311827956,12,600,0.6,True,True,False,0.4,0.022485099998448277,6,aware-pipeline,4,1
LDPC,1000,6%,0.06451612903225806,0.06989247311827956,13,600,0.6,True,True,False,0.4,0.021650399998179637,6,uniform,4,0
LDPC,1000,6%,0.06451612903225806,0.06989247311827956,13,500,0.5,True,True,False,0.5,0.020738400002301205,7,aware-pipeline,4,0
LDPC,1000,6%,0.06451612903225806,0.06989247311827956,13,600,0.6,True,True,False,0.4,0.02159129999927245,6,uniform,4,1
LDPC,1000,6%,0.06451612903225806,0.06989247311827956,13,600,0.6,True,True,False,0.4,0.014948600000934675,4,aware-pipeline,4,1
LDPC,1000,6%,0.06451612903225806,0.06989247311827956,14,600,0.6,True,True,False,0.4,0.02111489999879268,7,uniform,4,0
LDPC,1000,6%,0.06451612903225806,0.06989247311827956,14,500,0.5,True,True,False,0.5,0.02294909999909578,9,aware-pipeline,4,0
LDPC,1000,6%,0.06451612903225806,0.06989247311827956,14,600,0.6,True,True,False,0.4,0.021927300000243122,7,uniform,4,1
LDPC,1000,6%,0.06451612903225806,0.06989247311827956,14,600,0.6,True,True,False,0.4,0.015172700001130579,4,aware-pipeline,4,1
LDPC,1000,6%,0.06451612903225806,0.06989247311827956,15,600,0.6,True,True,False,0.4,0.01654200000120909,5,uniform,4,0
LDPC,1000,6%,0.06451612903225806,0.06989247311827956,15,500,0.5,True,True,False,0.5,0.024662299998453818,9,aware-pipeline,4,0
LDPC,1000,6%,0.06451612903225806,0.06989247311827956,15,600,0.6,True,True,False,0.4,0.02103960000022198,7,uniform,4,1
LDPC,1000,6%,0.06451612903225806,0.06989247311827956,15,600,0.6,True,True,False,0.4,0.01594209999893792,5,aware-pipeline,4,1
LDPC,1000,6%,0.06451612903225806,0.06989247311827956,16,600,0.6,True,True,False,0.4,0.02011320000019623,6,uniform,4,0
LDPC,1000,6%,0.06451612903225806,0.06989247311827956,16,500,0.5,True,True,False,0.5,0.01956129999962286,7,aware-pipeline,4,0
LDPC,1000,6%,0.06451612903225806,0.06989247311827956,16,600,0.6,True,True,False,0.4,0.020342699997854652,6,uniform,4,1
LDPC,1000,6%,0.06451612903225806,0.06989247311827956,16,600,0.6,True,True,False,0.4,0.018143099998269463,5,aware-pipeline,4,1
LDPC,1000,6%,0.06451612903225806,0.06989247311827956,17,600,0.6,True,True,False,0.4,0.016361000001779757,4,uniform,4,0
LDPC,1000,6%,0.06451612903225806,0.06989247311827956,17,500,0.5,True,True,False,0.5,0.01827889999913168,6,aware-pipeline,4,0
LDPC,1000,6%,0.06451612903225806,0.06989247311827956,17,600,0.6,True,True,False,0.4,0.015171500002907123,4,uniform,4,1
LDPC,1000,6%,0.06451612903225806,0.06989247311827956,17,600,0.6,True,True,False,0.4,0.015609599999152124,4,aware-pipeline,4,1
LDPC,1000,6%,0.06451612903225806,0.06989247311827956,18,600,0.6,True,True,False,0.4,0.016178599998966092,4,uniform,4,0
LDPC,1000,6%,0.06451612903225806,0.06989247311827956,18,500,0.5,True,True,False,0.5,0.017713500001264038,6,aware-pipeline,4,0
LDPC,1000,6%,0.06451612903225806,0.06989247311827956,18,600,0.6,True,True,False,0.4,0.018527700001868652,6,uniform,4,1
LDPC,1000,6%,0.06451612903225806,0.06989247311827956,18,600,0.6,True,True,False,0.4,0.019492100000206847,6,aware-pipeline,4,1
LDPC,1000,6%,0.06451612903225806,0.06989247311827956,19,600,0.6,True,True,False,0.4,0.01451440000164439,4,uniform,4,0
LDPC,1000,6%,0.06451612903225806,0.06989247311827956,19,500,0.5,True,True,False,0.5,0.013393300003372133,4,aware-pipeline,4,0
LDPC,1000,6%,0.06451612903225806,0.06989247311827956,19,600,0.6,True,True,False,0.4,0.015047100001538638,4,uniform,4,1
LDPC,1000,6%,0.06451612903225806,0.06989247311827956,19,600,0.6,True,True,False,0.4,0.01675729999988107,5,aware-pipeline,4,1
LDPC,1000,6%,0.06451612903225806,0.06989247311827956,20,600,0.6,True,True,False,0.4,0.01917170000160695,6,uniform,4,0
LDPC,1000,6%,0.06451612903225806,0.06989247311827956,20,500,0.5,True,True,False,0.5,0.028699000002234243,12,aware-pipeline,4,0
LDPC,1000,6%,0.06451612903225806,0.06989247311827956,20,600,0.6,True,True,False,0.4,0.02125729999897885,7,uniform,4,1
LDPC,1000,6%,0.06451612903225806,0.06989247311827956,20,600,0.6,True,True,False,0.4,0.022161099997902056,7,aware-pipeline,4,1
LDPC,1000,6%,0.06451612903225806,0.06989247311827956,21,600,0.6,True,True,False,0.4,0.016279399998893496,5,uniform,4,0
LDPC,1000,6%,0.06451612903225806,0.06989247311827956,21,500,0.5,True,True,False,0.5,0.019062299998040544,7,aware-pipeline,4,0
LDPC,1000,6%,0.06451612903225806,0.06989247311827956,21,600,0.6,True,True,False,0.4,0.01841220000278554,5,uniform,4,1
LDPC,1000,6%,0.06451612903225806,0.06989247311827956,21,600,0.6,True,True,False,0.4,0.01751230000081705,5,aware-pipeline,4,1
LDPC,1000,6%,0.06451612903225806,0.06989247311827956,22,600,0.6,True,True,False,0.4,0.016078900000138674,5,uniform,4,0
LDPC,1000,6%,0.06451612903225806,0.06989247311827956,22,500,0.5,True,True,False,0.5,0.021503700001630932,7,aware-pipeline,4,0
LDPC,1000,6%,0.06451612903225806,0.06989247311827956,22,600,0.6,True,True,False,0.4,0.017796899999666493,6,uniform,4,1
LDPC,1000,6%,0.06451612903225806,0.06989247311827956,22,600,0.6,True,True,False,0.4,0.016897199999220902,5,aware-pipeline,4,1
LDPC,1000,6%,0.06451612903225806,0.06989247311827956,23,600,0.6,True,True,False,0.4,0.018996800001332304,6,uniform,4,0
LDPC,1000,6%,0.06451612903225806,0.06989247311827956,23,500,0.5,True,True,False,0.5,0.018795100000716047,7,aware-pipeline,4,0
LDPC,1000,6%,0.06451612903225806,0.06989247311827956,23,600,0.6,True,True,False,0.4,0.020397399999637855,7,uniform,4,1
LDPC,1000,6%,0.06451612903225806,0.06989247311827956,23,600,0.6,True,True,False,0.4,0.021708000000216998,7,aware-pipeline,4,1
LDPC,1000,6%,0.06451612903225806,0.06989247311827956,24,600,0.6,True,True,False,0.4,0.0175533000001451,5,uniform,4,0
LDPC,1000,6%,0.06451612903225806,0.06989247311827956,24,500,0.5,True,True,False,0.5,0.019255299997894326,7,aware-pipeline,4,0
LDPC,1000,6%,0.06451612903225806,0.06989247311827956,24,600,0.6,True,True,False,0.4,0.01678399999946123,5,uniform,4,1
LDPC,1000,6%,0.06451612903225806,0.06989247311827956,24,600,0.6,True,True,False,0.4,0.014997899997979403,4,aware-pipeline,4,1
LDPC,1000,6%,0.06451612903225806,0.06989247311827956,25,600,0.6,True,True,False,0.4,0.020943499999702908,7,uniform,4,0
LDPC,1000,6%,0.06451612903225806,0.06989247311827956,25,500,0.5,True,True,False,0.5,0.01687129999845638,6,aware-pipeline,4,0
LDPC,1000,6%,0.06451612903225806,0.06989247311827956,25,600,0.6,True,True,False,0.4,0.016852400000061607,5,uniform,4,1
LDPC,1000,6%,0.06451612903225806,0.06989247311827956,25,600,0.6,True,True,False,0.4,0.016886800000065705,5,aware-pipeline,4,1
LDPC,1000,6%,0.06451612903225806,0.06989247311827956,26,600,0.6,True,True,False,0.4,0.01983969999855617,7,uniform,4,0
LDPC,1000,6%,0.06451612903225806,0.06989247311827956,26,500,0.5,True,True,False,0.5,0.08971509999901173,45,aware-pipeline,4,0
LDPC,1000,6%,0.06451612903225806,0.06989247311827956,26,600,0.6,True,True,False,0.4,0.016552499997487757,6,uniform,4,1
LDPC,1000,6%,0.06451612903225806,0.06989247311827956,26,600,0.6,True,True,False,0.4,0.013559200000599958,4,aware-pipeline,4,1
LDPC,1000,6%,0.06451612903225806,0.06989247311827956,27,600,0.6,True,True,False,0.4,0.018709099997067824,7,uniform,4,0
LDPC,1000,6%,0.06451612903225806,0.06989247311827956,27,500,0.5,True,True,False,0.5,0.0168496000005689,6,aware-pipeline,4,0
LDPC,1000,6%,0.06451612903225806,0.06989247311827956,27,600,0.6,True,True,False,0.4,0.01628839999830234,5,uniform,4,1
LDPC,1000,6%,0.06451612903225806,0.06989247311827956,27,600,0.6,True,True,False,0.4,0.011827700000139885,3,aware-pipeline,4,1
LDPC,1000,6%,0.06451612903225806,0.06989247311827956,28,600,0.6,True,True,False,0.4,0.015425699999468634,5,uniform,4,0
LDPC,1000,6%,0.06451612903225806,0.06989247311827956,28,500,0.5,True,True,False,0.5,0.01800309999816818,7,aware-pipeline,4,0
LDPC,1000,6%,0.06451612903225806,0.06989247311827956,28,600,0.6,True,True,False,0.4,0.013712100000702776,4,uniform,4,1
LDPC,1000,6%,0.06451612903225806,0.06989247311827956,28,600,0.6,True,True,False,0.4,0.01458479999928386,4,aware-pipeline,4,1
LDPC,1000,6%,0.06451612903225806,0.06989247311827956,29,600,0.6,True,True,False,0.4,0.016183100000489503,5,uniform,4,0
LDPC,1000,6%,0.06451612903225806,0.06989247311827956,29,500,0.5,True,True,False,0.5,0.018788800000038464,6,aware-pipeline,4,0
LDPC,1000,6%,0.06451612903225806,0.06989247311827956,29,600,0.6,True,True,False,0.4,0.020458099999814294,7,uniform,4,1
LDPC,1000,6%,0.06451612903225806,0.06989247311827956,29,600,0.6,True,True,False,0.4,0.01782680000178516,6,aware-pipeline,4,1
LDPC,1000,6%,0.06451612903225806,0.06989247311827956,30,600,0.6,True,True,False,0.4,0.016734200002247235,5,uniform,4,0
LDPC,1000,6%,0.06451612903225806,0.06989247311827956,30,500,0.5,True,True,False,0.5,0.017187000001285924,6,aware-pipeline,4,0
LDPC,1000,6%,0.06451612903225806,0.06989247311827956,30,600,0.6,True,True,False,0.4,0.018851999997423263,5,uniform,4,1
LDPC,1000,6%,0.06451612903225806,0.06989247311827956,30,600,0.6,True,True,False,0.4,0.016956999999820255,4,aware-pipeline,4,1
LDPC,1000,6%,0.06451612903225806,0.06989247311827956,31,600,0.6,True,True,False,0.4,0.01976949999880162,6,uniform,4,0
LDPC,1000,6%,0.06451612903225806,0.06989247311827956,31,500,0.5,True,True,False,0.5,0.01978659999804222,6,aware-pipeline,4,0
LDPC,1000,6%,0.06451612903225806,0.06989247311827956,31,600,0.6,True,True,False,0.4,0.023775300000124844,6,uniform,4,1
LDPC,1000,6%,0.06451612903225806,0.06989247311827956,31,600,0.6,True,True,False,0.4,0.016727400001400383,4,aware-pipeline,4,1
LDPC,1000,6%,0.06451612903225806,0.06989247311827956,32,600,0.6,True,True,False,0.4,0.020777400000952184,6,uniform,4,0
LDPC,1000,6%,0.06451612903225806,0.06989247311827956,32,500,0.5,True,True,False,0.5,0.02451909999945201,8,aware-pipeline,4,0
LDPC,1000,6%,0.06451612903225806,0.06989247311827956,32,600,0.6,True,True,False,0.4,0.025198100000125123,8,uniform,4,1
LDPC,1000,6%,0.06451612903225806,0.06989247311827956,32,600,0.6,True,True,False,0.4,0.022410600002331194,7,aware-pipeline,4,1
LDPC,1000,6%,0.06451612903225806,0.06989247311827956,33,600,0.6,True,True,False,0.4,0.016863199998624623,4,uniform,4,0
LDPC,1000,6%,0.06451612903225806,0.06989247311827956,33,500,0.5,True,True,False,0.5,0.02358769999773358,8,aware-pipeline,4,0
LDPC,1000,6%,0.06451612903225806,0.06989247311827956,33,600,0.6,True,True,False,0.4,0.02103229999920586,5,uniform,4,1
LDPC,1000,6%,0.06451612903225806,0.06989247311827956,33,600,0.6,True,True,False,0.4,0.01590810000197962,4,aware-pipeline,4,1
LDPC,1000,6%,0.06451612903225806,0.06989247311827956,34,600,0.6,True,True,False,0.4,0.019119299999147188,5,uniform,4,0
LDPC,1000,6%,0.06451612903225806,0.06989247311827956,34,500,0.5,True,True,False,0.5,0.028182899997773347,9,aware-pipeline,4,0
LDPC,1000,6%,0.06451612903225806,0.06989247311827956,34,600,0.6,True,True,False,0.4,0.01758469999913359,4,uniform,4,1
LDPC,1000,6%,0.06451612903225806,0.06989247311827956,34,600,0.6,True,True,False,0.4,0.017760200000338955,4,aware-pipeline,4,1
LDPC,1000,6%,0.06451612903225806,0.06989247311827956,35,600,0.6,True,True,False,0.4,0.018436900001688628,5,uniform,4,0
LDPC,1000,6%,0.06451612903225806,0.06989247311827956,35,500,0.5,True,True,False,0.5,0.017332499999611173,5,aware-pipeline,4,0
LDPC,1000,6%,0.06451612903225806,0.06989247311827956,35,600,0.6,True,True,False,0.4,0.015486399999645073,4,uniform,4,1
LDPC,1000,6%,0.06451612903225806,0.06989247311827956,35,600,0.6,True,True,False,0.4,0.016829200001666322,4,aware-pipeline,4,1
LDPC,1000,6%,0.06451612903225806,0.06989247311827956,36,600,0.6,True,True,False,0.4,0.016080899997177767,4,uniform,4,0
LDPC,1000,6%,0.06451612903225806,0.06989247311827956,36,500,0.5,True,True,False,0.5,0.01908200000252691,6,aware-pipeline,4,0
LDPC,1000,6%,0.06451612903225806,0.06989247311827956,36,600,0.6,True,True,False,0.4,0.01784409999891068,5,uniform,4,1
LDPC,1000,6%,0.06451612903225806,0.06989247311827956,36,600,0.6,True,True,False,0.4,0.016634599996905308,4,aware-pipeline,4,1
LDPC,1000,6%,0.06451612903225806,0.06989247311827956,37,600,0.6,True,True,False,0.4,0.01948219999758294,5,uniform,4,0
LDPC,1000,6%,0.06451612903225806,0.06989247311827956,37,500,0.5,True,True,False,0.5,0.025819099999353057,7,aware-pipeline,4,0
LDPC,1000,6%,0.06451612903225806,0.06989247311827956,37,600,0.6,True,True,False,0.4,0.019323199998325435,5,uniform,4,1
LDPC,1000,6%,0.06451612903225806,0.06989247311827956,37,600,0.6,True,True,False,0.4,0.01955159999852185,5,aware-pipeline,4,1
LDPC,1000,6%,0.06451612903225806,0.06989247311827956,38,600,0.6,True,True,False,0.4,0.01685939999879338,3,uniform,4,0
LDPC,1000,6%,0.06451612903225806,0.06989247311827956,38,500,0.5,True,True,False,0.5,0.023415299998305272,5,aware-pipeline,4,0
LDPC,1000,6%,0.06451612903225806,0.06989247311827956,38,600,0.6,True,True,False,0.4,0.021034400000644382,5,uniform,4,1
LDPC,1000,6%,0.06451612903225806,0.06989247311827956,38,600,0.6,True,True,False,0.4,0.019150600001012208,5,aware-pipeline,4,1
LDPC,1000,6%,0.06451612903225806,0.06989247311827956,39,600,0.6,True,True,False,0.4,0.01923209999949904,5,uniform,4,0
LDPC,1000,6%,0.06451612903225806,0.06989247311827956,39,500,0.5,True,True,False,0.5,0.02348139999958221,8,aware-pipeline,4,0
LDPC,1000,6%,0.06451612903225806,0.06989247311827956,39,600,0.6,True,True,False,0.4,0.01589590000003227,4,uniform,4,1
LDPC,1000,6%,0.06451612903225806,0.06989247311827956,39,600,0.6,True,True,False,0.4,0.014743499999894993,3,aware-pipeline,4,1
LDPC,1000,10%,0.10445161290322581,0.10731182795698925,0,600,0.6,True,True,False,0.4,0.04344430000128341,21,uniform,0,0
LDPC,1000,10%,0.10445161290322581,0.10731182795698925,0,600,0.6,True,True,False,0.4,0.024290400000609225,11,aware-pipeline,0,0
LDPC,1000,10%,0.10445161290322581,0.10731182795698925,0,750,0.75,True,True,False,0.25,0.027039399999921443,9,uniform,0,1
LDPC,1000,10%,0.10445161290322581,0.10731182795698925,0,600,0.6,True,True,False,0.4,0.02620310000202153,11,aware-pipeline,0,1
LDPC,1000,10%,0.10445161290322581,0.10731182795698925,1,600,0.6,True,True,False,0.4,0.02837820000058855,12,uniform,0,0
LDPC,1000,10%,0.10445161290322581,0.10731182795698925,1,600,0.6,True,True,False,0.4,0.02081529999850318,9,aware-pipeline,0,0
LDPC,1000,10%,0.10445161290322581,0.10731182795698925,1,750,0.75,True,True,False,0.25,0.027885200001037447,9,uniform,0,1
LDPC,1000,10%,0.10445161290322581,0.10731182795698925,1,600,0.6,True,True,False,0.4,0.025349600000481587,11,aware-pipeline,0,1
LDPC,1000,10%,0.10445161290322581,0.10731182795698925,2,600,0.6,False,False,False,0.0,0.20100449999881675,120,uniform,0,0
LDPC,1000,10%,0.10445161290322581,0.10731182795698925,2,600,0.6,True,True,False,0.4,0.022627599999395898,11,aware-pipeline,0,0
LDPC,1000,10%,0.10445161290322581,0.10731182795698925,2,750,0.75,True,True,False,0.25,0.032986399997753324,8,uniform,0,1
LDPC,1000,10%,0.10445161290322581,0.10731182795698925,2,600,0.6,True,True,False,0.4,0.09659350000220002,55,aware-pipeline,0,1
LDPC,1000,10%,0.10445161290322581,0.10731182795698925,3,600,0.6,False,False,False,0.0,0.2027483999991091,120,uniform,0,0
LDPC,1000,10%,0.10445161290322581,0.10731182795698925,3,600,0.6,True,True,False,0.4,0.04154660000131116,23,aware-pipeline,0,0
LDPC,1000,10%,0.10445161290322581,0.10731182795698925,3,750,0.75,True,True,False,0.25,0.02483099999881233,9,uniform,0,1
LDPC,1000,10%,0.10445161290322581,0.10731182795698925,3,600,0.6,True,True,False,0.4,0.024917300001106923,12,aware-pipeline,0,1
LDPC,1000,10%,0.10445161290322581,0.10731182795698925,4,600,0.6,True,True,False,0.4,0.01775699999780045,8,uniform,0,0
LDPC,1000,10%,0.10445161290322581,0.10731182795698925,4,600,0.6,True,True,False,0.4,0.017358000000967877,7,aware-pipeline,0,0
LDPC,1000,10%,0.10445161290322581,0.10731182795698925,4,750,0.75,True,True,False,0.25,0.01686139999947045,5,uniform,0,1
LDPC,1000,10%,0.10445161290322581,0.10731182795698925,4,600,0.6,True,True,False,0.4,0.022092899998824578,10,aware-pipeline,0,1
LDPC,1000,10%,0.10445161290322581,0.10731182795698925,5,600,0.6,True,True,False,0.4,0.044180500000948086,25,uniform,0,0
LDPC,1000,10%,0.10445161290322581,0.10731182795698925,5,600,0.6,True,True,False,0.4,0.0237133000009635,11,aware-pipeline,0,0
LDPC,1000,10%,0.10445161290322581,0.10731182795698925,5,750,0.75,True,True,False,0.25,0.019280100001196843,6,uniform,0,1
LDPC,1000,10%,0.10445161290322581,0.10731182795698925,5,600,0.6,True,True,False,0.4,0.03048280000075465,15,aware-pipeline,0,1
LDPC,1000,10%,0.10445161290322581,0.10731182795698925,6,600,0.6,False,False,False,0.0,0.21884199999840348,120,uniform,0,0
LDPC,1000,10%,0.10445161290322581,0.10731182795698925,6,600,0.6,True,True,False,0.4,0.028046100000210572,14,aware-pipeline,0,0
LDPC,1000,10%,0.10445161290322581,0.10731182795698925,6,750,0.75,True,True,False,0.25,0.020520000001852168,7,uniform,0,1
LDPC,1000,10%,0.10445161290322581,0.10731182795698925,6,600,0.6,True,True,False,0.4,0.026905599999736296,13,aware-pipeline,0,1
LDPC,1000,10%,0.10445161290322581,0.10731182795698925,7,600,0.6,True,True,False,0.4,0.0379616000027454,20,uniform,0,0
LDPC,1000,10%,0.10445161290322581,0.10731182795698925,7,600,0.6,True,True,False,0.4,0.021404799997981172,10,aware-pipeline,0,0
LDPC,1000,10%,0.10445161290322581,0.10731182795698925,7,750,0.75,True,True,False,0.25,0.01920319999771891,6,uniform,0,1
LDPC,1000,10%,0.10445161290322581,0.10731182795698925,7,600,0.6,True,True,False,0.4,0.0196321999974316,9,aware-pipeline,0,1
LDPC,1000,10%,0.10445161290322581,0.10731182795698925,8,600,0.6,False,False,False,0.0,0.19988350000130595,120,uniform,0,0
LDPC,1000,10%,0.10445161290322581,0.10731182795698925,8,600,0.6,True,True,False,0.4,0.03902369999923394,20,aware-pipeline,0,0
LDPC,1000,10%,0.10445161290322581,0.10731182795698925,8,750,0.75,True,True,False,0.25,0.020514299998467322,7,uniform,0,1
LDPC,1000,10%,0.10445161290322581,0.10731182795698925,8,600,0.6,True,True,False,0.4,0.024137699998391327,10,aware-pipeline,0,1
LDPC,1000,10%,0.10445161290322581,0.10731182795698925,9,600,0.6,False,False,False,0.0,0.1964412999986962,120,uniform,0,0
LDPC,1000,10%,0.10445161290322581,0.10731182795698925,9,600,0.6,False,False,False,0.0,0.2173705000022892,120,aware-pipeline,0,0
LDPC,1000,10%,0.10445161290322581,0.10731182795698925,9,750,0.75,True,True,False,0.25,0.025187499999447027,9,uniform,0,1
LDPC,1000,10%,0.10445161290322581,0.10731182795698925,9,600,0.6,True,True,False,0.4,0.04187109999838867,19,aware-pipeline,0,1
LDPC,1000,10%,0.10445161290322581,0.10731182795698925,10,600,0.6,False,False,False,0.0,0.2020133000005444,120,uniform,0,0
LDPC,1000,10%,0.10445161290322581,0.10731182795698925,10,600,0.6,False,False,False,0.0,0.19888709999941057,120,aware-pipeline,0,0
LDPC,1000,10%,0.10445161290322581,0.10731182795698925,10,750,0.75,True,True,False,0.25,0.021553200000198558,8,uniform,0,1
LDPC,1000,10%,0.10445161290322581,0.10731182795698925,10,600,0.6,True,True,False,0.4,0.041062099997361656,22,aware-pipeline,0,1
LDPC,1000,10%,0.10445161290322581,0.10731182795698925,11,600,0.6,False,False,False,0.0,0.20398090000162483,120,uniform,0,0
LDPC,1000,10%,0.10445161290322581,0.10731182795698925,11,600,0.6,True,True,False,0.4,0.03873100000055274,22,aware-pipeline,0,0
LDPC,1000,10%,0.10445161290322581,0.10731182795698925,11,750,0.75,True,True,False,0.25,0.025843300001724856,9,uniform,0,1
LDPC,1000,10%,0.10445161290322581,0.10731182795698925,11,600,0.6,True,True,False,0.4,0.053861399999732384,32,aware-pipeline,0,1
LDPC,1000,10%,0.10445161290322581,0.10731182795698925,12,600,0.6,True,True,False,0.4,0.026092299998708768,12,uniform,0,0
LDPC,1000,10%,0.10445161290322581,0.10731182795698925,12,600,0.6,True,True,False,0.4,0.022727300001861295,10,aware-pipeline,0,0
LDPC,1000,10%,0.10445161290322581,0.10731182795698925,12,750,0.75,True,True,False,0.25,0.014473700000962708,4,uniform,0,1
LDPC,1000,10%,0.10445161290322581,0.10731182795698925,12,600,0.6,True,True,False,0.4,0.02140309999958845,10,aware-pipeline,0,1
LDPC,1000,10%,0.10445161290322581,0.10731182795698925,13,600,0.6,True,True,False,0.4,0.021813100000144914,10,uniform,0,0
LDPC,1000,10%,0.10445161290322581,0.10731182795698925,13,600,0.6,True,True,False,0.4,0.016061199999967357,7,aware-pipeline,0,0
LDPC,1000,10%,0.10445161290322581,0.10731182795698925,13,750,0.75,True,True,False,0.25,0.020008200001029763,6,uniform,0,1
LDPC,1000,10%,0.10445161290322581,0.10731182795698925,13,600,0.6,True,True,False,0.4,0.02346209999814164,11,aware-pipeline,0,1
LDPC,1000,10%,0.10445161290322581,0.10731182795698925,14,600,0.6,True,True,False,0.4,0.023648400001547998,11,uniform,0,0
LDPC,1000,10%,0.10445161290322581,0.10731182795698925,14,600,0.6,True,True,False,0.4,0.016308400001435075,7,aware-pipeline,0,0
LDPC,1000,10%,0.10445161290322581,0.10731182795698925,14,750,0.75,True,True,False,0.25,0.015435499997693114,5,uniform,0,1
LDPC,1000,10%,0.10445161290322581,0.10731182795698925,14,600,0.6,True,True,False,0.4,0.021130699999048375,9,aware-pipeline,0,1
LDPC,1000,10%,0.10445161290322581,0.10731182795698925,15,600,0.6,True,True,False,0.4,0.02022719999877154,9,uniform,0,0
LDPC,1000,10%,0.10445161290322581,0.10731182795698925,15,600,0.6,True,True,False,0.4,0.015965099999448285,7,aware-pipeline,0,0
LDPC,1000,10%,0.10445161290322581,0.10731182795698925,15,750,0.75,True,True,False,0.25,0.015938900000037393,5,uniform,0,1
LDPC,1000,10%,0.10445161290322581,0.10731182795698925,15,600,0.6,True,True,False,0.4,0.018084999999700813,8,aware-pipeline,0,1
LDPC,1000,10%,0.10445161290322581,0.10731182795698925,16,600,0.6,True,True,False,0.4,0.026719100002082996,13,uniform,0,0
LDPC,1000,10%,0.10445161290322581,0.10731182795698925,16,600,0.6,True,True,False,0.4,0.01838299999872106,8,aware-pipeline,0,0
LDPC,1000,10%,0.10445161290322581,0.10731182795698925,16,750,0.75,True,True,False,0.25,0.019426599999860628,7,uniform,0,1
LDPC,1000,10%,0.10445161290322581,0.10731182795698925,16,600,0.6,True,True,False,0.4,0.02373979999902076,12,aware-pipeline,0,1
LDPC,1000,10%,0.10445161290322581,0.10731182795698925,17,600,0.6,True,True,False,0.4,0.04638599999816506,26,uniform,0,0
LDPC,1000,10%,0.10445161290322581,0.10731182795698925,17,600,0.6,True,True,False,0.4,0.021786699999211123,10,aware-pipeline,0,0
LDPC,1000,10%,0.10445161290322581,0.10731182795698925,17,750,0.75,True,True,False,0.25,0.018470900002284907,7,uniform,0,1
LDPC,1000,10%,0.10445161290322581,0.10731182795698925,17,600,0.6,True,True,False,0.4,0.021070400001917733,10,aware-pipeline,0,1
LDPC,1000,10%,0.10445161290322581,0.10731182795698925,18,600,0.6,True,True,False,0.4,0.02720720000070287,13,uniform,0,0
LDPC,1000,10%,0.10445161290322581,0.10731182795698925,18,600,0.6,True,True,False,0.4,0.021362400002544746,10,aware-pipeline,0,0
LDPC,1000,10%,0.10445161290322581,0.10731182795698925,18,750,0.75,True,True,False,0.25,0.016732200001570163,6,uniform,0,1
LDPC,1000,10%,0.10445161290322581,0.10731182795698925,18,600,0.6,True,True,False,0.4,0.014296299999841722,6,aware-pipeline,0,1
LDPC,1000,10%,0.10445161290322581,0.10731182795698925,19,600,0.6,True,True,False,0.4,0.1632699000001594,101,uniform,0,0
LDPC,1000,10%,0.10445161290322581,0.10731182795698925,19,600,0.6,True,True,False,0.4,0.035342500003025634,11,aware-pipeline,0,0
LDPC,1000,10%,0.10445161290322581,0.10731182795698925,19,750,0.75,True,True,False,0.25,0.0330653999990318,6,uniform,0,1
LDPC,1000,10%,0.10445161290322581,0.10731182795698925,19,600,0.6,True,True,False,0.4,0.028827499998442363,8,aware-pipeline,0,1
LDPC,1000,10%,0.10445161290322581,0.10731182795698925,20,600,0.6,True,True,False,0.4,0.028621500001463573,9,uniform,0,0
LDPC,1000,10%,0.10445161290322581,0.10731182795698925,20,600,0.6,True,True,False,0.4,0.019006800001079682,7,aware-pipeline,0,0
LDPC,1000,10%,0.10445161290322581,0.10731182795698925,20,750,0.75,True,True,False,0.25,0.02407879999736906,7,uniform,0,1
LDPC,1000,10%,0.10445161290322581,0.10731182795698925,20,600,0.6,True,True,False,0.4,0.03856070000256295,17,aware-pipeline,0,1
LDPC,1000,10%,0.10445161290322581,0.10731182795698925,21,600,0.6,True,True,False,0.4,0.06808810000075027,33,uniform,0,0
LDPC,1000,10%,0.10445161290322581,0.10731182795698925,21,600,0.6,True,True,False,0.4,0.02912329999890062,12,aware-pipeline,0,0
LDPC,1000,10%,0.10445161290322581,0.10731182795698925,21,750,0.75,True,True,False,0.25,0.029843299998901784,9,uniform,0,1
LDPC,1000,10%,0.10445161290322581,0.10731182795698925,21,600,0.6,True,True,False,0.4,0.025398900001164293,10,aware-pipeline,0,1
LDPC,1000,10%,0.10445161290322581,0.10731182795698925,22,600,0.6,False,False,False,0.0,0.22420239999701153,120,uniform,0,0
LDPC,1000,10%,0.10445161290322581,0.10731182795698925,22,600,0.6,True,True,False,0.4,0.03358520000256249,16,aware-pipeline,0,0
LDPC,1000,10%,0.10445161290322581,0.10731182795698925,22,750,0.75,True,True,False,0.25,0.022188299997651484,7,uniform,0,1
LDPC,1000,10%,0.10445161290322581,0.10731182795698925,22,600,0.6,True,True,False,0.4,0.03533389999938663,14,aware-pipeline,0,1
LDPC,1000,10%,0.10445161290322581,0.10731182795698925,23,600,0.6,False,False,False,0.0,0.21534279999832506,120,uniform,0,0
LDPC,1000,10%,0.10445161290322581,0.10731182795698925,23,600,0.6,True,True,False,0.4,0.08449620000101277,47,aware-pipeline,0,0
LDPC,1000,10%,0.10445161290322581,0.10731182795698925,23,750,0.75,True,True,False,0.25,0.02675259999887203,9,uniform,0,1
LDPC,1000,10%,0.10445161290322581,0.10731182795698925,23,600,0.6,True,True,False,0.4,0.059883199999603676,32,aware-pipeline,0,1
LDPC,1000,10%,0.10445161290322581,0.10731182795698925,24,600,0.6,True,True,False,0.4,0.021825099996931385,9,uniform,0,0
LDPC,1000,10%,0.10445161290322581,0.10731182795698925,24,600,0.6,True,True,False,0.4,0.01675000000250293,7,aware-pipeline,0,0
LDPC,1000,10%,0.10445161290322581,0.10731182795698925,24,750,0.75,True,True,False,0.25,0.01668250000147964,5,uniform,0,1
LDPC,1000,10%,0.10445161290322581,0.10731182795698925,24,600,0.6,True,True,False,0.4,0.020324500001152046,9,aware-pipeline,0,1
LDPC,1000,10%,0.10445161290322581,0.10731182795698925,25,600,0.6,True,True,False,0.4,0.05158529999971506,28,uniform,0,0
LDPC,1000,10%,0.10445161290322581,0.10731182795698925,25,600,0.6,True,True,False,0.4,0.04171869999845512,22,aware-pipeline,0,0
LDPC,1000,10%,0.10445161290322581,0.10731182795698925,25,750,0.75,True,True,False,0.25,0.02332160000150907,8,uniform,0,1
LDPC,1000,10%,0.10445161290322581,0.10731182795698925,25,600,0.6,True,True,False,0.4,0.030022200000530574,16,aware-pipeline,0,1
LDPC,1000,10%,0.10445161290322581,0.10731182795698925,26,600,0.6,True,True,False,0.4,0.03491310000026715,18,uniform,0,0
LDPC,1000,10%,0.10445161290322581,0.10731182795698925,26,600,0.6,True,True,False,0.4,0.026542999999946915,14,aware-pipeline,0,0
LDPC,1000,10%,0.10445161290322581,0.10731182795698925,26,750,0.75,True,True,False,0.25,0.02371119999952498,8,uniform,0,1
LDPC,1000,10%,0.10445161290322581,0.10731182795698925,26,600,0.6,True,True,False,0.4,0.021530199999688193,10,aware-pipeline,0,1
LDPC,1000,10%,0.10445161290322581,0.10731182795698925,27,600,0.6,True,True,False,0.4,0.04523710000285064,24,uniform,0,0
LDPC,1000,10%,0.10445161290322581,0.10731182795698925,27,600,0.6,True,True,False,0.4,0.027689499998814426,14,aware-pipeline,0,0
LDPC,1000,10%,0.10445161290322581,0.10731182795698925,27,750,0.75,True,True,False,0.25,0.019925900000089314,6,uniform,0,1
LDPC,1000,10%,0.10445161290322581,0.10731182795698925,27,600,0.6,True,True,False,0.4,0.0350261000021419,18,aware-pipeline,0,1
LDPC,1000,10%,0.10445161290322581,0.10731182795698925,28,600,0.6,True,True,False,0.4,0.02188399999795365,11,uniform,0,0
LDPC,1000,10%,0.10445161290322581,0.10731182795698925,28,600,0.6,True,True,False,0.4,0.01847490000000107,8,aware-pipeline,0,0
LDPC,1000,10%,0.10445161290322581,0.10731182795698925,28,750,0.75,True,True,False,0.25,0.016551199998502852,5,uniform,0,1
LDPC,1000,10%,0.10445161290322581,0.10731182795698925,28,600,0.6,True,True,False,0.4,0.019000899999809917,8,aware-pipeline,0,1
LDPC,1000,10%,0.10445161290322581,0.10731182795698925,29,600,0.6,True,True,False,0.4,0.03414929999780725,17,uniform,0,0
LDPC,1000,10%,0.10445161290322581,0.10731182795698925,29,600,0.6,True,True,False,0.4,0.016197500000998843,7,aware-pipeline,0,0
LDPC,1000,10%,0.10445161290322581,0.10731182795698925,29,750,0.75,True,True,False,0.25,0.026727500000561122,10,uniform,0,1
LDPC,1000,10%,0.10445161290322581,0.10731182795698925,29,600,0.6,True,True,False,0.4,0.020276800001738593,9,aware-pipeline,0,1
LDPC,1000,10%,0.10445161290322581,0.10731182795698925,30,600,0.6,True,True,False,0.4,0.03603970000040135,18,uniform,0,0
LDPC,1000,10%,0.10445161290322581,0.10731182795698925,30,600,0.6,True,True,False,0.4,0.02678110000124434,13,aware-pipeline,0,0
LDPC,1000,10%,0.10445161290322581,0.10731182795698925,30,750,0.75,True,True,False,0.25,0.022204600001714425,7,uniform,0,1
LDPC,1000,10%,0.10445161290322581,0.10731182795698925,30,600,0.6,True,True,False,0.4,0.02407659999880707,12,aware-pipeline,0,1
LDPC,1000,10%,0.10445161290322581,0.10731182795698925,31,600,0.6,True,True,False,0.4,0.04594129999895813,25,uniform,0,0
LDPC,1000,10%,0.10445161290322581,0.10731182795698925,31,600,0.6,True,True,False,0.4,0.02247440000064671,11,aware-pipeline,0,0
LDPC,1000,10%,0.10445161290322581,0.10731182795698925,31,750,0.75,True,True,False,0.25,0.020213399999192916,7,uniform,0,1
LDPC,1000,10%,0.10445161290322581,0.10731182795698925,31,600,0.6,True,True,False,0.4,0.0830604000002495,50,aware-pipeline,0,1
LDPC,1000,10%,0.10445161290322581,0.10731182795698925,32,600,0.6,False,False,False,0.0,0.19691899999816087,120,uniform,0,0
LDPC,1000,10%,0.10445161290322581,0.10731182795698925,32,600,0.6,True,True,False,0.4,0.03758949999973993,21,aware-pipeline,0,0
LDPC,1000,10%,0.10445161290322581,0.10731182795698925,32,750,0.75,True,True,False,0.25,0.015009800001280382,5,uniform,0,1
LDPC,1000,10%,0.10445161290322581,0.10731182795698925,32,600,0.6,True,True,False,0.4,0.016982700002699858,8,aware-pipeline,0,1
LDPC,1000,10%,0.10445161290322581,0.10731182795698925,33,600,0.6,False,False,False,0.0,0.19676269999763463,120,uniform,0,0
LDPC,1000,10%,0.10445161290322581,0.10731182795698925,33,600,0.6,True,True,False,0.4,0.03383450000183075,17,aware-pipeline,0,0
LDPC,1000,10%,0.10445161290322581,0.10731182795698925,33,750,0.75,True,True,False,0.25,0.020230999998602783,7,uniform,0,1
LDPC,1000,10%,0.10445161290322581,0.10731182795698925,33,600,0.6,True,True,False,0.4,0.023493900000175927,12,aware-pipeline,0,1
LDPC,1000,10%,0.10445161290322581,0.10731182795698925,34,600,0.6,True,True,False,0.4,0.031771400001161965,17,uniform,0,0
LDPC,1000,10%,0.10445161290322581,0.10731182795698925,34,600,0.6,True,True,False,0.4,0.018444400000589667,8,aware-pipeline,0,0
LDPC,1000,10%,0.10445161290322581,0.10731182795698925,34,750,0.75,True,True,False,0.25,0.015402000000904081,5,uniform,0,1
LDPC,1000,10%,0.10445161290322581,0.10731182795698925,34,600,0.6,True,True,False,0.4,0.01586429999952088,7,aware-pipeline,0,1
LDPC,1000,10%,0.10445161290322581,0.10731182795698925,35,600,0.6,True,True,False,0.4,0.029206199997133808,16,uniform,0,0
LDPC,1000,10%,0.10445161290322581,0.10731182795698925,35,600,0.6,True,True,False,0.4,0.023455700000340585,10,aware-pipeline,0,0
LDPC,1000,10%,0.10445161290322581,0.10731182795698925,35,750,0.75,True,True,False,0.25,0.023112400001991773,6,uniform,0,1
LDPC,1000,10%,0.10445161290322581,0.10731182795698925,35,600,0.6,True,True,False,0.4,0.034614899999724,13,aware-pipeline,0,1
LDPC,1000,10%,0.10445161290322581,0.10731182795698925,36,600,0.6,False,False,False,0.0,0.27810740000131773,120,uniform,0,0
LDPC,1000,10%,0.10445161290322581,0.10731182795698925,36,600,0.6,True,True,False,0.4,0.037573300000076415,12,aware-pipeline,0,0
LDPC,1000,10%,0.10445161290322581,0.10731182795698925,36,750,0.75,True,True,False,0.25,0.03269419999924139,8,uniform,0,1
LDPC,1000,10%,0.10445161290322581,0.10731182795698925,36,600,0.6,True,True,False,0.4,0.04524189999938244,17,aware-pipeline,0,1
LDPC,1000,10%,0.10445161290322581,0.10731182795698925,37,600,0.6,True,True,False,0.4,0.032245700000203215,11,uniform,0,0
LDPC,1000,10%,0.10445161290322581,0.10731182795698925,37,600,0.6,True,True,False,0.4,0.02412160000312724,8,aware-pipeline,0,0
LDPC,1000,10%,0.10445161290322581,0.10731182795698925,37,750,0.75,True,True,False,0.25,0.02966030000243336,7,uniform,0,1
LDPC,1000,10%,0.10445161290322581,0.10731182795698925,37,600,0.6,True,True,False,0.4,0.0260989000016707,8,aware-pipeline,0,1
LDPC,1000,10%,0.10445161290322581,0.10731182795698925,38,600,0.6,True,True,False,0.4,0.03139440000086324,10,uniform,0,0
LDPC,1000,10%,0.10445161290322581,0.10731182795698925,38,600,0.6,True,True,False,0.4,0.025135499996395083,7,aware-pipeline,0,0
LDPC,1000,10%,0.10445161290322581,0.10731182795698925,38,750,0.75,True,True,False,0.25,0.030901099999027792,5,uniform,0,1
LDPC,1000,10%,0.10445161290322581,0.10731182795698925,38,600,0.6,True,True,False,0.4,0.028446899999835296,8,aware-pipeline,0,1
LDPC,1000,10%,0.10445161290322581,0.10731182795698925,39,600,0.6,True,True,False,0.4,0.036888300001010066,11,uniform,0,0
LDPC,1000,10%,0.10445161290322581,0.10731182795698925,39,600,0.6,True,True,False,0.4,0.02674990000014077,8,aware-pipeline,0,0
LDPC,1000,10%,0.10445161290322581,0.10731182795698925,39,750,0.75,True,True,False,0.25,0.01849200000287965,4,uniform,0,1
LDPC,1000,10%,0.10445161290322581,0.10731182795698925,39,600,0.6,True,True,False,0.4,0.021256299998640316,7,aware-pipeline,0,1
LDPC,1000,10%,0.10234408602150538,0.09978494623655915,0,600,0.6,True,True,False,0.4,0.025084500000957632,12,uniform,1,0
LDPC,1000,10%,0.10234408602150538,0.09978494623655915,0,600,0.6,True,True,False,0.4,0.015035399999760557,6,aware-pipeline,1,0
LDPC,1000,10%,0.10234408602150538,0.09978494623655915,0,600,0.6,True,True,False,0.4,0.025635300000431016,13,uniform,1,1
LDPC,1000,10%,0.10234408602150538,0.09978494623655915,0,600,0.6,True,True,False,0.4,0.016169900001841597,7,aware-pipeline,1,1
LDPC,1000,10%,0.10234408602150538,0.09978494623655915,1,600,0.6,True,True,False,0.4,0.04995309999867459,28,uniform,1,0
LDPC,1000,10%,0.10234408602150538,0.09978494623655915,1,600,0.6,True,True,False,0.4,0.03635480000230018,19,aware-pipeline,1,0
LDPC,1000,10%,0.10234408602150538,0.09978494623655915,1,600,0.6,True,True,False,0.4,0.030157199998939177,16,uniform,1,1
LDPC,1000,10%,0.10234408602150538,0.09978494623655915,1,600,0.6,True,True,False,0.4,0.02342280000084429,12,aware-pipeline,1,1
LDPC,1000,10%,0.10234408602150538,0.09978494623655915,2,600,0.6,True,True,False,0.4,0.03319670000200858,18,uniform,1,0
LDPC,1000,10%,0.10234408602150538,0.09978494623655915,2,600,0.6,True,True,False,0.4,0.017080000001442386,8,aware-pipeline,1,0
LDPC,1000,10%,0.10234408602150538,0.09978494623655915,2,600,0.6,True,True,False,0.4,0.019727599999896483,10,uniform,1,1
LDPC,1000,10%,0.10234408602150538,0.09978494623655915,2,600,0.6,True,True,False,0.4,0.015217599997413345,7,aware-pipeline,1,1
LDPC,1000,10%,0.10234408602150538,0.09978494623655915,3,600,0.6,False,False,False,0.0,0.18420329999935348,120,uniform,1,0
LDPC,1000,10%,0.10234408602150538,0.09978494623655915,3,600,0.6,True,True,False,0.4,0.02118279999922379,11,aware-pipeline,1,0
LDPC,1000,10%,0.10234408602150538,0.09978494623655915,3,600,0.6,True,True,False,0.4,0.02786319999722764,14,uniform,1,1
LDPC,1000,10%,0.10234408602150538,0.09978494623655915,3,600,0.6,True,True,False,0.4,0.02228050000121584,7,aware-pipeline,1,1
LDPC,1000,10%,0.10234408602150538,0.09978494623655915,4,600,0.6,True,True,False,0.4,0.18279899999834015,97,uniform,1,0
LDPC,1000,10%,0.10234408602150538,0.09978494623655915,4,600,0.6,True,True,False,0.4,0.03354349999790429,15,aware-pipeline,1,0
LDPC,1000,10%,0.10234408602150538,0.09978494623655915,4,600,0.6,True,True,False,0.4,0.18569340000249213,114,uniform,1,1
LDPC,1000,10%,0.10234408602150538,0.09978494623655915,4,600,0.6,True,True,False,0.4,0.09224539999922854,57,aware-pipeline,1,1
LDPC,1000,10%,0.10234408602150538,0.09978494623655915,5,600,0.6,True,True,False,0.4,0.03790659999867785,22,uniform,1,0
LDPC,1000,10%,0.10234408602150538,0.09978494623655915,5,600,0.6,True,True,False,0.4,0.022301999997580424,11,aware-pipeline,1,0
LDPC,1000,10%,0.10234408602150538,0.09978494623655915,5,600,0.6,True,True,False,0.4,0.026302800000848947,15,uniform,1,1
LDPC,1000,10%,0.10234408602150538,0.09978494623655915,5,600,0.6,True,True,False,0.4,0.01738610000029439,8,aware-pipeline,1,1
LDPC,1000,10%,0.10234408602150538,0.09978494623655915,6,600,0.6,True,True,False,0.4,0.03125069999805419,17,uniform,1,0
LDPC,1000,10%,0.10234408602150538,0.09978494623655915,6,600,0.6,True,True,False,0.4,0.027195800001209136,14,aware-pipeline,1,0
LDPC,1000,10%,0.10234408602150538,0.09978494623655915,6,600,0.6,True,True,False,0.4,0.019712299999810057,10,uniform,1,1
LDPC,1000,10%,0.10234408602150538,0.09978494623655915,6,600,0.6,True,True,False,0.4,0.017525399998703506,9,aware-pipeline,1,1
LDPC,1000,10%,0.10234408602150538,0.09978494623655915,7,600,0.6,False,False,False,0.0,0.17832479999924544,120,uniform,1,0
LDPC,1000,10%,0.10234408602150538,0.09978494623655915,7,600,0.6,True,True,False,0.4,0.022541800000908552,12,aware-pipeline,1,0
LDPC,1000,10%,0.10234408602150538,0.09978494623655915,7,600,0.6,True,True,False,0.4,0.03855440000188537,23,uniform,1,1
LDPC,1000,10%,0.10234408602150538,0.09978494623655915,7,600,0.6,True,True,False,0.4,0.019451500000286615,10,aware-pipeline,1,1
LDPC,1000,10%,0.10234408602150538,0.09978494623655915,8,600,0.6,True,True,False,0.4,0.028430400001525413,15,uniform,1,0
LDPC,1000,10%,0.10234408602150538,0.09978494623655915,8,600,0.6,True,True,False,0.4,0.01615259999744012,8,aware-pipeline,1,0
LDPC,1000,10%,0.10234408602150538,0.09978494623655915,8,600,0.6,True,True,False,0.4,0.028698300000542076,16,uniform,1,1
LDPC,1000,10%,0.10234408602150538,0.09978494623655915,8,600,0.6,True,True,False,0.4,0.019424799997068476,10,aware-pipeline,1,1
LDPC,1000,10%,0.10234408602150538,0.09978494623655915,9,600,0.6,True,True,False,0.4,0.02874309999970137,15,uniform,1,0
LDPC,1000,10%,0.10234408602150538,0.09978494623655915,9,600,0.6,True,True,False,0.4,0.015565400000923546,7,aware-pipeline,1,0
LDPC,1000,10%,0.10234408602150538,0.09978494623655915,9,600,0.6,True,True,False,0.4,0.027206000002479414,14,uniform,1,1
LDPC,1000,10%,0.10234408602150538,0.09978494623655915,9,600,0.6,True,True,False,0.4,0.016329500002029818,7,aware-pipeline,1,1
LDPC,1000,10%,0.10234408602150538,0.09978494623655915,10,600,0.6,True,True,False,0.4,0.052189599999110214,31,uniform,1,0
LDPC,1000,10%,0.10234408602150538,0.09978494623655915,10,600,0.6,True,True,False,0.4,0.02771059999940917,16,aware-pipeline,1,0
LDPC,1000,10%,0.10234408602150538,0.09978494623655915,10,600,0.6,False,False,False,0.0,0.17839190000086091,120,uniform,1,1
LDPC,1000,10%,0.10234408602150538,0.09978494623655915,10,600,0.6,True,True,False,0.4,0.021510000002308516,11,aware-pipeline,1,1
LDPC,1000,10%,0.10234408602150538,0.09978494623655915,11,600,0.6,True,True,False,0.4,0.015972299999702955,8,uniform,1,0
LDPC,1000,10%,0.10234408602150538,0.09978494623655915,11,600,0.6,True,True,False,0.4,0.01360940000085975,7,aware-pipeline,1,0
LDPC,1000,10%,0.10234408602150538,0.09978494623655915,11,600,0.6,True,True,False,0.4,0.0203942999978608,10,uniform,1,1
LDPC,1000,10%,0.10234408602150538,0.09978494623655915,11,600,0.6,True,True,False,0.4,0.014343300001200987,7,aware-pipeline,1,1
LDPC,1000,10%,0.10234408602150538,0.09978494623655915,12,600,0.6,True,True,False,0.4,0.03775830000085989,22,uniform,1,0
LDPC,1000,10%,0.10234408602150538,0.09978494623655915,12,600,0.6,True,True,False,0.4,0.017957700001716148,9,aware-pipeline,1,0
LDPC,1000,10%,0.10234408602150538,0.09978494623655915,12,600,0.6,True,True,False,0.4,0.03212360000179615,18,uniform,1,1
LDPC,1000,10%,0.10234408602150538,0.09978494623655915,12,600,0.6,True,True,False,0.4,0.019275199996627634,9,aware-pipeline,1,1
LDPC,1000,10%,0.10234408602150538,0.09978494623655915,13,600,0.6,False,False,False,0.0,0.1760097999977006,120,uniform,1,0
LDPC,1000,10%,0.10234408602150538,0.09978494623655915,13,600,0.6,False,False,False,0.0,0.17753309999898192,120,aware-pipeline,1,0
LDPC,1000,10%,0.10234408602150538,0.09978494623655915,13,600,0.6,False,False,False,0.0,0.18333739999798127,120,uniform,1,1
LDPC,1000,10%,0.10234408602150538,0.09978494623655915,13,600,0.6,True,True,False,0.4,0.033977999999478925,19,aware-pipeline,1,1
LDPC,1000,10%,0.10234408602150538,0.09978494623655915,14,600,0.6,True,True,False,0.4,0.044328200001473306,27,uniform,1,0
LDPC,1000,10%,0.10234408602150538,0.09978494623655915,14,600,0.6,True,True,False,0.4,0.027940700001636287,11,aware-pipeline,1,0
LDPC,1000,10%,0.10234408602150538,0.09978494623655915,14,600,0.6,True,True,False,0.4,0.03810769999836339,19,uniform,1,1
LDPC,1000,10%,0.10234408602150538,0.09978494623655915,14,600,0.6,True,True,False,0.4,0.019480499999190215,9,aware-pipeline,1,1
LDPC,1000,10%,0.10234408602150538,0.09978494623655915,15,600,0.6,True,True,False,0.4,0.015567499998724088,7,uniform,1,0
LDPC,1000,10%,0.10234408602150538,0.09978494623655915,15,600,0.6,True,True,False,0.4,0.014789699998800643,6,aware-pipeline,1,0
LDPC,1000,10%,0.10234408602150538,0.09978494623655915,15,600,0.6,True,True,False,0.4,0.016453200001706136,7,uniform,1,1
LDPC,1000,10%,0.10234408602150538,0.09978494623655915,15,600,0.6,True,True,False,0.4,0.012151699997048127,4,aware-pipeline,1,1
LDPC,1000,10%,0.10234408602150538,0.09978494623655915,16,600,0.6,True,True,False,0.4,0.019194399999832967,9,uniform,1,0
LDPC,1000,10%,0.10234408602150538,0.09978494623655915,16,600,0.6,True,True,False,0.4,0.01548940000066068,6,aware-pipeline,1,0
LDPC,1000,10%,0.10234408602150538,0.09978494623655915,16,600,0.6,True,True,False,0.4,0.02609429999938584,12,uniform,1,1
LDPC,1000,10%,0.10234408602150538,0.09978494623655915,16,600,0.6,True,True,False,0.4,0.018367000000580447,8,aware-pipeline,1,1
LDPC,1000,10%,0.10234408602150538,0.09978494623655915,17,600,0.6,False,False,False,0.0,0.18862500000250293,120,uniform,1,0
LDPC,1000,10%,0.10234408602150538,0.09978494623655915,17,600,0.6,True,True,False,0.4,0.021055400000477675,11,aware-pipeline,1,0
LDPC,1000,10%,0.10234408602150538,0.09978494623655915,17,600,0.6,True,True,False,0.4,0.08968030000323779,57,uniform,1,1
LDPC,1000,10%,0.10234408602150538,0.09978494623655915,17,600,0.6,True,True,False,0.4,0.023518400001194095,13,aware-pipeline,1,1
LDPC,1000,10%,0.10234408602150538,0.09978494623655915,18,600,0.6,True,True,False,0.4,0.030159999998431886,16,uniform,1,0
LDPC,1000,10%,0.10234408602150538,0.09978494623655915,18,600,0.6,True,True,False,0.4,0.016657000000122935,8,aware-pipeline,1,0
LDPC,1000,10%,0.10234408602150538,0.09978494623655915,18,600,0.6,True,True,False,0.4,0.025364599998283666,14,uniform,1,1
LDPC,1000,10%,0.10234408602150538,0.09978494623655915,18,600,0.6,True,True,False,0.4,0.018373099999735132,9,aware-pipeline,1,1
LDPC,1000,10%,0.10234408602150538,0.09978494623655915,19,600,0.6,True,True,False,0.4,0.05301990000225487,30,uniform,1,0
LDPC,1000,10%,0.10234408602150538,0.09978494623655915,19,600,0.6,True,True,False,0.4,0.020994900001824135,11,aware-pipeline,1,0
LDPC,1000,10%,0.10234408602150538,0.09978494623655915,19,600,0.6,False,False,False,0.0,0.18887700000050245,120,uniform,1,1
LDPC,1000,10%,0.10234408602150538,0.09978494623655915,19,600,0.6,True,True,False,0.4,0.026724400002422044,15,aware-pipeline,1,1
LDPC,1000,10%,0.10234408602150538,0.09978494623655915,20,600,0.6,True,True,False,0.4,0.057899899999029,33,uniform,1,0
LDPC,1000,10%,0.10234408602150538,0.09978494623655915,20,600,0.6,True,True,False,0.4,0.023557399999845074,12,aware-pipeline,1,0
LDPC,1000,10%,0.10234408602150538,0.09978494623655915,20,600,0.6,True,True,False,0.4,0.029802399996697204,12,uniform,1,1
LDPC,1000,10%,0.10234408602150538,0.09978494623655915,20,600,0.6,True,True,False,0.4,0.023046300000714837,10,aware-pipeline,1,1
LDPC,1000,10%,0.10234408602150538,0.09978494623655915,21,600,0.6,True,True,False,0.4,0.08003389999794308,48,uniform,1,0
LDPC,1000,10%,0.10234408602150538,0.09978494623655915,21,600,0.6,True,True,False,0.4,0.02728189999834285,13,aware-pipeline,1,0
LDPC,1000,10%,0.10234408602150538,0.09978494623655915,21,600,0.6,False,False,False,0.0,0.18410260000018752,120,uniform,1,1
LDPC,1000,10%,0.10234408602150538,0.09978494623655915,21,600,0.6,True,True,False,0.4,0.022793000000092434,13,aware-pipeline,1,1
LDPC,1000,10%,0.10234408602150538,0.09978494623655915,22,600,0.6,True,True,False,0.4,0.02080289999867091,10,uniform,1,0
LDPC,1000,10%,0.10234408602150538,0.09978494623655915,22,600,0.6,True,True,False,0.4,0.02094560000114143,11,aware-pipeline,1,0
LDPC,1000,10%,0.10234408602150538,0.09978494623655915,22,600,0.6,True,True,False,0.4,0.02268690000346396,12,uniform,1,1
LDPC,1000,10%,0.10234408602150538,0.09978494623655915,22,600,0.6,True,True,False,0.4,0.02049789999728091,11,aware-pipeline,1,1
LDPC,1000,10%,0.10234408602150538,0.09978494623655915,23,600,0.6,True,True,False,0.4,0.0197554999977001,10,uniform,1,0
LDPC,1000,10%,0.10234408602150538,0.09978494623655915,23,600,0.6,True,True,False,0.4,0.017593799999303883,8,aware-pipeline,1,0
LDPC,1000,10%,0.10234408602150538,0.09978494623655915,23,600,0.6,True,True,False,0.4,0.023229999998875428,13,uniform,1,1
LDPC,1000,10%,0.10234408602150538,0.09978494623655915,23,600,0.6,True,True,False,0.4,0.016850899999553803,8,aware-pipeline,1,1
LDPC,1000,10%,0.10234408602150538,0.09978494623655915,24,600,0.6,True,True,False,0.4,0.05243680000057793,34,uniform,1,0
LDPC,1000,10%,0.10234408602150538,0.09978494623655915,24,600,0.6,True,True,False,0.4,0.01998200000161887,11,aware-pipeline,1,0
LDPC,1000,10%,0.10234408602150538,0.09978494623655915,24,600,0.6,True,True,False,0.4,0.03316370000175084,21,uniform,1,1
LDPC,1000,10%,0.10234408602150538,0.09978494623655915,24,600,0.6,True,True,False,0.4,0.01975500000116881,10,aware-pipeline,1,1
LDPC,1000,10%,0.10234408602150538,0.09978494623655915,25,600,0.6,True,True,False,0.4,0.15963729999930365,104,uniform,1,0
LDPC,1000,10%,0.10234408602150538,0.09978494623655915,25,600,0.6,True,True,False,0.4,0.023337200000241864,12,aware-pipeline,1,0
LDPC,1000,10%,0.10234408602150538,0.09978494623655915,25,600,0.6,False,False,False,0.0,0.18864870000106748,120,uniform,1,1
LDPC,1000,10%,0.10234408602150538,0.09978494623655915,25,600,0.6,False,False,False,0.0,0.19620930000019143,120,aware-pipeline,1,1
LDPC,1000,10%,0.10234408602150538,0.09978494623655915,26,600,0.6,True,True,False,0.4,0.023458499999833293,12,uniform,1,0
LDPC,1000,10%,0.10234408602150538,0.09978494623655915,26,600,0.6,True,True,False,0.4,0.0182572000012442,7,aware-pipeline,1,0
LDPC,1000,10%,0.10234408602150538,0.09978494623655915,26,600,0.6,True,True,False,0.4,0.0302068999990297,12,uniform,1,1
LDPC,1000,10%,0.10234408602150538,0.09978494623655915,26,600,0.6,True,True,False,0.4,0.02089010000054259,8,aware-pipeline,1,1
LDPC,1000,10%,0.10234408602150538,0.09978494623655915,27,600,0.6,True,True,False,0.4,0.03830680000100983,20,uniform,1,0
LDPC,1000,10%,0.10234408602150538,0.09978494623655915,27,600,0.6,True,True,False,0.4,0.02149450000069919,10,aware-pipeline,1,0
LDPC,1000,10%,0.10234408602150538,0.09978494623655915,27,600,0.6,True,True,False,0.4,0.06773089999842341,38,uniform,1,1
LDPC,1000,10%,0.10234408602150538,0.09978494623655915,27,600,0.6,True,True,False,0.4,0.02448979999826406,11,aware-pipeline,1,1
LDPC,1000,10%,0.10234408602150538,0.09978494623655915,28,600,0.6,False,False,False,0.0,0.17694919999848935,120,uniform,1,0
LDPC,1000,10%,0.10234408602150538,0.09978494623655915,28,600,0.6,True,True,False,0.4,0.023629700001038145,12,aware-pipeline,1,0
LDPC,1000,10%,0.10234408602150538,0.09978494623655915,28,600,0.6,False,False,False,0.0,0.17845560000205296,120,uniform,1,1
LDPC,1000,10%,0.10234408602150538,0.09978494623655915,28,600,0.6,True,True,False,0.4,0.023603899997397093,12,aware-pipeline,1,1
LDPC,1000,10%,0.10234408602150538,0.09978494623655915,29,600,0.6,True,True,False,0.4,0.015665400002035312,7,uniform,1,0
LDPC,1000,10%,0.10234408602150538,0.09978494623655915,29,600,0.6,True,True,False,0.4,0.01454839999860269,6,aware-pipeline,1,0
LDPC,1000,10%,0.10234408602150538,0.09978494623655915,29,600,0.6,True,True,False,0.4,0.014996999998402316,7,uniform,1,1
LDPC,1000,10%,0.10234408602150538,0.09978494623655915,29,600,0.6,True,True,False,0.4,0.01578679999875021,7,aware-pipeline,1,1
LDPC,1000,10%,0.10234408602150538,0.09978494623655915,30,600,0.6,True,True,False,0.4,0.026261999999405816,15,uniform,1,0
LDPC,1000,10%,0.10234408602150538,0.09978494623655915,30,600,0.6,True,True,False,0.4,0.019100899997283705,9,aware-pipeline,1,0
LDPC,1000,10%,0.10234408602150538,0.09978494623655915,30,600,0.6,True,True,False,0.4,0.026895899998635286,15,uniform,1,1
LDPC,1000,10%,0.10234408602150538,0.09978494623655915,30,600,0.6,True,True,False,0.4,0.018190599999797996,9,aware-pipeline,1,1
LDPC,1000,10%,0.10234408602150538,0.09978494623655915,31,600,0.6,True,True,False,0.4,0.02860990000044694,15,uniform,1,0
LDPC,1000,10%,0.10234408602150538,0.09978494623655915,31,600,0.6,True,True,False,0.4,0.01940449999892735,10,aware-pipeline,1,0
LDPC,1000,10%,0.10234408602150538,0.09978494623655915,31,600,0.6,True,True,False,0.4,0.0659512000020186,42,uniform,1,1
LDPC,1000,10%,0.10234408602150538,0.09978494623655915,31,600,0.6,True,True,False,0.4,0.021382599999924423,10,aware-pipeline,1,1
LDPC,1000,10%,0.10234408602150538,0.09978494623655915,32,600,0.6,True,True,False,0.4,0.02447529999699327,12,uniform,1,0
LDPC,1000,10%,0.10234408602150538,0.09978494623655915,32,600,0.6,True,True,False,0.4,0.018691599998419406,10,aware-pipeline,1,0
LDPC,1000,10%,0.10234408602150538,0.09978494623655915,32,600,0.6,True,True,False,0.4,0.027307899999868823,15,uniform,1,1
LDPC,1000,10%,0.10234408602150538,0.09978494623655915,32,600,0.6,True,True,False,0.4,0.020886199999949895,10,aware-pipeline,1,1
LDPC,1000,10%,0.10234408602150538,0.09978494623655915,33,600,0.6,True,True,False,0.4,0.028069599997252226,16,uniform,1,0
LDPC,1000,10%,0.10234408602150538,0.09978494623655915,33,600,0.6,True,True,False,0.4,0.02202929999839398,11,aware-pipeline,1,0
LDPC,1000,10%,0.10234408602150538,0.09978494623655915,33,600,0.6,True,True,False,0.4,0.02890349999870523,15,uniform,1,1
LDPC,1000,10%,0.10234408602150538,0.09978494623655915,33,600,0.6,True,True,False,0.4,0.019823999999061925,9,aware-pipeline,1,1
LDPC,1000,10%,0.10234408602150538,0.09978494623655915,34,600,0.6,False,False,False,0.0,0.1818937999996706,120,uniform,1,0
LDPC,1000,10%,0.10234408602150538,0.09978494623655915,34,600,0.6,True,True,False,0.4,0.03011559999868041,18,aware-pipeline,1,0
LDPC,1000,10%,0.10234408602150538,0.09978494623655915,34,600,0.6,False,False,False,0.0,0.18370810000124038,120,uniform,1,1
LDPC,1000,10%,0.10234408602150538,0.09978494623655915,34,600,0.6,True,True,False,0.4,0.04412819999924977,28,aware-pipeline,1,1
LDPC,1000,10%,0.10234408602150538,0.09978494623655915,35,600,0.6,True,True,False,0.4,0.028998100002354477,16,uniform,1,0
LDPC,1000,10%,0.10234408602150538,0.09978494623655915,35,600,0.6,True,True,False,0.4,0.023525199998402968,12,aware-pipeline,1,0
LDPC,1000,10%,0.10234408602150538,0.09978494623655915,35,600,0.6,True,True,False,0.4,0.03538979999939329,21,uniform,1,1
LDPC,1000,10%,0.10234408602150538,0.09978494623655915,35,600,0.6,True,True,False,0.4,0.03183310000167694,17,aware-pipeline,1,1
LDPC,1000,10%,0.10234408602150538,0.09978494623655915,36,600,0.6,True,True,False,0.4,0.01928609999959008,8,uniform,1,0
LDPC,1000,10%,0.10234408602150538,0.09978494623655915,36,600,0.6,True,True,False,0.4,0.01811729999826639,8,aware-pipeline,1,0
LDPC,1000,10%,0.10234408602150538,0.09978494623655915,36,600,0.6,True,True,False,0.4,0.019828999997116625,10,uniform,1,1
LDPC,1000,10%,0.10234408602150538,0.09978494623655915,36,600,0.6,True,True,False,0.4,0.018621899998834124,9,aware-pipeline,1,1
LDPC,1000,10%,0.10234408602150538,0.09978494623655915,37,600,0.6,True,True,False,0.4,0.04843310000069323,29,uniform,1,0
LDPC,1000,10%,0.10234408602150538,0.09978494623655915,37,600,0.6,True,True,False,0.4,0.018239000000903616,9,aware-pipeline,1,0
LDPC,1000,10%,0.10234408602150538,0.09978494623655915,37,600,0.6,True,True,False,0.4,0.02621020000151475,15,uniform,1,1
LDPC,1000,10%,0.10234408602150538,0.09978494623655915,37,600,0.6,True,True,False,0.4,0.02117050000015297,12,aware-pipeline,1,1
LDPC,1000,10%,0.10234408602150538,0.09978494623655915,38,600,0.6,True,True,False,0.4,0.023245500000484753,12,uniform,1,0
LDPC,1000,10%,0.10234408602150538,0.09978494623655915,38,600,0.6,True,True,False,0.4,0.05435099999886006,8,aware-pipeline,1,0
LDPC,1000,10%,0.10234408602150538,0.09978494623655915,38,600,0.6,True,True,False,0.4,0.06302449999930104,24,uniform,1,1
LDPC,1000,10%,0.10234408602150538,0.09978494623655915,38,600,0.6,True,True,False,0.4,0.02333369999905699,11,aware-pipeline,1,1
LDPC,1000,10%,0.10234408602150538,0.09978494623655915,39,600,0.6,True,True,False,0.4,0.12365280000085477,69,uniform,1,0
LDPC,1000,10%,0.10234408602150538,0.09978494623655915,39,600,0.6,True,True,False,0.4,0.03365670000130194,16,aware-pipeline,1,0
LDPC,1000,10%,0.10234408602150538,0.09978494623655915,39,600,0.6,True,True,False,0.4,0.03998969999884139,19,uniform,1,1
LDPC,1000,10%,0.10234408602150538,0.09978494623655915,39,600,0.6,True,True,False,0.4,0.02705739999873913,12,aware-pipeline,1,1
LDPC,1000,10%,0.10369892473118279,0.10516129032258065,0,600,0.6,True,True,False,0.4,0.035071600002993364,18,uniform,2,0
LDPC,1000,10%,0.10369892473118279,0.10516129032258065,0,600,0.6,True,True,False,0.4,0.02090229999885196,10,aware-pipeline,2,0
LDPC,1000,10%,0.10369892473118279,0.10516129032258065,0,750,0.75,True,True,False,0.25,0.020015300000522984,7,uniform,2,1
LDPC,1000,10%,0.10369892473118279,0.10516129032258065,0,600,0.6,True,True,False,0.4,0.02515309999944293,12,aware-pipeline,2,1
LDPC,1000,10%,0.10369892473118279,0.10516129032258065,1,600,0.6,True,True,False,0.4,0.023945000000821892,12,uniform,2,0
LDPC,1000,10%,0.10369892473118279,0.10516129032258065,1,600,0.6,True,True,False,0.4,0.018807699998433236,8,aware-pipeline,2,0
LDPC,1000,10%,0.10369892473118279,0.10516129032258065,1,750,0.75,True,True,False,0.25,0.015697099999670172,5,uniform,2,1
LDPC,1000,10%,0.10369892473118279,0.10516129032258065,1,600,0.6,True,True,False,0.4,0.021654899999703048,9,aware-pipeline,2,1
LDPC,1000,10%,0.10369892473118279,0.10516129032258065,2,600,0.6,True,True,False,0.4,0.019270400000095833,9,uniform,2,0
LDPC,1000,10%,0.10369892473118279,0.10516129032258065,2,600,0.6,True,True,False,0.4,0.016758100002334686,8,aware-pipeline,2,0
LDPC,1000,10%,0.10369892473118279,0.10516129032258065,2,750,0.75,True,True,False,0.25,0.014543199999025092,5,uniform,2,1
LDPC,1000,10%,0.10369892473118279,0.10516129032258065,2,600,0.6,True,True,False,0.4,0.01636089999738033,7,aware-pipeline,2,1
LDPC,1000,10%,0.10369892473118279,0.10516129032258065,3,600,0.6,True,True,False,0.4,0.07729739999922458,46,uniform,2,0
LDPC,1000,10%,0.10369892473118279,0.10516129032258065,3,600,0.6,True,True,False,0.4,0.019673599999805447,9,aware-pipeline,2,0
LDPC,1000,10%,0.10369892473118279,0.10516129032258065,3,750,0.75,True,True,False,0.25,0.01807620000181487,6,uniform,2,1
LDPC,1000,10%,0.10369892473118279,0.10516129032258065,3,600,0.6,True,True,False,0.4,0.019860199998220196,10,aware-pipeline,2,1
LDPC,1000,10%,0.10369892473118279,0.10516129032258065,4,600,0.6,False,False,False,0.0,0.1933443999987503,120,uniform,2,0
LDPC,1000,10%,0.10369892473118279,0.10516129032258065,4,600,0.6,False,False,False,0.0,0.18597679999948014,120,aware-pipeline,2,0
LDPC,1000,10%,0.10369892473118279,0.10516129032258065,4,750,0.75,True,True,False,0.25,0.030737999997654697,13,uniform,2,1
LDPC,1000,10%,0.10369892473118279,0.10516129032258065,4,600,0.6,False,False,False,0.0,0.17963760000202456,120,aware-pipeline,2,1
LDPC,1000,10%,0.10369892473118279,0.10516129032258065,5,600,0.6,True,True,False,0.4,0.015151300001889467,7,uniform,2,0
LDPC,1000,10%,0.10369892473118279,0.10516129032258065,5,600,0.6,True,True,False,0.4,0.013136400000803405,5,aware-pipeline,2,0
LDPC,1000,10%,0.10369892473118279,0.10516129032258065,5,750,0.75,True,True,False,0.25,0.016163500000402564,6,uniform,2,1
LDPC,1000,10%,0.10369892473118279,0.10516129032258065,5,600,0.6,True,True,False,0.4,0.015817600000445964,8,aware-pipeline,2,1
LDPC,1000,10%,0.10369892473118279,0.10516129032258065,6,600,0.6,True,True,False,0.4,0.0329371000007086,18,uniform,2,0
LDPC,1000,10%,0.10369892473118279,0.10516129032258065,6,600,0.6,True,True,False,0.4,0.01998269999967306,11,aware-pipeline,2,0
LDPC,1000,10%,0.10369892473118279,0.10516129032258065,6,750,0.75,True,True,False,0.25,0.019754699998884462,7,uniform,2,1
LDPC,1000,10%,0.10369892473118279,0.10516129032258065,6,600,0.6,True,True,False,0.4,0.021166099999391008,11,aware-pipeline,2,1
LDPC,1000,10%,0.10369892473118279,0.10516129032258065,7,600,0.6,False,False,False,0.0,0.18360600000232807,120,uniform,2,0
LDPC,1000,10%,0.10369892473118279,0.10516129032258065,7,600,0.6,True,True,False,0.4,0.031478599998081336,17,aware-pipeline,2,0
LDPC,1000,10%,0.10369892473118279,0.10516129032258065,7,750,0.75,True,True,False,0.25,0.019296499998745276,7,uniform,2,1
LDPC,1000,10%,0.10369892473118279,0.10516129032258065,7,600,0.6,True,True,False,0.4,0.035574600002291845,19,aware-pipeline,2,1
LDPC,1000,10%,0.10369892473118279,0.10516129032258065,8,600,0.6,True,True,False,0.4,0.022734099999070168,12,uniform,2,0
LDPC,1000,10%,0.10369892473118279,0.10516129032258065,8,600,0.6,True,True,False,0.4,0.02124300000286894,10,aware-pipeline,2,0
LDPC,1000,10%,0.10369892473118279,0.10516129032258065,8,750,0.75,True,True,False,0.25,0.017230000001291046,6,uniform,2,1
LDPC,1000,10%,0.10369892473118279,0.10516129032258065,8,600,0.6,True,True,False,0.4,0.017878299997391878,9,aware-pipeline,2,1
LDPC,1000,10%,0.10369892473118279,0.10516129032258065,9,600,0.6,False,False,False,0.0,0.1936213000008138,120,uniform,2,0
LDPC,1000,10%,0.10369892473118279,0.10516129032258065,9,600,0.6,True,True,False,0.4,0.04033020000133547,21,aware-pipeline,2,0
LDPC,1000,10%,0.10369892473118279,0.10516129032258065,9,750,0.75,True,True,False,0.25,0.024774400000751484,9,uniform,2,1
LDPC,1000,10%,0.10369892473118279,0.10516129032258065,9,600,0.6,False,False,False,0.0,0.19474970000010217,120,aware-pipeline,2,1
LDPC,1000,10%,0.10369892473118279,0.10516129032258065,10,600,0.6,False,False,False,0.0,0.21052620000045863,120,uniform,2,0
LDPC,1000,10%,0.10369892473118279,0.10516129032258065,10,600,0.6,True,True,False,0.4,0.04097190000175033,21,aware-pipeline,2,0
LDPC,1000,10%,0.10369892473118279,0.10516129032258065,10,750,0.75,True,True,False,0.25,0.030883400002494454,12,uniform,2,1
LDPC,1000,10%,0.10369892473118279,0.10516129032258065,10,600,0.6,True,True,False,0.4,0.03315389999988838,17,aware-pipeline,2,1
LDPC,1000,10%,0.10369892473118279,0.10516129032258065,11,600,0.6,False,False,False,0.0,0.19759049999993294,120,uniform,2,0
LDPC,1000,10%,0.10369892473118279,0.10516129032258065,11,600,0.6,True,True,False,0.4,0.025874700000713347,13,aware-pipeline,2,0
LDPC,1000,10%,0.10369892473118279,0.10516129032258065,11,750,0.75,True,True,False,0.25,0.020007999999506865,7,uniform,2,1
LDPC,1000,10%,0.10369892473118279,0.10516129032258065,11,600,0.6,True,True,False,0.4,0.024425600000540726,13,aware-pipeline,2,1
LDPC,1000,10%,0.10369892473118279,0.10516129032258065,12,600,0.6,True,True,False,0.4,0.03971730000193929,21,uniform,2,0
LDPC,1000,10%,0.10369892473118279,0.10516129032258065,12,600,0.6,True,True,False,0.4,0.022671499998978106,11,aware-pipeline,2,0
LDPC,1000,10%,0.10369892473118279,0.10516129032258065,12,750,0.75,True,True,False,0.25,0.016857999999047024,6,uniform,2,1
LDPC,1000,10%,0.10369892473118279,0.10516129032258065,12,600,0.6,True,True,False,0.4,0.01953969999885885,9,aware-pipeline,2,1
LDPC,1000,10%,0.10369892473118279,0.10516129032258065,13,600,0.6,False,False,False,0.0,0.20345399999860092,120,uniform,2,0
LDPC,1000,10%,0.10369892473118279,0.10516129032258065,13,600,0.6,True,True,False,0.4,0.041047599999728845,20,aware-pipeline,2,0
LDPC,1000,10%,0.10369892473118279,0.10516129032258065,13,750,0.75,True,True,False,0.25,0.027721099999325816,11,uniform,2,1
LDPC,1000,10%,0.10369892473118279,0.10516129032258065,13,600,0.6,True,True,False,0.4,0.05392059999940102,31,aware-pipeline,2,1
LDPC,1000,10%,0.10369892473118279,0.10516129032258065,14,600,0.6,True,True,False,0.4,0.028140099999291124,13,uniform,2,0
LDPC,1000,10%,0.10369892473118279,0.10516129032258065,14,600,0.6,True,True,False,0.4,0.01952990000063437,9,aware-pipeline,2,0
LDPC,1000,10%,0.10369892473118279,0.10516129032258065,14,750,0.75,True,True,False,0.25,0.019478300000628224,6,uniform,2,1
LDPC,1000,10%,0.10369892473118279,0.10516129032258065,14,600,0.6,True,True,False,0.4,0.019331900002725888,9,aware-pipeline,2,1
LDPC,1000,10%,0.10369892473118279,0.10516129032258065,15,600,0.6,True,True,False,0.4,0.05156100000021979,28,uniform,2,0
LDPC,1000,10%,0.10369892473118279,0.10516129032258065,15,600,0.6,True,True,False,0.4,0.030242600001656683,14,aware-pipeline,2,0
LDPC,1000,10%,0.10369892473118279,0.10516129032258065,15,750,0.75,True,True,False,0.25,0.019799699999566656,6,uniform,2,1
LDPC,1000,10%,0.10369892473118279,0.10516129032258065,15,600,0.6,True,True,False,0.4,0.040500700000848155,18,aware-pipeline,2,1
LDPC,1000,10%,0.10369892473118279,0.10516129032258065,16,600,0.6,True,True,False,0.4,0.03458129999853554,17,uniform,2,0
LDPC,1000,10%,0.10369892473118279,0.10516129032258065,16,600,0.6,True,True,False,0.4,0.02093059999970137,9,aware-pipeline,2,0
LDPC,1000,10%,0.10369892473118279,0.10516129032258065,16,750,0.75,True,True,False,0.25,0.01656909999655909,5,uniform,2,1
LDPC,1000,10%,0.10369892473118279,0.10516129032258065,16,600,0.6,True,True,False,0.4,0.015115199999854667,6,aware-pipeline,2,1
LDPC,1000,10%,0.10369892473118279,0.10516129032258065,17,600,0.6,True,True,False,0.4,0.03987590000178898,20,uniform,2,0
LDPC,1000,10%,0.10369892473118279,0.10516129032258065,17,600,0.6,True,True,False,0.4,0.02383919999920181,10,aware-pipeline,2,0
LDPC,1000,10%,0.10369892473118279,0.10516129032258065,17,750,0.75,True,True,False,0.25,0.01938990000053309,6,uniform,2,1
LDPC,1000,10%,0.10369892473118279,0.10516129032258065,17,600,0.6,True,True,False,0.4,0.02176350000081584,9,aware-pipeline,2,1
LDPC,1000,10%,0.10369892473118279,0.10516129032258065,18,600,0.6,True,True,False,0.4,0.03712670000095386,18,uniform,2,0
LDPC,1000,10%,0.10369892473118279,0.10516129032258065,18,600,0.6,True,True,False,0.4,0.02135229999839794,9,aware-pipeline,2,0
LDPC,1000,10%,0.10369892473118279,0.10516129032258065,18,750,0.75,True,True,False,0.25,0.025048099996638484,8,uniform,2,1
LDPC,1000,10%,0.10369892473118279,0.10516129032258065,18,600,0.6,True,True,False,0.4,0.02646219999951427,13,aware-pipeline,2,1
LDPC,1000,10%,0.10369892473118279,0.10516129032258065,19,600,0.6,True,True,False,0.4,0.03491729999950621,18,uniform,2,0
LDPC,1000,10%,0.10369892473118279,0.10516129032258065,19,600,0.6,True,True,False,0.4,0.02707639999789535,12,aware-pipeline,2,0
LDPC,1000,10%,0.10369892473118279,0.10516129032258065,19,750,0.75,True,True,False,0.25,0.021033600001828745,7,uniform,2,1
LDPC,1000,10%,0.10369892473118279,0.10516129032258065,19,600,0.6,True,True,False,0.4,0.024786299996776506,11,aware-pipeline,2,1
LDPC,1000,10%,0.10369892473118279,0.10516129032258065,20,600,0.6,True,True,False,0.4,0.03857479999714997,19,uniform,2,0
LDPC,1000,10%,0.10369892473118279,0.10516129032258065,20,600,0.6,True,True,False,0.4,0.02904309999939869,11,aware-pipeline,2,0
LDPC,1000,10%,0.10369892473118279,0.10516129032258065,20,750,0.75,True,True,False,0.25,0.018108899999788264,5,uniform,2,1
LDPC,1000,10%,0.10369892473118279,0.10516129032258065,20,600,0.6,True,True,False,0.4,0.03271189999941271,13,aware-pipeline,2,1
LDPC,1000,10%,0.10369892473118279,0.10516129032258065,21,600,0.6,True,True,False,0.4,0.05041689999779919,23,uniform,2,0
LDPC,1000,10%,0.10369892473118279,0.10516129032258065,21,600,0.6,True,True,False,0.4,0.02927099999942584,12,aware-pipeline,2,0
LDPC,1000,10%,0.10369892473118279,0.10516129032258065,21,750,0.75,True,True,False,0.25,0.022484799999801908,8,uniform,2,1
LDPC,1000,10%,0.10369892473118279,0.10516129032258065,21,600,0.6,True,True,False,0.4,0.023551800000859657,10,aware-pipeline,2,1
LDPC,1000,10%,0.10369892473118279,0.10516129032258065,22,600,0.6,True,True,False,0.4,0.07812550000016927,42,uniform,2,0
LDPC,1000,10%,0.10369892473118279,0.10516129032258065,22,600,0.6,True,True,False,0.4,0.029266599998663878,15,aware-pipeline,2,0
LDPC,1000,10%,0.10369892473118279,0.10516129032258065,22,750,0.75,True,True,False,0.25,0.023427100000844803,9,uniform,2,1
LDPC,1000,10%,0.10369892473118279,0.10516129032258065,22,600,0.6,True,True,False,0.4,0.02984689999721013,17,aware-pipeline,2,1
LDPC,1000,10%,0.10369892473118279,0.10516129032258065,23,600,0.6,True,True,False,0.4,0.059840000001713634,32,uniform,2,0
LDPC,1000,10%,0.10369892473118279,0.10516129032258065,23,600,0.6,True,True,False,0.4,0.0386703000003763,19,aware-pipeline,2,0
LDPC,1000,10%,0.10369892473118279,0.10516129032258065,23,750,0.75,True,True,False,0.25,0.027440699999715434,7,uniform,2,1
LDPC,1000,10%,0.10369892473118279,0.10516129032258065,23,600,0.6,True,True,False,0.4,0.02869499999724212,12,aware-pipeline,2,1
LDPC,1000,10%,0.10369892473118279,0.10516129032258065,24,600,0.6,True,True,False,0.4,0.06997409999894444,31,uniform,2,0
LDPC,1000,10%,0.10369892473118279,0.10516129032258065,24,600,0.6,True,True,False,0.4,0.02847459999975399,11,aware-pipeline,2,0
LDPC,1000,10%,0.10369892473118279,0.10516129032258065,24,750,0.75,True,True,False,0.25,0.022807800000009593,6,uniform,2,1
LDPC,1000,10%,0.10369892473118279,0.10516129032258065,24,600,0.6,True,True,False,0.4,0.02535120000175084,11,aware-pipeline,2,1
LDPC,1000,10%,0.10369892473118279,0.10516129032258065,25,600,0.6,False,False,False,0.0,0.23312850000002072,120,uniform,2,0
LDPC,1000,10%,0.10369892473118279,0.10516129032258065,25,600,0.6,True,True,False,0.4,0.022192000000359258,9,aware-pipeline,2,0
LDPC,1000,10%,0.10369892473118279,0.10516129032258065,25,750,0.75,True,True,False,0.25,0.025989300000219373,9,uniform,2,1
LDPC,1000,10%,0.10369892473118279,0.10516129032258065,25,600,0.6,True,True,False,0.4,0.022492399999464396,10,aware-pipeline,2,1
LDPC,1000,10%,0.10369892473118279,0.10516129032258065,26,600,0.6,True,True,False,0.4,0.03645999999935157,18,uniform,2,0
LDPC,1000,10%,0.10369892473118279,0.10516129032258065,26,600,0.6,True,True,False,0.4,0.029124500000762055,11,aware-pipeline,2,0
LDPC,1000,10%,0.10369892473118279,0.10516129032258065,26,750,0.75,True,True,False,0.25,0.02074480000010226,6,uniform,2,1
LDPC,1000,10%,0.10369892473118279,0.10516129032258065,26,600,0.6,True,True,False,0.4,0.03127949999907287,13,aware-pipeline,2,1
LDPC,1000,10%,0.10369892473118279,0.10516129032258065,27,600,0.6,True,True,False,0.4,0.03074870000273222,13,uniform,2,0
LDPC,1000,10%,0.10369892473118279,0.10516129032258065,27,600,0.6,True,True,False,0.4,0.01839299999846844,7,aware-pipeline,2,0
LDPC,1000,10%,0.10369892473118279,0.10516129032258065,27,750,0.75,True,True,False,0.25,0.02099399999860907,6,uniform,2,1
LDPC,1000,10%,0.10369892473118279,0.10516129032258065,27,600,0.6,True,True,False,0.4,0.017428800001653144,7,aware-pipeline,2,1
LDPC,1000,10%,0.10369892473118279,0.10516129032258065,28,600,0.6,True,True,False,0.4,0.04534359999888693,23,uniform,2,0
LDPC,1000,10%,0.10369892473118279,0.10516129032258065,28,600,0.6,True,True,False,0.4,0.023151400000642752,10,aware-pipeline,2,0
LDPC,1000,10%,0.10369892473118279,0.10516129032258065,28,750,0.75,True,True,False,0.25,0.020920199996908195,7,uniform,2,1
LDPC,1000,10%,0.10369892473118279,0.10516129032258065,28,600,0.6,True,True,False,0.4,0.018981899997015717,9,aware-pipeline,2,1
LDPC,1000,10%,0.10369892473118279,0.10516129032258065,29,600,0.6,True,True,False,0.4,0.024642099997436162,12,uniform,2,0
LDPC,1000,10%,0.10369892473118279,0.10516129032258065,29,600,0.6,True,True,False,0.4,0.019227099997806363,8,aware-pipeline,2,0
LDPC,1000,10%,0.10369892473118279,0.10516129032258065,29,750,0.75,True,True,False,0.25,0.018907099998614285,6,uniform,2,1
LDPC,1000,10%,0.10369892473118279,0.10516129032258065,29,600,0.6,True,True,False,0.4,0.019632699997600866,9,aware-pipeline,2,1
LDPC,1000,10%,0.10369892473118279,0.10516129032258065,30,600,0.6,True,True,False,0.4,0.029566699999122648,13,uniform,2,0
LDPC,1000,10%,0.10369892473118279,0.10516129032258065,30,600,0.6,True,True,False,0.4,0.019358899997314438,7,aware-pipeline,2,0
LDPC,1000,10%,0.10369892473118279,0.10516129032258065,30,750,0.75,True,True,False,0.25,0.01702290000321227,5,uniform,2,1
LDPC,1000,10%,0.10369892473118279,0.10516129032258065,30,600,0.6,True,True,False,0.4,0.02093590000004042,9,aware-pipeline,2,1
LDPC,1000,10%,0.10369892473118279,0.10516129032258065,31,600,0.6,True,True,False,0.4,0.03162940000038361,14,uniform,2,0
LDPC,1000,10%,0.10369892473118279,0.10516129032258065,31,600,0.6,True,True,False,0.4,0.019136499999149237,8,aware-pipeline,2,0
LDPC,1000,10%,0.10369892473118279,0.10516129032258065,31,750,0.75,True,True,False,0.25,0.023250099999131635,8,uniform,2,1
LDPC,1000,10%,0.10369892473118279,0.10516129032258065,31,600,0.6,True,True,False,0.4,0.02673079999658512,9,aware-pipeline,2,1
LDPC,1000,10%,0.10369892473118279,0.10516129032258065,32,600,0.6,True,True,False,0.4,0.027957400001469068,14,uniform,2,0
LDPC,1000,10%,0.10369892473118279,0.10516129032258065,32,600,0.6,True,True,False,0.4,0.017055500000424217,7,aware-pipeline,2,0
LDPC,1000,10%,0.10369892473118279,0.10516129032258065,32,750,0.75,True,True,False,0.25,0.020627099998819176,7,uniform,2,1
LDPC,1000,10%,0.10369892473118279,0.10516129032258065,32,600,0.6,True,True,False,0.4,0.025367399997776374,13,aware-pipeline,2,1
LDPC,1000,10%,0.10369892473118279,0.10516129032258065,33,600,0.6,True,True,False,0.4,0.01911359999940032,9,uniform,2,0
LDPC,1000,10%,0.10369892473118279,0.10516129032258065,33,600,0.6,True,True,False,0.4,0.015170700000453508,6,aware-pipeline,2,0
LDPC,1000,10%,0.10369892473118279,0.10516129032258065,33,750,0.75,True,True,False,0.25,0.017928799999936018,5,uniform,2,1
LDPC,1000,10%,0.10369892473118279,0.10516129032258065,33,600,0.6,True,True,False,0.4,0.019274000002042158,6,aware-pipeline,2,1
LDPC,1000,10%,0.10369892473118279,0.10516129032258065,34,600,0.6,False,False,False,0.0,0.23662039999908302,120,uniform,2,0
LDPC,1000,10%,0.10369892473118279,0.10516129032258065,34,600,0.6,True,True,False,0.4,0.03590540000004694,15,aware-pipeline,2,0
LDPC,1000,10%,0.10369892473118279,0.10516129032258065,34,750,0.75,True,True,False,0.25,0.020269899996492313,6,uniform,2,1
LDPC,1000,10%,0.10369892473118279,0.10516129032258065,34,600,0.6,True,True,False,0.4,0.04622800000288407,23,aware-pipeline,2,1
LDPC,1000,10%,0.10369892473118279,0.10516129032258065,35,600,0.6,True,True,False,0.4,0.03505109999969136,18,uniform,2,0
LDPC,1000,10%,0.10369892473118279,0.10516129032258065,35,600,0.6,True,True,False,0.4,0.018720100000791717,8,aware-pipeline,2,0
LDPC,1000,10%,0.10369892473118279,0.10516129032258065,35,750,0.75,True,True,False,0.25,0.026845599997614045,9,uniform,2,1
LDPC,1000,10%,0.10369892473118279,0.10516129032258065,35,600,0.6,True,True,False,0.4,0.01662410000062664,7,aware-pipeline,2,1
LDPC,1000,10%,0.10369892473118279,0.10516129032258065,36,600,0.6,True,True,False,0.4,0.03033829999912996,15,uniform,2,0
LDPC,1000,10%,0.10369892473118279,0.10516129032258065,36,600,0.6,True,True,False,0.4,0.020171899999695597,8,aware-pipeline,2,0
LDPC,1000,10%,0.10369892473118279,0.10516129032258065,36,750,0.75,True,True,False,0.25,0.022009200001775753,7,uniform,2,1
LDPC,1000,10%,0.10369892473118279,0.10516129032258065,36,600,0.6,True,True,False,0.4,0.02345929999864893,10,aware-pipeline,2,1
LDPC,1000,10%,0.10369892473118279,0.10516129032258065,37,600,0.6,True,True,False,0.4,0.03556350000144448,16,uniform,2,0
LDPC,1000,10%,0.10369892473118279,0.10516129032258065,37,600,0.6,True,True,False,0.4,0.01939479999782634,8,aware-pipeline,2,0
LDPC,1000,10%,0.10369892473118279,0.10516129032258065,37,750,0.75,True,True,False,0.25,0.019335799999680603,6,uniform,2,1
LDPC,1000,10%,0.10369892473118279,0.10516129032258065,37,600,0.6,True,True,False,0.4,0.018357199998717988,8,aware-pipeline,2,1
LDPC,1000,10%,0.10369892473118279,0.10516129032258065,38,600,0.6,False,False,False,0.0,0.20160780000151135,120,uniform,2,0
LDPC,1000,10%,0.10369892473118279,0.10516129032258065,38,600,0.6,True,True,False,0.4,0.09048809999876539,53,aware-pipeline,2,0
LDPC,1000,10%,0.10369892473118279,0.10516129032258065,38,750,0.75,True,True,False,0.25,0.020462500000576256,8,uniform,2,1
LDPC,1000,10%,0.10369892473118279,0.10516129032258065,38,600,0.6,True,True,False,0.4,0.03495130000010249,16,aware-pipeline,2,1
LDPC,1000,10%,0.10369892473118279,0.10516129032258065,39,600,0.6,True,True,False,0.4,0.14112040000327397,66,uniform,2,0
LDPC,1000,10%,0.10369892473118279,0.10516129032258065,39,600,0.6,True,True,False,0.4,0.026917700000922196,11,aware-pipeline,2,0
LDPC,1000,10%,0.10369892473118279,0.10516129032258065,39,750,0.75,True,True,False,0.25,0.029855599997972604,9,uniform,2,1
LDPC,1000,10%,0.10369892473118279,0.10516129032258065,39,600,0.6,True,True,False,0.4,0.029194599999755155,13,aware-pipeline,2,1
LDPC,1000,10%,0.10316129032258065,0.10387096774193548,0,600,0.6,True,True,False,0.4,0.03830240000024787,14,uniform,3,0
LDPC,1000,10%,0.10316129032258065,0.10387096774193548,0,600,0.6,True,True,False,0.4,0.047568300000421004,14,aware-pipeline,3,0
LDPC,1000,10%,0.10316129032258065,0.10387096774193548,0,750,0.75,True,True,False,0.25,0.03133270000034827,7,uniform,3,1
LDPC,1000,10%,0.10316129032258065,0.10387096774193548,0,600,0.6,True,True,False,0.4,0.03730170000198996,12,aware-pipeline,3,1
LDPC,1000,10%,0.10316129032258065,0.10387096774193548,1,600,0.6,True,True,False,0.4,0.04085680000207503,13,uniform,3,0
LDPC,1000,10%,0.10316129032258065,0.10387096774193548,1,600,0.6,True,True,False,0.4,0.026733300001069438,8,aware-pipeline,3,0
LDPC,1000,10%,0.10316129032258065,0.10387096774193548,1,750,0.75,True,True,False,0.25,0.026146000000153435,5,uniform,3,1
LDPC,1000,10%,0.10316129032258065,0.10387096774193548,1,600,0.6,True,True,False,0.4,0.023695799998677103,7,aware-pipeline,3,1
LDPC,1000,10%,0.10316129032258065,0.10387096774193548,2,600,0.6,False,False,False,0.0,0.28628000000026077,120,uniform,3,0
LDPC,1000,10%,0.10316129032258065,0.10387096774193548,2,600,0.6,True,True,False,0.4,0.035945200001151534,12,aware-pipeline,3,0
LDPC,1000,10%,0.10316129032258065,0.10387096774193548,2,750,0.75,True,True,False,0.25,0.025202599998010555,7,uniform,3,1
LDPC,1000,10%,0.10316129032258065,0.10387096774193548,2,600,0.6,True,True,False,0.4,0.03552119999949355,13,aware-pipeline,3,1
LDPC,1000,10%,0.10316129032258065,0.10387096774193548,3,600,0.6,True,True,False,0.4,0.056566499999462394,21,uniform,3,0
LDPC,1000,10%,0.10316129032258065,0.10387096774193548,3,600,0.6,True,True,False,0.4,0.027202699999179458,10,aware-pipeline,3,0
LDPC,1000,10%,0.10316129032258065,0.10387096774193548,3,750,0.75,True,True,False,0.25,0.026671399999031564,7,uniform,3,1
LDPC,1000,10%,0.10316129032258065,0.10387096774193548,3,600,0.6,True,True,False,0.4,0.03561479999916628,12,aware-pipeline,3,1
LDPC,1000,10%,0.10316129032258065,0.10387096774193548,4,600,0.6,True,True,False,0.4,0.027621799999906216,10,uniform,3,0
LDPC,1000,10%,0.10316129032258065,0.10387096774193548,4,600,0.6,True,True,False,0.4,0.02385810000123456,8,aware-pipeline,3,0
LDPC,1000,10%,0.10316129032258065,0.10387096774193548,4,750,0.75,True,True,False,0.25,0.02556469999763067,6,uniform,3,1
LDPC,1000,10%,0.10316129032258065,0.10387096774193548,4,600,0.6,True,True,False,0.4,0.021263900001940783,8,aware-pipeline,3,1
LDPC,1000,10%,0.10316129032258065,0.10387096774193548,5,600,0.6,True,True,False,0.4,0.0342798000019684,11,uniform,3,0
LDPC,1000,10%,0.10316129032258065,0.10387096774193548,5,600,0.6,True,True,False,0.4,0.02849699999933364,11,aware-pipeline,3,0
LDPC,1000,10%,0.10316129032258065,0.10387096774193548,5,750,0.75,True,True,False,0.25,0.029009000001678942,7,uniform,3,1
LDPC,1000,10%,0.10316129032258065,0.10387096774193548,5,600,0.6,True,True,False,0.4,0.024903399997128872,9,aware-pipeline,3,1
LDPC,1000,10%,0.10316129032258065,0.10387096774193548,6,600,0.6,True,True,False,0.4,0.07054539999808185,31,uniform,3,0
LDPC,1000,10%,0.10316129032258065,0.10387096774193548,6,600,0.6,True,True,False,0.4,0.052034100001037586,21,aware-pipeline,3,0
LDPC,1000,10%,0.10316129032258065,0.10387096774193548,6,750,0.75,True,True,False,0.25,0.01950600000054692,5,uniform,3,1
LDPC,1000,10%,0.10316129032258065,0.10387096774193548,6,600,0.6,True,True,False,0.4,0.03692800000135321,14,aware-pipeline,3,1
LDPC,1000,10%,0.10316129032258065,0.10387096774193548,7,600,0.6,False,False,False,0.0,0.26959379999971134,120,uniform,3,0
LDPC,1000,10%,0.10316129032258065,0.10387096774193548,7,600,0.6,True,True,False,0.4,0.06619249999857857,30,aware-pipeline,3,0
LDPC,1000,10%,0.10316129032258065,0.10387096774193548,7,750,0.75,True,True,False,0.25,0.02889839999988908,7,uniform,3,1
LDPC,1000,10%,0.10316129032258065,0.10387096774193548,7,600,0.6,True,True,False,0.4,0.030646900002466282,11,aware-pipeline,3,1
LDPC,1000,10%,0.10316129032258065,0.10387096774193548,8,600,0.6,False,False,False,0.0,0.25108149999869056,120,uniform,3,0
LDPC,1000,10%,0.10316129032258065,0.10387096774193548,8,600,0.6,True,True,False,0.4,0.0345156000003044,13,aware-pipeline,3,0
LDPC,1000,10%,0.10316129032258065,0.10387096774193548,8,750,0.75,True,True,False,0.25,0.035664600000018254,10,uniform,3,1
LDPC,1000,10%,0.10316129032258065,0.10387096774193548,8,600,0.6,False,False,False,0.0,0.24223699999856763,120,aware-pipeline,3,1
LDPC,1000,10%,0.10316129032258065,0.10387096774193548,9,600,0.6,True,True,False,0.4,0.044195299997227266,19,uniform,3,0
LDPC,1000,10%,0.10316129032258065,0.10387096774193548,9,600,0.6,True,True,False,0.4,0.043457299998408416,12,aware-pipeline,3,0
LDPC,1000,10%,0.10316129032258065,0.10387096774193548,9,750,0.75,True,True,False,0.25,0.03286219999790774,7,uniform,3,1
LDPC,1000,10%,0.10316129032258065,0.10387096774193548,9,600,0.6,True,True,False,0.4,0.03128709999873536,9,aware-pipeline,3,1
LDPC,1000,10%,0.10316129032258065,0.10387096774193548,10,600,0.6,True,True,False,0.4,0.03896549999990384,14,uniform,3,0
LDPC,1000,10%,0.10316129032258065,0.10387096774193548,10,600,0.6,True,True,False,0.4,0.031314299998484785,10,aware-pipeline,3,0
LDPC,1000,10%,0.10316129032258065,0.10387096774193548,10,750,0.75,True,True,False,0.25,0.02513839999664924,6,uniform,3,1
LDPC,1000,10%,0.10316129032258065,0.10387096774193548,10,600,0.6,True,True,False,0.4,0.035274599998956546,12,aware-pipeline,3,1
LDPC,1000,10%,0.10316129032258065,0.10387096774193548,11,600,0.6,True,True,False,0.4,0.04347940000297967,15,uniform,3,0
LDPC,1000,10%,0.10316129032258065,0.10387096774193548,11,600,0.6,True,True,False,0.4,0.02470769999854383,9,aware-pipeline,3,0
LDPC,1000,10%,0.10316129032258065,0.10387096774193548,11,750,0.75,True,True,False,0.25,0.024754499998380197,6,uniform,3,1
LDPC,1000,10%,0.10316129032258065,0.10387096774193548,11,600,0.6,True,True,False,0.4,0.025751100001798477,9,aware-pipeline,3,1
LDPC,1000,10%,0.10316129032258065,0.10387096774193548,12,600,0.6,True,True,False,0.4,0.033230399996682536,12,uniform,3,0
LDPC,1000,10%,0.10316129032258065,0.10387096774193548,12,600,0.6,True,True,False,0.4,0.02243319999979576,8,aware-pipeline,3,0
LDPC,1000,10%,0.10316129032258065,0.10387096774193548,12,750,0.75,True,True,False,0.25,0.02198099999804981,5,uniform,3,1
LDPC,1000,10%,0.10316129032258065,0.10387096774193548,12,600,0.6,True,True,False,0.4,0.04515190000165603,16,aware-pipeline,3,1
LDPC,1000,10%,0.10316129032258065,0.10387096774193548,13,600,0.6,False,False,False,0.0,0.2559526000004553,120,uniform,3,0
LDPC,1000,10%,0.10316129032258065,0.10387096774193548,13,600,0.6,True,True,False,0.4,0.033765100000891834,14,aware-pipeline,3,0
LDPC,1000,10%,0.10316129032258065,0.10387096774193548,13,750,0.75,True,True,False,0.25,0.025609299998905044,7,uniform,3,1
LDPC,1000,10%,0.10316129032258065,0.10387096774193548,13,600,0.6,True,True,False,0.4,0.025744200000190176,10,aware-pipeline,3,1
LDPC,1000,10%,0.10316129032258065,0.10387096774193548,14,600,0.6,True,True,False,0.4,0.05652579999878071,24,uniform,3,0
LDPC,1000,10%,0.10316129032258065,0.10387096774193548,14,600,0.6,True,True,False,0.4,0.024890500000765314,9,aware-pipeline,3,0
LDPC,1000,10%,0.10316129032258065,0.10387096774193548,14,750,0.75,True,True,False,0.25,0.031144900000072084,8,uniform,3,1
LDPC,1000,10%,0.10316129032258065,0.10387096774193548,14,600,0.6,True,True,False,0.4,0.028991600000153994,10,aware-pipeline,3,1
LDPC,1000,10%,0.10316129032258065,0.10387096774193548,15,600,0.6,True,True,False,0.4,0.03522210000301129,14,uniform,3,0
LDPC,1000,10%,0.10316129032258065,0.10387096774193548,15,600,0.6,True,True,False,0.4,0.031038799999805633,12,aware-pipeline,3,0
LDPC,1000,10%,0.10316129032258065,0.10387096774193548,15,750,0.75,True,True,False,0.25,0.02346200000101817,6,uniform,3,1
LDPC,1000,10%,0.10316129032258065,0.10387096774193548,15,600,0.6,True,True,False,0.4,0.03133999999772641,11,aware-pipeline,3,1
LDPC,1000,10%,0.10316129032258065,0.10387096774193548,16,600,0.6,True,True,False,0.4,0.05118210000000545,21,uniform,3,0
LDPC,1000,10%,0.10316129032258065,0.10387096774193548,16,600,0.6,True,True,False,0.4,0.03907239999898593,15,aware-pipeline,3,0
LDPC,1000,10%,0.10316129032258065,0.10387096774193548,16,750,0.75,True,True,False,0.25,0.022643399999651592,6,uniform,3,1
LDPC,1000,10%,0.10316129032258065,0.10387096774193548,16,600,0.6,True,True,False,0.4,0.0505364999989979,21,aware-pipeline,3,1
LDPC,1000,10%,0.10316129032258065,0.10387096774193548,17,600,0.6,False,False,False,0.0,0.26390990000072634,120,uniform,3,0
LDPC,1000,10%,0.10316129032258065,0.10387096774193548,17,600,0.6,True,True,False,0.4,0.08505850000074133,35,aware-pipeline,3,0
LDPC,1000,10%,0.10316129032258065,0.10387096774193548,17,750,0.75,True,True,False,0.25,0.027170299999852432,7,uniform,3,1
LDPC,1000,10%,0.10316129032258065,0.10387096774193548,17,600,0.6,True,True,False,0.4,0.08539190000010421,36,aware-pipeline,3,1
LDPC,1000,10%,0.10316129032258065,0.10387096774193548,18,600,0.6,True,True,False,0.4,0.03163019999919925,12,uniform,3,0
LDPC,1000,10%,0.10316129032258065,0.10387096774193548,18,600,0.6,True,True,False,0.4,0.026315799997973954,10,aware-pipeline,3,0
LDPC,1000,10%,0.10316129032258065,0.10387096774193548,18,750,0.75,True,True,False,0.25,0.026474700000107987,7,uniform,3,1
LDPC,1000,10%,0.10316129032258065,0.10387096774193548,18,600,0.6,True,True,False,0.4,0.027222799999435665,10,aware-pipeline,3,1
LDPC,1000,10%,0.10316129032258065,0.10387096774193548,19,600,0.6,True,True,False,0.4,0.028429699999833247,11,uniform,3,0
LDPC,1000,10%,0.10316129032258065,0.10387096774193548,19,600,0.6,True,True,False,0.4,0.02233399999749963,7,aware-pipeline,3,0
LDPC,1000,10%,0.10316129032258065,0.10387096774193548,19,750,0.75,True,True,False,0.25,0.020125999999436317,5,uniform,3,1
LDPC,1000,10%,0.10316129032258065,0.10387096774193548,19,600,0.6,True,True,False,0.4,0.020455900001252303,7,aware-pipeline,3,1
LDPC,1000,10%,0.10316129032258065,0.10387096774193548,20,600,0.6,False,False,False,0.0,0.2677886999990733,120,uniform,3,0
LDPC,1000,10%,0.10316129032258065,0.10387096774193548,20,600,0.6,True,True,False,0.4,0.03662379999877885,13,aware-pipeline,3,0
LDPC,1000,10%,0.10316129032258065,0.10387096774193548,20,750,0.75,True,True,False,0.25,0.03570440000112285,9,uniform,3,1
LDPC,1000,10%,0.10316129032258065,0.10387096774193548,20,600,0.6,True,True,False,0.4,0.03930720000062138,12,aware-pipeline,3,1
LDPC,1000,10%,0.10316129032258065,0.10387096774193548,21,600,0.6,False,False,False,0.0,0.2869265000008454,120,uniform,3,0
LDPC,1000,10%,0.10316129032258065,0.10387096774193548,21,600,0.6,True,True,False,0.4,0.04521720000047935,16,aware-pipeline,3,0
LDPC,1000,10%,0.10316129032258065,0.10387096774193548,21,750,0.75,True,True,False,0.25,0.02888159999929485,7,uniform,3,1
LDPC,1000,10%,0.10316129032258065,0.10387096774193548,21,600,0.6,True,True,False,0.4,0.033317199999146396,12,aware-pipeline,3,1
LDPC,1000,10%,0.10316129032258065,0.10387096774193548,22,600,0.6,True,True,False,0.4,0.04921749999994063,20,uniform,3,0
LDPC,1000,10%,0.10316129032258065,0.10387096774193548,22,600,0.6,True,True,False,0.4,0.022366400000464637,8,aware-pipeline,3,0
LDPC,1000,10%,0.10316129032258065,0.10387096774193548,22,750,0.75,True,True,False,0.25,0.020673899998655543,5,uniform,3,1
LDPC,1000,10%,0.10316129032258065,0.10387096774193548,22,600,0.6,True,True,False,0.4,0.02712020000035409,10,aware-pipeline,3,1
LDPC,1000,10%,0.10316129032258065,0.10387096774193548,23,600,0.6,True,True,False,0.4,0.03475999999864143,13,uniform,3,0
LDPC,1000,10%,0.10316129032258065,0.10387096774193548,23,600,0.6,True,True,False,0.4,0.026898299998720177,9,aware-pipeline,3,0
LDPC,1000,10%,0.10316129032258065,0.10387096774193548,23,750,0.75,True,True,False,0.25,0.021954700001515448,6,uniform,3,1
LDPC,1000,10%,0.10316129032258065,0.10387096774193548,23,600,0.6,True,True,False,0.4,0.02920520000043325,9,aware-pipeline,3,1
LDPC,1000,10%,0.10316129032258065,0.10387096774193548,24,600,0.6,True,True,False,0.4,0.03485730000102194,13,uniform,3,0
LDPC,1000,10%,0.10316129032258065,0.10387096774193548,24,600,0.6,True,True,False,0.4,0.03138140000010026,11,aware-pipeline,3,0
LDPC,1000,10%,0.10316129032258065,0.10387096774193548,24,750,0.75,True,True,False,0.25,0.021863500001927605,5,uniform,3,1
LDPC,1000,10%,0.10316129032258065,0.10387096774193548,24,600,0.6,True,True,False,0.4,0.026335499998822343,9,aware-pipeline,3,1
LDPC,1000,10%,0.10316129032258065,0.10387096774193548,25,600,0.6,True,True,False,0.4,0.028518999999505468,10,uniform,3,0
LDPC,1000,10%,0.10316129032258065,0.10387096774193548,25,600,0.6,True,True,False,0.4,0.02173430000038934,6,aware-pipeline,3,0
LDPC,1000,10%,0.10316129032258065,0.10387096774193548,25,750,0.75,True,True,False,0.25,0.021439699998154538,5,uniform,3,1
LDPC,1000,10%,0.10316129032258065,0.10387096774193548,25,600,0.6,True,True,False,0.4,0.0203088000016578,6,aware-pipeline,3,1
LDPC,1000,10%,0.10316129032258065,0.10387096774193548,26,600,0.6,True,True,False,0.4,0.04655149999962305,19,uniform,3,0
LDPC,1000,10%,0.10316129032258065,0.10387096774193548,26,600,0.6,True,True,False,0.4,0.031895199997961754,10,aware-pipeline,3,0
LDPC,1000,10%,0.10316129032258065,0.10387096774193548,26,750,0.75,True,True,False,0.25,0.02909919999729027,7,uniform,3,1
LDPC,1000,10%,0.10316129032258065,0.10387096774193548,26,600,0.6,True,True,False,0.4,0.035785000000032596,13,aware-pipeline,3,1
LDPC,1000,10%,0.10316129032258065,0.10387096774193548,27,600,0.6,True,True,False,0.4,0.07374189999973169,33,uniform,3,0
LDPC,1000,10%,0.10316129032258065,0.10387096774193548,27,600,0.6,True,True,False,0.4,0.03105169999980717,12,aware-pipeline,3,0
LDPC,1000,10%,0.10316129032258065,0.10387096774193548,27,750,0.75,True,True,False,0.25,0.02395500000056927,7,uniform,3,1
LDPC,1000,10%,0.10316129032258065,0.10387096774193548,27,600,0.6,True,True,False,0.4,0.021844999999302672,8,aware-pipeline,3,1
LDPC,1000,10%,0.10316129032258065,0.10387096774193548,28,600,0.6,False,False,False,0.0,0.2572063000006892,120,uniform,3,0
LDPC,1000,10%,0.10316129032258065,0.10387096774193548,28,600,0.6,True,True,False,0.4,0.029999899998074397,12,aware-pipeline,3,0
LDPC,1000,10%,0.10316129032258065,0.10387096774193548,28,750,0.75,True,True,False,0.25,0.024182299999665702,6,uniform,3,1
LDPC,1000,10%,0.10316129032258065,0.10387096774193548,28,600,0.6,True,True,False,0.4,0.06556490000002668,30,aware-pipeline,3,1
LDPC,1000,10%,0.10316129032258065,0.10387096774193548,29,600,0.6,True,True,False,0.4,0.03555210000195075,13,uniform,3,0
LDPC,1000,10%,0.10316129032258065,0.10387096774193548,29,600,0.6,True,True,False,0.4,0.02185779999854276,7,aware-pipeline,3,0
LDPC,1000,10%,0.10316129032258065,0.10387096774193548,29,750,0.75,True,True,False,0.25,0.018871199998102384,5,uniform,3,1
LDPC,1000,10%,0.10316129032258065,0.10387096774193548,29,600,0.6,True,True,False,0.4,0.025998499997513136,9,aware-pipeline,3,1
LDPC,1000,10%,0.10316129032258065,0.10387096774193548,30,600,0.6,False,False,False,0.0,0.3486798000012641,120,uniform,3,0
LDPC,1000,10%,0.10316129032258065,0.10387096774193548,30,600,0.6,True,True,False,0.4,0.04624419999890961,14,aware-pipeline,3,0
LDPC,1000,10%,0.10316129032258065,0.10387096774193548,30,750,0.75,True,True,False,0.25,0.03263080000033369,7,uniform,3,1
LDPC,1000,10%,0.10316129032258065,0.10387096774193548,30,600,0.6,True,True,False,0.4,0.03401849999863771,9,aware-pipeline,3,1
LDPC,1000,10%,0.10316129032258065,0.10387096774193548,31,600,0.6,True,True,False,0.4,0.059486800000740914,22,uniform,3,0
LDPC,1000,10%,0.10316129032258065,0.10387096774193548,31,600,0.6,True,True,False,0.4,0.07099999999991269,27,aware-pipeline,3,0
LDPC,1000,10%,0.10316129032258065,0.10387096774193548,31,750,0.75,True,True,False,0.25,0.029196699997555697,6,uniform,3,1
LDPC,1000,10%,0.10316129032258065,0.10387096774193548,31,600,0.6,False,False,False,0.0,0.2940901000001759,120,aware-pipeline,3,1
LDPC,1000,10%,0.10316129032258065,0.10387096774193548,32,600,0.6,True,True,False,0.4,0.05169750000277418,20,uniform,3,0
LDPC,1000,10%,0.10316129032258065,0.10387096774193548,32,600,0.6,True,True,False,0.4,0.026262799998221453,9,aware-pipeline,3,0
LDPC,1000,10%,0.10316129032258065,0.10387096774193548,32,750,0.75,True,True,False,0.25,0.025568500001099892,5,uniform,3,1
LDPC,1000,10%,0.10316129032258065,0.10387096774193548,32,600,0.6,True,True,False,0.4,0.038272900001175,14,aware-pipeline,3,1
LDPC,1000,10%,0.10316129032258065,0.10387096774193548,33,600,0.6,True,True,False,0.4,0.0876070999984222,39,uniform,3,0
LDPC,1000,10%,0.10316129032258065,0.10387096774193548,33,600,0.6,True,True,False,0.4,0.03516510000190465,14,aware-pipeline,3,0
LDPC,1000,10%,0.10316129032258065,0.10387096774193548,33,750,0.75,True,True,False,0.25,0.026809499999217223,7,uniform,3,1
LDPC,1000,10%,0.10316129032258065,0.10387096774193548,33,600,0.6,True,True,False,0.4,0.03259510000134469,11,aware-pipeline,3,1
LDPC,1000,10%,0.10316129032258065,0.10387096774193548,34,600,0.6,True,True,False,0.4,0.027759799999330426,8,uniform,3,0
LDPC,1000,10%,0.10316129032258065,0.10387096774193548,34,600,0.6,True,True,False,0.4,0.023366099998384016,8,aware-pipeline,3,0
LDPC,1000,10%,0.10316129032258065,0.10387096774193548,34,750,0.75,True,True,False,0.25,0.027446800002508098,7,uniform,3,1
LDPC,1000,10%,0.10316129032258065,0.10387096774193548,34,600,0.6,True,True,False,0.4,0.02692190000016126,9,aware-pipeline,3,1
LDPC,1000,10%,0.10316129032258065,0.10387096774193548,35,600,0.6,True,True,False,0.4,0.05520769999930053,24,uniform,3,0
LDPC,1000,10%,0.10316129032258065,0.10387096774193548,35,600,0.6,True,True,False,0.4,0.030407499998545973,12,aware-pipeline,3,0
LDPC,1000,10%,0.10316129032258065,0.10387096774193548,35,750,0.75,True,True,False,0.25,0.02484060000278987,7,uniform,3,1
LDPC,1000,10%,0.10316129032258065,0.10387096774193548,35,600,0.6,True,True,False,0.4,0.034384399998089066,14,aware-pipeline,3,1
LDPC,1000,10%,0.10316129032258065,0.10387096774193548,36,600,0.6,True,True,False,0.4,0.03412620000017341,13,uniform,3,0
LDPC,1000,10%,0.10316129032258065,0.10387096774193548,36,600,0.6,True,True,False,0.4,0.020908700000290992,7,aware-pipeline,3,0
LDPC,1000,10%,0.10316129032258065,0.10387096774193548,36,750,0.75,True,True,False,0.25,0.02755990000150632,8,uniform,3,1
LDPC,1000,10%,0.10316129032258065,0.10387096774193548,36,600,0.6,True,True,False,0.4,0.02498820000255364,9,aware-pipeline,3,1
LDPC,1000,10%,0.10316129032258065,0.10387096774193548,37,600,0.6,True,True,False,0.4,0.037814800001797266,16,uniform,3,0
LDPC,1000,10%,0.10316129032258065,0.10387096774193548,37,600,0.6,True,True,False,0.4,0.026774500001920387,9,aware-pipeline,3,0
LDPC,1000,10%,0.10316129032258065,0.10387096774193548,37,750,0.75,True,True,False,0.25,0.019504699997924035,5,uniform,3,1
LDPC,1000,10%,0.10316129032258065,0.10387096774193548,37,600,0.6,True,True,False,0.4,0.02893200000107754,11,aware-pipeline,3,1
LDPC,1000,10%,0.10316129032258065,0.10387096774193548,38,600,0.6,True,True,False,0.4,0.029649599997355836,10,uniform,3,0
LDPC,1000,10%,0.10316129032258065,0.10387096774193548,38,600,0.6,True,True,False,0.4,0.023455900001863483,9,aware-pipeline,3,0
LDPC,1000,10%,0.10316129032258065,0.10387096774193548,38,750,0.75,True,True,False,0.25,0.020317899998190114,6,uniform,3,1
LDPC,1000,10%,0.10316129032258065,0.10387096774193548,38,600,0.6,True,True,False,0.4,0.023656099998333957,8,aware-pipeline,3,1
LDPC,1000,10%,0.10316129032258065,0.10387096774193548,39,600,0.6,False,False,False,0.0,0.25170169999910286,120,uniform,3,0
LDPC,1000,10%,0.10316129032258065,0.10387096774193548,39,600,0.6,True,True,False,0.4,0.04190279999966151,17,aware-pipeline,3,0
LDPC,1000,10%,0.10316129032258065,0.10387096774193548,39,750,0.75,True,True,False,0.25,0.025769399999262532,6,uniform,3,1
LDPC,1000,10%,0.10316129032258065,0.10387096774193548,39,600,0.6,True,True,False,0.4,0.032669299998815404,12,aware-pipeline,3,1
LDPC,1000,10%,0.1046236559139785,0.10301075268817204,0,600,0.6,True,True,False,0.4,0.04526199999963865,8,uniform,4,0
LDPC,1000,10%,0.1046236559139785,0.10301075268817204,0,600,0.6,True,True,False,0.4,0.03457179999895743,6,aware-pipeline,4,0
LDPC,1000,10%,0.1046236559139785,0.10301075268817204,0,600,0.6,True,True,False,0.4,0.0494490000019141,11,uniform,4,1
LDPC,1000,10%,0.1046236559139785,0.10301075268817204,0,600,0.6,True,True,False,0.4,0.038132099998620106,9,aware-pipeline,4,1
LDPC,1000,10%,0.1046236559139785,0.10301075268817204,1,600,0.6,False,False,False,0.0,0.3963364000010188,120,uniform,4,0
LDPC,1000,10%,0.1046236559139785,0.10301075268817204,1,600,0.6,True,True,False,0.4,0.05182789999889792,11,aware-pipeline,4,0
LDPC,1000,10%,0.1046236559139785,0.10301075268817204,1,600,0.6,False,False,False,0.0,0.48531609999918146,120,uniform,4,1
LDPC,1000,10%,0.1046236559139785,0.10301075268817204,1,600,0.6,True,True,False,0.4,0.06077739999818732,16,aware-pipeline,4,1
LDPC,1000,10%,0.1046236559139785,0.10301075268817204,2,600,0.6,True,True,False,0.4,0.08000280000123894,23,uniform,4,0
LDPC,1000,10%,0.1046236559139785,0.10301075268817204,2,600,0.6,True,True,False,0.4,0.050079799999366514,13,aware-pipeline,4,0
LDPC,1000,10%,0.1046236559139785,0.10301075268817204,2,600,0.6,True,True,False,0.4,0.3374511999973038,81,uniform,4,1
LDPC,1000,10%,0.1046236559139785,0.10301075268817204,2,600,0.6,True,True,False,0.4,0.1486265999992611,23,aware-pipeline,4,1
LDPC,1000,10%,0.1046236559139785,0.10301075268817204,3,600,0.6,True,True,False,0.4,0.35232299999915995,17,uniform,4,0
LDPC,1000,10%,0.1046236559139785,0.10301075268817204,3,600,0.6,True,True,False,0.4,0.08848190000207978,9,aware-pipeline,4,0
LDPC,1000,10%,0.1046236559139785,0.10301075268817204,3,600,0.6,True,True,False,0.4,0.11079109999991488,11,uniform,4,1
LDPC,1000,10%,0.1046236559139785,0.10301075268817204,3,600,0.6,True,True,False,0.4,0.09581859999889275,9,aware-pipeline,4,1
LDPC,1000,10%,0.1046236559139785,0.10301075268817204,4,600,0.6,True,True,False,0.4,0.1335600999991584,20,uniform,4,0
LDPC,1000,10%,0.1046236559139785,0.10301075268817204,4,600,0.6,True,True,False,0.4,0.08862760000192793,11,aware-pipeline,4,0
LDPC,1000,10%,0.1046236559139785,0.10301075268817204,4,600,0.6,True,True,False,0.4,0.09454240000195568,14,uniform,4,1
LDPC,1000,10%,0.1046236559139785,0.10301075268817204,4,600,0.6,True,True,False,0.4,0.07087130000218167,8,aware-pipeline,4,1
LDPC,1000,10%,0.1046236559139785,0.10301075268817204,5,600,0.6,True,True,False,0.4,0.07509859999845503,13,uniform,4,0
LDPC,1000,10%,0.1046236559139785,0.10301075268817204,5,600,0.6,True,True,False,0.4,0.08777769999869633,12,aware-pipeline,4,0
LDPC,1000,10%,0.1046236559139785,0.10301075268817204,5,600,0.6,True,True,False,0.4,0.07132369999817456,9,uniform,4,1
LDPC,1000,10%,0.1046236559139785,0.10301075268817204,5,600,0.6,True,True,False,0.4,0.04932600000029197,8,aware-pipeline,4,1
LDPC,1000,10%,0.1046236559139785,0.10301075268817204,6,600,0.6,True,True,False,0.4,0.18644399999902816,34,uniform,4,0
LDPC,1000,10%,0.1046236559139785,0.10301075268817204,6,600,0.6,True,True,False,0.4,0.11627409999709926,18,aware-pipeline,4,0
LDPC,1000,10%,0.1046236559139785,0.10301075268817204,6,600,0.6,False,False,False,0.0,0.566817800001445,120,uniform,4,1
LDPC,1000,10%,0.1046236559139785,0.10301075268817204,6,600,0.6,True,True,False,0.4,0.10710990000006859,27,aware-pipeline,4,1
LDPC,1000,10%,0.1046236559139785,0.10301075268817204,7,600,0.6,True,True,False,0.4,0.22010309999677702,48,uniform,4,0
LDPC,1000,10%,0.1046236559139785,0.10301075268817204,7,600,0.6,True,True,False,0.4,0.063181400000758,11,aware-pipeline,4,0
LDPC,1000,10%,0.1046236559139785,0.10301075268817204,7,600,0.6,True,True,False,0.4,0.06351749999885214,12,uniform,4,1
LDPC,1000,10%,0.1046236559139785,0.10301075268817204,7,600,0.6,True,True,False,0.4,0.052564300000085495,9,aware-pipeline,4,1
LDPC,1000,10%,0.1046236559139785,0.10301075268817204,8,600,0.6,False,False,False,0.0,0.478276800000458,120,uniform,4,0
LDPC,1000,10%,0.1046236559139785,0.10301075268817204,8,600,0.6,True,True,False,0.4,0.10848180000175489,16,aware-pipeline,4,0
LDPC,1000,10%,0.1046236559139785,0.10301075268817204,8,600,0.6,False,False,False,0.0,0.8051121999997122,120,uniform,4,1
LDPC,1000,10%,0.1046236559139785,0.10301075268817204,8,600,0.6,False,False,False,0.0,0.6339888000002247,120,aware-pipeline,4,1
LDPC,1000,10%,0.1046236559139785,0.10301075268817204,9,600,0.6,True,True,False,0.4,0.07830990000002203,12,uniform,4,0
LDPC,1000,10%,0.1046236559139785,0.10301075268817204,9,600,0.6,True,True,False,0.4,0.059994799998094095,10,aware-pipeline,4,0
LDPC,1000,10%,0.1046236559139785,0.10301075268817204,9,600,0.6,True,True,False,0.4,0.2953501000010874,58,uniform,4,1
LDPC,1000,10%,0.1046236559139785,0.10301075268817204,9,600,0.6,True,True,False,0.4,0.07460600000194972,17,aware-pipeline,4,1
LDPC,1000,10%,0.1046236559139785,0.10301075268817204,10,600,0.6,False,False,False,0.0,0.4787520999998378,120,uniform,4,0
LDPC,1000,10%,0.1046236559139785,0.10301075268817204,10,600,0.6,True,True,False,0.4,0.05441419999988284,16,aware-pipeline,4,0
LDPC,1000,10%,0.1046236559139785,0.10301075268817204,10,600,0.6,False,False,False,0.0,0.46931360000235145,120,uniform,4,1
LDPC,1000,10%,0.1046236559139785,0.10301075268817204,10,600,0.6,True,True,False,0.4,0.0706720000016503,17,aware-pipeline,4,1
LDPC,1000,10%,0.1046236559139785,0.10301075268817204,11,600,0.6,True,True,False,0.4,0.30218430000240915,93,uniform,4,0
LDPC,1000,10%,0.1046236559139785,0.10301075268817204,11,600,0.6,True,True,False,0.4,0.04029129999980796,9,aware-pipeline,4,0
LDPC,1000,10%,0.1046236559139785,0.10301075268817204,11,600,0.6,False,False,False,0.0,0.4127814999992552,120,uniform,4,1
LDPC,1000,10%,0.1046236559139785,0.10301075268817204,11,600,0.6,True,True,False,0.4,0.04912089999925229,13,aware-pipeline,4,1
LDPC,1000,10%,0.1046236559139785,0.10301075268817204,12,600,0.6,False,False,False,0.0,0.4022045000019716,120,uniform,4,0
LDPC,1000,10%,0.1046236559139785,0.10301075268817204,12,600,0.6,True,True,False,0.4,0.04767530000026454,12,aware-pipeline,4,0
LDPC,1000,10%,0.1046236559139785,0.10301075268817204,12,600,0.6,True,True,False,0.4,0.06966840000313823,23,uniform,4,1
LDPC,1000,10%,0.1046236559139785,0.10301075268817204,12,600,0.6,True,True,False,0.4,0.05348030000095605,13,aware-pipeline,4,1
LDPC,1000,10%,0.1046236559139785,0.10301075268817204,13,600,0.6,False,False,False,0.0,0.3522412999991502,120,uniform,4,0
LDPC,1000,10%,0.1046236559139785,0.10301075268817204,13,600,0.6,True,True,False,0.4,0.04980410000280244,14,aware-pipeline,4,0
LDPC,1000,10%,0.1046236559139785,0.10301075268817204,13,600,0.6,True,True,False,0.4,0.06600469999830239,19,uniform,4,1
LDPC,1000,10%,0.1046236559139785,0.10301075268817204,13,600,0.6,True,True,False,0.4,0.044711799997458,12,aware-pipeline,4,1
LDPC,1000,10%,0.1046236559139785,0.10301075268817204,14,600,0.6,True,True,False,0.4,0.07680160000018077,19,uniform,4,0
LDPC,1000,10%,0.1046236559139785,0.10301075268817204,14,600,0.6,True,True,False,0.4,0.04138710000188439,11,aware-pipeline,4,0
LDPC,1000,10%,0.1046236559139785,0.10301075268817204,14,600,0.6,True,True,False,0.4,0.06435810000039055,21,uniform,4,1
LDPC,1000,10%,0.1046236559139785,0.10301075268817204,14,600,0.6,True,True,False,0.4,0.040910199997597374,13,aware-pipeline,4,1
LDPC,1000,10%,0.1046236559139785,0.10301075268817204,15,600,0.6,True,True,False,0.4,0.07634070000131032,26,uniform,4,0
LDPC,1000,10%,0.1046236559139785,0.10301075268817204,15,600,0.6,True,True,False,0.4,0.03875800000241725,11,aware-pipeline,4,0
LDPC,1000,10%,0.1046236559139785,0.10301075268817204,15,600,0.6,True,True,False,0.4,0.042862399997829925,15,uniform,4,1
LDPC,1000,10%,0.1046236559139785,0.10301075268817204,15,600,0.6,True,True,False,0.4,0.036029300001246156,11,aware-pipeline,4,1
LDPC,1000,10%,0.1046236559139785,0.10301075268817204,16,600,0.6,True,True,False,0.4,0.03529499999785912,10,uniform,4,0
LDPC,1000,10%,0.1046236559139785,0.10301075268817204,16,600,0.6,True,True,False,0.4,0.045688099999097176,7,aware-pipeline,4,0
LDPC,1000,10%,0.1046236559139785,0.10301075268817204,16,600,0.6,True,True,False,0.4,0.038817100001324434,10,uniform,4,1
LDPC,1000,10%,0.1046236559139785,0.10301075268817204,16,600,0.6,True,True,False,0.4,0.046010099998966325,9,aware-pipeline,4,1
LDPC,1000,10%,0.1046236559139785,0.10301075268817204,17,600,0.6,True,True,False,0.4,0.04477920000135782,11,uniform,4,0
LDPC,1000,10%,0.1046236559139785,0.10301075268817204,17,600,0.6,True,True,False,0.4,0.04083459999674233,10,aware-pipeline,4,0
LDPC,1000,10%,0.1046236559139785,0.10301075268817204,17,600,0.6,True,True,False,0.4,0.15519159999894327,49,uniform,4,1
LDPC,1000,10%,0.1046236559139785,0.10301075268817204,17,600,0.6,True,True,False,0.4,0.03913099999772385,10,aware-pipeline,4,1
LDPC,1000,10%,0.1046236559139785,0.10301075268817204,18,600,0.6,False,False,False,0.0,0.3427088999997068,120,uniform,4,0
LDPC,1000,10%,0.1046236559139785,0.10301075268817204,18,600,0.6,True,True,False,0.4,0.09192669999902137,28,aware-pipeline,4,0
LDPC,1000,10%,0.1046236559139785,0.10301075268817204,18,600,0.6,False,False,False,0.0,0.41773149999789894,120,uniform,4,1
LDPC,1000,10%,0.1046236559139785,0.10301075268817204,18,600,0.6,True,True,False,0.4,0.07296649999989313,21,aware-pipeline,4,1
LDPC,1000,10%,0.1046236559139785,0.10301075268817204,19,600,0.6,False,False,False,0.0,0.40233640000224113,120,uniform,4,0
LDPC,1000,10%,0.1046236559139785,0.10301075268817204,19,600,0.6,True,True,False,0.4,0.5012825999983761,102,aware-pipeline,4,0
LDPC,1000,10%,0.1046236559139785,0.10301075268817204,19,600,0.6,True,True,False,0.4,0.2153690999984974,42,uniform,4,1
LDPC,1000,10%,0.1046236559139785,0.10301075268817204,19,600,0.6,True,True,False,0.4,0.09996409999803291,21,aware-pipeline,4,1
LDPC,1000,10%,0.1046236559139785,0.10301075268817204,20,600,0.6,False,False,False,0.0,0.46924289999878965,120,uniform,4,0
LDPC,1000,10%,0.1046236559139785,0.10301075268817204,20,600,0.6,True,True,False,0.4,0.07320289999915985,15,aware-pipeline,4,0
LDPC,1000,10%,0.1046236559139785,0.10301075268817204,20,600,0.6,False,False,False,0.0,0.49415550000048825,120,uniform,4,1
LDPC,1000,10%,0.1046236559139785,0.10301075268817204,20,600,0.6,True,True,False,0.4,0.05751559999771416,12,aware-pipeline,4,1
LDPC,1000,10%,0.1046236559139785,0.10301075268817204,21,600,0.6,True,True,False,0.4,0.08046509999985574,16,uniform,4,0
LDPC,1000,10%,0.1046236559139785,0.10301075268817204,21,600,0.6,True,True,False,0.4,0.05192240000178572,10,aware-pipeline,4,0
LDPC,1000,10%,0.1046236559139785,0.10301075268817204,21,600,0.6,True,True,False,0.4,0.08338319999893429,16,uniform,4,1
LDPC,1000,10%,0.1046236559139785,0.10301075268817204,21,600,0.6,True,True,False,0.4,0.05265309999958845,9,aware-pipeline,4,1
LDPC,1000,10%,0.1046236559139785,0.10301075268817204,22,600,0.6,True,True,False,0.4,0.08513560000210418,18,uniform,4,0
LDPC,1000,10%,0.1046236559139785,0.10301075268817204,22,600,0.6,True,True,False,0.4,0.07949490000100923,15,aware-pipeline,4,0
LDPC,1000,10%,0.1046236559139785,0.10301075268817204,22,600,0.6,True,True,False,0.4,0.11149250000016764,25,uniform,4,1
LDPC,1000,10%,0.1046236559139785,0.10301075268817204,22,600,0.6,True,True,False,0.4,0.06403570000111358,14,aware-pipeline,4,1
LDPC,1000,10%,0.1046236559139785,0.10301075268817204,23,600,0.6,True,True,False,0.4,0.0746564999972179,16,uniform,4,0
LDPC,1000,10%,0.1046236559139785,0.10301075268817204,23,600,0.6,True,True,False,0.4,0.09188499999800115,14,aware-pipeline,4,0
LDPC,1000,10%,0.1046236559139785,0.10301075268817204,23,600,0.6,True,True,False,0.4,0.11033459999816841,19,uniform,4,1
LDPC,1000,10%,0.1046236559139785,0.10301075268817204,23,600,0.6,True,True,False,0.4,0.06379979999837815,11,aware-pipeline,4,1
LDPC,1000,10%,0.1046236559139785,0.10301075268817204,24,600,0.6,True,True,False,0.4,0.09085749999940163,18,uniform,4,0
LDPC,1000,10%,0.1046236559139785,0.10301075268817204,24,600,0.6,True,True,False,0.4,0.05436310000004596,9,aware-pipeline,4,0
LDPC,1000,10%,0.1046236559139785,0.10301075268817204,24,600,0.6,True,True,False,0.4,0.6710241000000678,118,uniform,4,1
LDPC,1000,10%,0.1046236559139785,0.10301075268817204,24,600,0.6,True,True,False,0.4,0.06183650000093621,11,aware-pipeline,4,1
LDPC,1000,10%,0.1046236559139785,0.10301075268817204,25,600,0.6,False,False,False,0.0,0.4578911999997217,120,uniform,4,0
LDPC,1000,10%,0.1046236559139785,0.10301075268817204,25,600,0.6,True,True,False,0.4,0.24411369999870658,66,aware-pipeline,4,0
LDPC,1000,10%,0.1046236559139785,0.10301075268817204,25,600,0.6,False,False,False,0.0,0.42132979999951203,120,uniform,4,1
LDPC,1000,10%,0.1046236559139785,0.10301075268817204,25,600,0.6,True,True,False,0.4,0.05412430000069435,15,aware-pipeline,4,1
LDPC,1000,10%,0.1046236559139785,0.10301075268817204,26,600,0.6,True,True,False,0.4,0.1481899999998859,42,uniform,4,0
LDPC,1000,10%,0.1046236559139785,0.10301075268817204,26,600,0.6,True,True,False,0.4,0.07314530000076047,14,aware-pipeline,4,0
LDPC,1000,10%,0.1046236559139785,0.10301075268817204,26,600,0.6,True,True,False,0.4,0.09163860000262503,22,uniform,4,1
LDPC,1000,10%,0.1046236559139785,0.10301075268817204,26,600,0.6,True,True,False,0.4,0.05700470000010682,12,aware-pipeline,4,1
LDPC,1000,10%,0.1046236559139785,0.10301075268817204,27,600,0.6,True,True,False,0.4,0.18164279999837163,46,uniform,4,0
LDPC,1000,10%,0.1046236559139785,0.10301075268817204,27,600,0.6,True,True,False,0.4,0.0620667000002868,15,aware-pipeline,4,0
LDPC,1000,10%,0.1046236559139785,0.10301075268817204,27,600,0.6,False,False,False,0.0,0.4262425000015355,120,uniform,4,1
LDPC,1000,10%,0.1046236559139785,0.10301075268817204,27,600,0.6,False,False,False,0.0,0.4243181999991066,120,aware-pipeline,4,1
LDPC,1000,10%,0.1046236559139785,0.10301075268817204,28,600,0.6,True,True,False,0.4,0.19089869999879738,55,uniform,4,0
LDPC,1000,10%,0.1046236559139785,0.10301075268817204,28,600,0.6,True,True,False,0.4,0.04797310000139987,10,aware-pipeline,4,0
LDPC,1000,10%,0.1046236559139785,0.10301075268817204,28,600,0.6,True,True,False,0.4,0.06577570000081323,16,uniform,4,1
LDPC,1000,10%,0.1046236559139785,0.10301075268817204,28,600,0.6,True,True,False,0.4,0.050766600001225015,11,aware-pipeline,4,1
LDPC,1000,10%,0.1046236559139785,0.10301075268817204,29,600,0.6,True,True,False,0.4,0.06573889999708626,17,uniform,4,0
LDPC,1000,10%,0.1046236559139785,0.10301075268817204,29,600,0.6,True,True,False,0.4,0.05401209999763523,12,aware-pipeline,4,0
LDPC,1000,10%,0.1046236559139785,0.10301075268817204,29,600,0.6,True,True,False,0.4,0.059481399999640416,13,uniform,4,1
LDPC,1000,10%,0.1046236559139785,0.10301075268817204,29,600,0.6,True,True,False,0.4,0.056198400001449045,13,aware-pipeline,4,1
LDPC,1000,10%,0.1046236559139785,0.10301075268817204,30,600,0.6,True,True,False,0.4,0.05920630000036908,13,uniform,4,0
LDPC,1000,10%,0.1046236559139785,0.10301075268817204,30,600,0.6,True,True,False,0.4,0.04739180000251508,9,aware-pipeline,4,0
LDPC,1000,10%,0.1046236559139785,0.10301075268817204,30,600,0.6,True,True,False,0.4,0.04238940000141156,8,uniform,4,1
LDPC,1000,10%,0.1046236559139785,0.10301075268817204,30,600,0.6,True,True,False,0.4,0.037921999999525724,6,aware-pipeline,4,1
LDPC,1000,10%,0.1046236559139785,0.10301075268817204,31,600,0.6,True,True,False,0.4,0.08714640000107465,19,uniform,4,0
LDPC,1000,10%,0.1046236559139785,0.10301075268817204,31,600,0.6,True,True,False,0.4,0.0590650000012829,13,aware-pipeline,4,0
LDPC,1000,10%,0.1046236559139785,0.10301075268817204,31,600,0.6,True,True,False,0.4,0.06267719999959809,12,uniform,4,1
LDPC,1000,10%,0.1046236559139785,0.10301075268817204,31,600,0.6,True,True,False,0.4,0.04077260000121896,7,aware-pipeline,4,1
LDPC,1000,10%,0.1046236559139785,0.10301075268817204,32,600,0.6,True,True,False,0.4,0.05032019999998738,10,uniform,4,0
LDPC,1000,10%,0.1046236559139785,0.10301075268817204,32,600,0.6,True,True,False,0.4,0.05168660000344971,8,aware-pipeline,4,0
LDPC,1000,10%,0.1046236559139785,0.10301075268817204,32,600,0.6,True,True,False,0.4,0.05533260000083828,9,uniform,4,1
LDPC,1000,10%,0.1046236559139785,0.10301075268817204,32,600,0.6,True,True,False,0.4,0.056672699996852316,7,aware-pipeline,4,1
LDPC,1000,10%,0.1046236559139785,0.10301075268817204,33,600,0.6,False,False,False,0.0,0.5689739000008558,120,uniform,4,0
LDPC,1000,10%,0.1046236559139785,0.10301075268817204,33,600,0.6,True,True,False,0.4,0.08751900000061141,15,aware-pipeline,4,0
LDPC,1000,10%,0.1046236559139785,0.10301075268817204,33,600,0.6,False,False,False,0.0,0.5879652000003261,120,uniform,4,1
LDPC,1000,10%,0.1046236559139785,0.10301075268817204,33,600,0.6,True,True,False,0.4,0.0706400000017311,15,aware-pipeline,4,1
LDPC,1000,10%,0.1046236559139785,0.10301075268817204,34,600,0.6,True,True,False,0.4,0.05321709999770974,11,uniform,4,0
LDPC,1000,10%,0.1046236559139785,0.10301075268817204,34,600,0.6,True,True,False,0.4,0.04096460000073421,7,aware-pipeline,4,0
LDPC,1000,10%,0.1046236559139785,0.10301075268817204,34,600,0.6,True,True,False,0.4,0.05943029999980354,12,uniform,4,1
LDPC,1000,10%,0.1046236559139785,0.10301075268817204,34,600,0.6,True,True,False,0.4,0.04826130000219564,9,aware-pipeline,4,1
LDPC,1000,10%,0.1046236559139785,0.10301075268817204,35,600,0.6,True,True,False,0.4,0.07466070000009495,18,uniform,4,0
LDPC,1000,10%,0.1046236559139785,0.10301075268817204,35,600,0.6,True,True,False,0.4,0.05433709999851999,11,aware-pipeline,4,0
LDPC,1000,10%,0.1046236559139785,0.10301075268817204,35,600,0.6,True,True,False,0.4,0.07106339999882039,15,uniform,4,1
LDPC,1000,10%,0.1046236559139785,0.10301075268817204,35,600,0.6,True,True,False,0.4,0.04947080000056303,9,aware-pipeline,4,1
LDPC,1000,10%,0.1046236559139785,0.10301075268817204,36,600,0.6,True,True,False,0.4,0.05463419999796315,13,uniform,4,0
LDPC,1000,10%,0.1046236559139785,0.10301075268817204,36,600,0.6,True,True,False,0.4,0.04105659999913769,7,aware-pipeline,4,0
LDPC,1000,10%,0.1046236559139785,0.10301075268817204,36,600,0.6,True,True,False,0.4,0.06780260000232374,15,uniform,4,1
LDPC,1000,10%,0.1046236559139785,0.10301075268817204,36,600,0.6,True,True,False,0.4,0.05339540000204579,10,aware-pipeline,4,1
LDPC,1000,10%,0.1046236559139785,0.10301075268817204,37,600,0.6,True,True,False,0.4,0.11245829999825219,24,uniform,4,0
LDPC,1000,10%,0.1046236559139785,0.10301075268817204,37,600,0.6,True,True,False,0.4,0.05456450000201585,9,aware-pipeline,4,0
LDPC,1000,10%,0.1046236559139785,0.10301075268817204,37,600,0.6,True,True,False,0.4,0.09746629999790457,20,uniform,4,1
LDPC,1000,10%,0.1046236559139785,0.10301075268817204,37,600,0.6,True,True,False,0.4,0.059329100000468316,12,aware-pipeline,4,1
LDPC,1000,10%,0.1046236559139785,0.10301075268817204,38,600,0.6,True,True,False,0.4,0.06053969999993569,14,uniform,4,0
LDPC,1000,10%,0.1046236559139785,0.10301075268817204,38,600,0.6,True,True,False,0.4,0.04905209999924409,10,aware-pipeline,4,0
LDPC,1000,10%,0.1046236559139785,0.10301075268817204,38,600,0.6,True,True,False,0.4,0.16724880000037956,35,uniform,4,1
LDPC,1000,10%,0.1046236559139785,0.10301075268817204,38,600,0.6,True,True,False,0.4,0.062361000000237254,14,aware-pipeline,4,1
LDPC,1000,10%,0.1046236559139785,0.10301075268817204,39,600,0.6,True,True,False,0.4,0.07639210000343155,19,uniform,4,0
LDPC,1000,10%,0.1046236559139785,0.10301075268817204,39,600,0.6,True,True,False,0.4,0.04906949999713106,10,aware-pipeline,4,0
LDPC,1000,10%,0.1046236559139785,0.10301075268817204,39,600,0.6,True,True,False,0.4,0.06589420000091195,14,uniform,4,1
LDPC,1000,10%,0.1046236559139785,0.10301075268817204,39,600,0.6,True,True,False,0.4,0.03886650000276859,8,aware-pipeline,4,1
