method,n,qber_label,p_true,p_est,trial,leaked_bits,syndrome_rate,claimed_success,correct,undetected_error,net_key_fraction,time_s,work_units,variant
LDPC,160,1%,0.009704415954415955,0.009704415954415955,0,32,0.2,True,True,False,0.8,0.0003468999966571573,2,uniform
LDPC,160,1%,0.009704415954415955,0.009704415954415955,0,32,0.2,True,True,False,0.8,0.00025549999918439426,2,aware
GRAND,160,1%,0.009704415954415955,0.009704415954415955,0,29,0.18125,True,True,False,0.81875,0.00464780000038445,12395,uniform
GRAND,160,1%,0.009704415954415955,0.009704415954415955,0,29,0.18125,True,True,False,0.81875,0.0036106000006839167,3300,aware
LDPC,160,1%,0.009704415954415955,0.009704415954415955,1,32,0.2,True,True,False,0.8,0.0002519000008760486,1,uniform
LDPC,160,1%,0.009704415954415955,0.009704415954415955,1,32,0.2,True,True,False,0.8,0.00018939999790745787,1,aware
GRAND,160,1%,0.009704415954415955,0.009704415954415955,1,29,0.18125,True,True,False,0.81875,5.7100001868093386e-05,25,uniform
GRAND,160,1%,0.009704415954415955,0.009704415954415955,1,29,0.18125,True,True,False,0.81875,9.670000144978985e-05,14,aware
LDPC,160,1%,0.009704415954415955,0.009704415954415955,2,32,0.2,True,True,False,0.8,0.00019289999909233302,1,uniform
LDPC,160,1%,0.009704415954415955,0.009704415954415955,2,32,0.2,True,True,False,0.8,0.00017110000044340268,1,aware
GRAND,160,1%,0.009704415954415955,0.009704415954415955,2,29,0.18125,True,True,False,0.81875,6.900000153109431e-05,84,uniform
GRAND,160,1%,0.009704415954415955,0.009704415954415955,2,29,0.18125,True,True,False,0.81875,0.00012589999823831022,45,aware
LDPC,160,1%,0.009704415954415955,0.009704415954415955,3,32,0.2,True,True,False,0.8,0.0013125999976182356,3,uniform
LDPC,160,1%,0.009704415954415955,0.009704415954415955,3,32,0.2,True,True,False,0.8,0.0005190000010770746,3,aware
GRAND,160,1%,0.009704415954415955,0.009704415954415955,3,29,0.18125,True,True,False,0.81875,0.0033251999993808568,7565,uniform
GRAND,160,1%,0.009704415954415955,0.009704415954415955,3,28,0.175,True,True,False,0.825,0.0021379999998316634,1923,aware
LDPC,160,1%,0.009704415954415955,0.009704415954415955,4,32,0.2,True,True,False,0.8,0.0002646000029926654,1,uniform
LDPC,160,1%,0.009704415954415955,0.009704415954415955,4,32,0.2,True,True,False,0.8,0.00018069999714498408,1,aware
GRAND,160,1%,0.009704415954415955,0.009704415954415955,4,29,0.18125,True,True,False,0.81875,7.300000288523734e-05,73,uniform
GRAND,160,1%,0.009704415954415955,0.009704415954415955,4,28,0.175,True,True,False,0.825,0.00010760000077425502,35,aware
LDPC,160,1%,0.009704415954415955,0.009704415954415955,5,32,0.2,True,True,False,0.8,0.00020980000044801272,1,uniform
LDPC,160,1%,0.009704415954415955,0.009704415954415955,5,32,0.2,True,True,False,0.8,0.0001733999997668434,1,aware
GRAND,160,1%,0.009704415954415955,0.009704415954415955,5,29,0.18125,True,True,False,0.81875,7.750000077066943e-05,97,uniform
GRAND,160,1%,0.009704415954415955,0.009704415954415955,5,28,0.175,True,True,False,0.825,0.00011190000077476725,44,aware
LDPC,160,1%,0.009704415954415955,0.009704415954415955,6,32,0.2,True,True,False,0.8,0.0003400999994482845,3,uniform
LDPC,160,1%,0.009704415954415955,0.009704415954415955,6,32,0.2,True,True,False,0.8,0.0003902000025846064,4,aware
GRAND,160,1%,0.009704415954415955,0.009704415954415955,6,29,0.18125,True,True,False,0.81875,0.0009625999991840217,2616,uniform
GRAND,160,1%,0.009704415954415955,0.009704415954415955,6,29,0.18125,True,True,False,0.81875,0.014460899998084642,10550,aware
LDPC,160,1%,0.009704415954415955,0.009704415954415955,7,32,0.2,True,True,False,0.8,0.000261799999861978,1,uniform
LDPC,160,1%,0.009704415954415955,0.009704415954415955,7,32,0.2,True,True,False,0.8,0.00018139999883715063,1,aware
GRAND,160,1%,0.009704415954415955,0.009704415954415955,7,29,0.18125,True,True,False,0.81875,5.810000220662914e-05,14,uniform
GRAND,160,1%,0.009704415954415955,0.009704415954415955,7,29,0.18125,True,True,False,0.81875,8.639999941806309e-05,10,aware
LDPC,160,1%,0.009704415954415955,0.009704415954415955,8,32,0.2,True,True,False,0.8,0.0007593000009364914,1,uniform
LDPC,160,1%,0.009704415954415955,0.009704415954415955,8,32,0.2,True,True,False,0.8,0.00019220000103814527,1,aware
GRAND,160,1%,0.009704415954415955,0.009704415954415955,8,29,0.18125,True,True,False,0.81875,6.970000322326086e-05,43,uniform
GRAND,160,1%,0.009704415954415955,0.009704415954415955,8,29,0.18125,True,True,False,0.81875,0.00010629999815137126,27,aware
LDPC,160,1%,0.009704415954415955,0.009704415954415955,9,32,0.2,True,True,False,0.8,0.00022320000061881728,1,uniform
LDPC,160,1%,0.009704415954415955,0.009704415954415955,9,32,0.2,True,True,False,0.8,0.00017449999722884968,1,aware
GRAND,160,1%,0.009704415954415955,0.009704415954415955,9,29,0.18125,True,True,False,0.81875,0.0003434999998717103,851,uniform
GRAND,160,1%,0.009704415954415955,0.009704415954415955,9,28,0.175,True,True,False,0.825,0.010641199998644879,9173,aware
LDPC,160,1%,0.009704415954415955,0.009704415954415955,10,32,0.2,True,True,False,0.8,0.00043260000165901147,1,uniform
LDPC,160,1%,0.009704415954415955,0.009704415954415955,10,32,0.2,True,True,False,0.8,0.0002144999998563435,1,aware
GRAND,160,1%,0.009704415954415955,0.009704415954415955,10,29,0.18125,True,True,False,0.81875,0.00024299999859067611,154,uniform
GRAND,160,1%,0.009704415954415955,0.009704415954415955,10,28,0.175,True,True,False,0.825,0.00021779999951831996,74,aware
LDPC,160,1%,0.009704415954415955,0.009704415954415955,11,32,0.2,False,False,False,0.0,0.00898349999988568,120,uniform
LDPC,160,1%,0.009704415954415955,0.009704415954415955,11,32,0.2,False,False,False,0.0,0.013434199998300755,120,aware
GRAND,160,1%,0.009704415954415955,0.009704415954415955,11,29,0.18125,True,True,False,0.81875,0.004098000001249602,10694,uniform
GRAND,160,1%,0.009704415954415955,0.009704415954415955,11,28,0.175,True,True,False,0.825,0.004759200000989949,2662,aware
LDPC,160,1%,0.009704415954415955,0.009704415954415955,12,32,0.2,True,True,False,0.8,0.0004234000007272698,3,uniform
LDPC,160,1%,0.009704415954415955,0.009704415954415955,12,32,0.2,True,True,False,0.8,0.0003276999996160157,3,aware
GRAND,160,1%,0.009704415954415955,0.009704415954415955,12,29,0.18125,True,True,False,0.81875,0.001072899998689536,2850,uniform
GRAND,160,1%,0.009704415954415955,0.009704415954415955,12,29,0.18125,True,True,False,0.81875,0.0008994999989226926,750,aware
LDPC,160,1%,0.009704415954415955,0.009704415954415955,13,32,0.2,True,True,False,0.8,0.00036699999691336416,3,uniform
LDPC,160,1%,0.009704415954415955,0.009704415954415955,13,32,0.2,True,True,False,0.8,0.0003924999982700683,4,aware
GRAND,160,1%,0.009704415954415955,0.009704415954415955,13,29,0.18125,True,True,False,0.81875,0.12985119999939343,271856,uniform
GRAND,160,1%,0.009704415954415955,0.009704415954415955,13,29,0.18125,True,True,False,0.81875,0.5511210000004212,376677,aware
LDPC,160,1%,0.009704415954415955,0.009704415954415955,14,32,0.2,True,True,False,0.8,0.0004797000001417473,1,uniform
LDPC,160,1%,0.009704415954415955,0.009704415954415955,14,32,0.2,True,True,False,0.8,0.00023890000011306256,1,aware
GRAND,160,1%,0.009704415954415955,0.009704415954415955,14,29,0.18125,True,True,False,0.81875,5.4799998906673864e-05,1,uniform
GRAND,160,1%,0.009704415954415955,0.009704415954415955,14,28,0.175,True,True,False,0.825,7.77000022935681e-05,1,aware
LDPC,160,1%,0.009704415954415955,0.009704415954415955,15,32,0.2,True,True,False,0.8,0.0006321000000752974,5,uniform
LDPC,160,1%,0.009704415954415955,0.009704415954415955,15,32,0.2,True,True,False,0.8,0.0006080999992263969,4,aware
GRAND,160,1%,0.009704415954415955,0.009704415954415955,15,29,0.18125,True,True,False,0.81875,0.147262899998168,266275,uniform
GRAND,160,1%,0.009704415954415955,0.009704415954415955,15,29,0.18125,True,True,False,0.81875,0.062240199997177115,42616,aware
LDPC,160,1%,0.009704415954415955,0.009704415954415955,16,32,0.2,False,False,False,0.0,0.01676450000013574,120,uniform
LDPC,160,1%,0.009704415954415955,0.009704415954415955,16,32,0.2,False,False,False,0.0,0.012063999998645158,120,aware
GRAND,160,1%,0.009704415954415955,0.009704415954415955,16,29,0.18125,False,False,False,0.0,0.954390599999897,2000000,uniform
GRAND,160,1%,0.009704415954415955,0.009704415954415955,16,29,0.18125,False,False,False,0.0,3.1193305000015243,2000000,aware
LDPC,160,1%,0.009704415954415955,0.009704415954415955,17,32,0.2,True,True,False,0.8,0.0009409999984200113,9,uniform
LDPC,160,1%,0.009704415954415955,0.009704415954415955,17,32,0.2,True,True,False,0.8,0.0005092000028525945,5,aware
GRAND,160,1%,0.009704415954415955,0.009704415954415955,17,29,0.18125,True,True,False,0.81875,0.004063000000314787,6751,uniform
GRAND,160,1%,0.009704415954415955,0.009704415954415955,17,28,0.175,True,True,False,0.825,0.00240259999918635,1393,aware
LDPC,160,1%,0.009704415954415955,0.009704415954415955,18,32,0.2,True,True,False,0.8,0.00027299999783281237,1,uniform
LDPC,160,1%,0.009704415954415955,0.009704415954415955,18,32,0.2,True,True,False,0.8,0.000194500000361586,1,aware
GRAND,160,1%,0.009704415954415955,0.009704415954415955,18,29,0.18125,True,True,False,0.81875,6.919999941601418e-05,46,uniform
GRAND,160,1%,0.009704415954415955,0.009704415954415955,18,29,0.18125,True,True,False,0.81875,0.00010639999891282059,28,aware
LDPC,160,1%,0.009704415954415955,0.009704415954415955,19,32,0.2,True,True,False,0.8,0.006466100003308384,80,uniform
LDPC,160,1%,0.009704415954415955,0.009704415954415955,19,32,0.2,True,True,False,0.8,0.007042799999908311,43,aware
GRAND,160,1%,0.009704415954415955,0.009704415954415955,19,29,0.18125,False,False,False,0.0,0.9661014000012074,2000000,uniform
GRAND,160,1%,0.009704415954415955,0.009704415954415955,19,29,0.18125,True,True,False,0.81875,3.21808510000119,1921303,aware
LDPC,160,1%,0.009704415954415955,0.009704415954415955,20,32,0.2,False,False,False,0.0,0.014484199997241376,120,uniform
LDPC,160,1%,0.009704415954415955,0.009704415954415955,20,32,0.2,False,False,False,0.0,0.012605299998540431,120,aware
GRAND,160,1%,0.009704415954415955,0.009704415954415955,20,29,0.18125,True,True,False,0.81875,0.005209900002228096,10780,uniform
GRAND,160,1%,0.009704415954415955,0.009704415954415955,20,29,0.18125,True,True,False,0.81875,0.003738600000360748,3059,aware
LDPC,160,1%,0.009704415954415955,0.009704415954415955,21,32,0.2,True,True,False,0.8,0.0002781000002869405,1,uniform
LDPC,160,1%,0.009704415954415955,0.009704415954415955,21,32,0.2,True,True,False,0.8,0.0002252000012958888,1,aware
GRAND,160,1%,0.009704415954415955,0.009704415954415955,21,29,0.18125,True,True,False,0.81875,8.149999848683365e-05,55,uniform
GRAND,160,1%,0.009704415954415955,0.009704415954415955,21,29,0.18125,True,True,False,0.81875,0.00010750000001280569,27,aware
LDPC,160,1%,0.009704415954415955,0.009704415954415955,22,32,0.2,True,True,False,0.8,0.00021969999943394214,1,uniform
LDPC,160,1%,0.009704415954415955,0.009704415954415955,22,32,0.2,True,True,False,0.8,0.00020790000053239055,1,aware
GRAND,160,1%,0.009704415954415955,0.009704415954415955,22,29,0.18125,True,True,False,0.81875,4.39000032201875e-05,1,uniform
GRAND,160,1%,0.009704415954415955,0.009704415954415955,22,29,0.18125,True,True,False,0.81875,7.059999916236848e-05,1,aware
LDPC,160,1%,0.009704415954415955,0.009704415954415955,23,32,0.2,False,False,False,0.0,0.010638700001436519,120,uniform
LDPC,160,1%,0.009704415954415955,0.009704415954415955,23,32,0.2,False,False,False,0.0,0.01249909999751253,120,aware
GRAND,160,1%,0.009704415954415955,0.009704415954415955,23,29,0.18125,False,False,False,0.0,1.0020309999999881,2000000,uniform
GRAND,160,1%,0.009704415954415955,0.009704415954415955,23,29,0.18125,False,False,False,0.0,3.464682099998754,2000000,aware
LDPC,160,1%,0.009704415954415955,0.009704415954415955,24,32,0.2,True,True,False,0.8,0.0005172999990463722,1,uniform
LDPC,160,1%,0.009704415954415955,0.009704415954415955,24,32,0.2,True,True,False,0.8,0.0003792000024986919,1,aware
GRAND,160,1%,0.009704415954415955,0.009704415954415955,24,29,0.18125,True,True,False,0.81875,0.00013789999866276048,43,uniform
GRAND,160,1%,0.009704415954415955,0.009704415954415955,24,29,0.18125,True,True,False,0.81875,0.0004334999975981191,102,aware
LDPC,160,1%,0.009704415954415955,0.009704415954415955,25,32,0.2,True,True,False,0.8,0.001034300003084354,1,uniform
LDPC,160,1%,0.009704415954415955,0.009704415954415955,25,32,0.2,True,True,False,0.8,0.0006619999985559843,1,aware
GRAND,160,1%,0.009704415954415955,0.009704415954415955,25,29,0.18125,True,True,False,0.81875,0.0026438999993843026,2379,uniform
GRAND,160,1%,0.009704415954415955,0.009704415954415955,25,28,0.175,True,True,False,0.825,0.0018067999990307726,633,aware
LDPC,160,1%,0.009704415954415955,0.009704415954415955,26,32,0.2,False,False,False,0.0,0.030285000000731088,120,uniform
LDPC,160,1%,0.009704415954415955,0.009704415954415955,26,32,0.2,False,False,False,0.0,0.02680820000023232,120,aware
GRAND,160,1%,0.009704415954415955,0.009704415954415955,26,29,0.18125,False,False,False,0.0,1.2278251000025193,2000000,uniform
GRAND,160,1%,0.009704415954415955,0.009704415954415955,26,29,0.18125,False,False,False,0.0,3.6217604000012216,2000000,aware
LDPC,160,1%,0.009704415954415955,0.009704415954415955,27,32,0.2,True,True,False,0.8,0.000567900002351962,1,uniform
LDPC,160,1%,0.009704415954415955,0.009704415954415955,27,32,0.2,True,True,False,0.8,0.0003646000004664529,1,aware
GRAND,160,1%,0.009704415954415955,0.009704415954415955,27,29,0.18125,True,True,False,0.81875,0.0021290000004228204,3987,uniform
GRAND,160,1%,0.009704415954415955,0.009704415954415955,27,29,0.18125,True,True,False,0.81875,0.001828399999794783,1224,aware
LDPC,160,1%,0.009704415954415955,0.009704415954415955,28,32,0.2,True,True,False,0.8,0.0002778000016405713,1,uniform
LDPC,160,1%,0.009704415954415955,0.009704415954415955,28,32,0.2,True,True,False,0.8,0.0002229999990959186,1,aware
GRAND,160,1%,0.009704415954415955,0.009704415954415955,28,29,0.18125,True,True,False,0.81875,7.870000263210386e-05,61,uniform
GRAND,160,1%,0.009704415954415955,0.009704415954415955,28,28,0.175,True,True,False,0.825,0.00011939999967580661,27,aware
LDPC,160,1%,0.009704415954415955,0.009704415954415955,29,32,0.2,True,True,False,0.8,0.0002252000012958888,1,uniform
LDPC,160,1%,0.009704415954415955,0.009704415954415955,29,32,0.2,True,True,False,0.8,0.00021869999909540638,1,aware
GRAND,160,1%,0.009704415954415955,0.009704415954415955,29,29,0.18125,True,True,False,0.81875,4.470000203582458e-05,1,uniform
GRAND,160,1%,0.009704415954415955,0.009704415954415955,29,28,0.175,True,True,False,0.825,0.0012748999979521614,1,aware
LDPC,160,1%,0.009704415954415955,0.009704415954415955,30,32,0.2,False,False,False,0.0,0.011482300000352552,120,uniform
LDPC,160,1%,0.009704415954415955,0.009704415954415955,30,32,0.2,False,False,False,0.0,0.012889000001450768,120,aware
GRAND,160,1%,0.009704415954415955,0.009704415954415955,30,29,0.18125,False,False,False,0.0,1.0553975000002538,2000000,uniform
GRAND,160,1%,0.009704415954415955,0.009704415954415955,30,29,0.18125,False,False,False,0.0,3.351133200001641,2000000,aware
LDPC,160,1%,0.009704415954415955,0.009704415954415955,31,32,0.2,True,True,False,0.8,0.00029350000113481656,1,uniform
LDPC,160,1%,0.009704415954415955,0.009704415954415955,31,32,0.2,True,True,False,0.8,0.000203800002054777,1,aware
GRAND,160,1%,0.009704415954415955,0.009704415954415955,31,29,0.18125,True,True,False,0.81875,8.029999662539922e-05,55,uniform
GRAND,160,1%,0.009704415954415955,0.009704415954415955,31,29,0.18125,True,True,False,0.81875,0.00012090000018361025,31,aware
LDPC,160,1%,0.009704415954415955,0.009704415954415955,32,32,0.2,True,True,False,0.8,0.0006491000021924265,1,uniform
LDPC,160,1%,0.009704415954415955,0.009704415954415955,32,32,0.2,True,True,False,0.8,0.0002119999990100041,1,aware
GRAND,160,1%,0.009704415954415955,0.009704415954415955,32,29,0.18125,True,True,False,0.81875,0.0038165999976627063,6720,uniform
GRAND,160,1%,0.009704415954415955,0.009704415954415955,32,29,0.18125,True,True,False,0.81875,0.012103299999580486,6903,aware
LDPC,160,1%,0.009704415954415955,0.009704415954415955,33,32,0.2,True,True,False,0.8,0.0003042999996978324,1,uniform
LDPC,160,1%,0.009704415954415955,0.009704415954415955,33,32,0.2,True,True,False,0.8,0.00021460000061779283,1,aware
GRAND,160,1%,0.009704415954415955,0.009704415954415955,33,29,0.18125,True,True,False,0.81875,0.0001472000003559515,144,uniform
GRAND,160,1%,0.009704415954415955,0.009704415954415955,33,29,0.18125,True,True,False,0.81875,0.00016870000035851263,73,aware
LDPC,160,1%,0.009704415954415955,0.009704415954415955,34,32,0.2,True,True,False,0.8,0.00024200000189011917,1,uniform
LDPC,160,1%,0.009704415954415955,0.009704415954415955,34,32,0.2,True,True,False,0.8,0.00020990000120946206,1,aware
GRAND,160,1%,0.009704415954415955,0.009704415954415955,34,29,0.18125,True,True,False,0.81875,4.640000042854808e-05,1,uniform
GRAND,160,1%,0.009704415954415955,0.009704415954415955,34,28,0.175,True,True,False,0.825,7.159999950090423e-05,1,aware
LDPC,160,1%,0.009704415954415955,0.009704415954415955,35,32,0.2,True,True,False,0.8,0.0002193000000261236,1,uniform
LDPC,160,1%,0.009704415954415955,0.009704415954415955,35,32,0.2,True,True,False,0.8,0.00019590000010794029,1,aware
GRAND,160,1%,0.009704415954415955,0.009704415954415955,35,29,0.18125,True,True,False,0.81875,0.006207200000062585,9859,uniform
GRAND,160,1%,0.009704415954415955,0.009704415954415955,35,28,0.175,True,True,False,0.825,0.0031220999990182463,1993,aware
LDPC,160,1%,0.009704415954415955,0.009704415954415955,36,32,0.2,True,True,False,0.8,0.0003543999991961755,1,uniform
LDPC,160,1%,0.009704415954415955,0.009704415954415955,36,32,0.2,True,True,False,0.8,0.00020839999706367962,1,aware
GRAND,160,1%,0.009704415954415955,0.009704415954415955,36,29,0.18125,True,True,False,0.81875,8.140000136336312e-05,55,uniform
GRAND,160,1%,0.009704415954415955,0.009704415954415955,36,29,0.18125,True,True,False,0.81875,0.00011760000052163377,26,aware
LDPC,160,1%,0.009704415954415955,0.009704415954415955,37,32,0.2,True,True,False,0.8,0.0002468999991833698,1,uniform
LDPC,160,1%,0.009704415954415955,0.009704415954415955,37,32,0.2,True,True,False,0.8,0.00019809999866993167,1,aware
GRAND,160,1%,0.009704415954415955,0.009704415954415955,37,29,0.18125,True,True,False,0.81875,4.699999772128649e-05,1,uniform
GRAND,160,1%,0.009704415954415955,0.009704415954415955,37,28,0.175,True,True,False,0.825,7.559999721706845e-05,1,aware
LDPC,160,1%,0.009704415954415955,0.009704415954415955,38,32,0.2,False,False,False,0.0,0.013006000001041684,120,uniform
LDPC,160,1%,0.009704415954415955,0.009704415954415955,38,32,0.2,False,False,False,0.0,0.01322240000081365,120,aware
GRAND,160,1%,0.009704415954415955,0.009704415954415955,38,29,0.18125,False,False,False,0.0,1.1621259999992617,2000000,uniform
GRAND,160,1%,0.009704415954415955,0.009704415954415955,38,28,0.175,False,False,False,0.0,3.5596694000014395,2000000,aware
LDPC,160,1%,0.009704415954415955,0.009704415954415955,39,32,0.2,True,True,False,0.8,0.002971800000523217,5,uniform
LDPC,160,1%,0.009704415954415955,0.009704415954415955,39,32,0.2,True,True,False,0.8,0.001014900000882335,4,aware
GRAND,160,1%,0.009704415954415955,0.009704415954415955,39,29,0.18125,True,True,False,0.81875,0.1909008000002359,323327,uniform
GRAND,160,1%,0.009704415954415955,0.009704415954415955,39,28,0.175,True,True,False,0.825,0.0880832000002556,50739,aware
LDPC,160,1%,0.009704415954415955,0.009704415954415955,40,32,0.2,True,True,False,0.8,0.000671500001772074,4,uniform
LDPC,160,1%,0.009704415954415955,0.009704415954415955,40,32,0.2,True,True,False,0.8,0.0005362000010791235,4,aware
GRAND,160,1%,0.009704415954415955,0.009704415954415955,40,29,0.18125,True,True,False,0.81875,0.0031616000014764722,6741,uniform
GRAND,160,1%,0.009704415954415955,0.009704415954415955,40,28,0.175,True,True,False,0.825,0.01426980000178446,7986,aware
LDPC,160,1%,0.009704415954415955,0.009704415954415955,41,32,0.2,True,True,False,0.8,0.00618650000251364,56,uniform
LDPC,160,1%,0.009704415954415955,0.009704415954415955,41,32,0.2,False,False,False,0.0,0.014837000002444256,120,aware
GRAND,160,1%,0.009704415954415955,0.009704415954415955,41,29,0.18125,False,False,False,0.0,1.0418105999997351,2000000,uniform
GRAND,160,1%,0.009704415954415955,0.009704415954415955,41,29,0.18125,False,False,False,0.0,3.8654906999981904,2000000,aware
LDPC,160,1%,0.009704415954415955,0.009704415954415955,42,32,0.2,True,True,False,0.8,0.0003208999987691641,1,uniform
LDPC,160,1%,0.009704415954415955,0.009704415954415955,42,32,0.2,True,True,False,0.8,0.00022850000095786527,1,aware
GRAND,160,1%,0.009704415954415955,0.009704415954415955,42,29,0.18125,True,True,False,0.81875,5.77000027988106e-05,1,uniform
GRAND,160,1%,0.009704415954415955,0.009704415954415955,42,29,0.18125,True,True,False,0.81875,8.750000051804818e-05,1,aware
LDPC,160,1%,0.009704415954415955,0.009704415954415955,43,32,0.2,True,True,False,0.8,0.0005517000026884489,4,uniform
LDPC,160,1%,0.009704415954415955,0.009704415954415955,43,32,0.2,True,True,False,0.8,0.000603899999987334,3,aware
GRAND,160,1%,0.009704415954415955,0.009704415954415955,43,29,0.18125,True,True,False,0.81875,0.06639990000257967,111005,uniform
GRAND,160,1%,0.009704415954415955,0.009704415954415955,43,29,0.18125,True,True,False,0.81875,0.2199892999997246,130184,aware
LDPC,160,1%,0.009704415954415955,0.009704415954415955,44,32,0.2,True,True,False,0.8,0.00031909999961499125,1,uniform
LDPC,160,1%,0.009704415954415955,0.009704415954415955,44,32,0.2,True,True,False,0.8,0.0003173000004608184,1,aware
GRAND,160,1%,0.009704415954415955,0.009704415954415955,44,29,0.18125,True,True,False,0.81875,0.00033830000029411167,138,uniform
GRAND,160,1%,0.009704415954415955,0.009704415954415955,44,29,0.18125,True,True,False,0.81875,0.0011406000012357254,74,aware
LDPC,160,1%,0.009704415954415955,0.009704415954415955,45,32,0.2,True,True,False,0.8,0.0004504000025917776,2,uniform
LDPC,160,1%,0.009704415954415955,0.009704415954415955,45,32,0.2,True,True,False,0.8,0.000507200002175523,4,aware
GRAND,160,1%,0.009704415954415955,0.009704415954415955,45,29,0.18125,True,True,False,0.81875,0.24797359999865876,360339,uniform
GRAND,160,1%,0.009704415954415955,0.009704415954415955,45,30,0.1875,True,True,False,0.8125,1.8208083999998053,572498,aware
LDPC,160,1%,0.009704415954415955,0.009704415954415955,46,32,0.2,True,True,False,0.8,0.013205200000811601,33,uniform
LDPC,160,1%,0.009704415954415955,0.009704415954415955,46,32,0.2,False,False,False,0.0,0.029988000002049375,120,aware
GRAND,160,1%,0.009704415954415955,0.009704415954415955,46,29,0.18125,True,True,False,0.81875,0.16450479999912204,176457,uniform
GRAND,160,1%,0.009704415954415955,0.009704415954415955,46,28,0.175,True,True,False,0.825,0.34754789999715285,112421,aware
LDPC,160,1%,0.009704415954415955,0.009704415954415955,47,32,0.2,False,False,False,0.0,0.02114879999862751,120,uniform
LDPC,160,1%,0.009704415954415955,0.009704415954415955,47,32,0.2,False,False,False,0.0,0.022749399999156594,120,aware
GRAND,160,1%,0.009704415954415955,0.009704415954415955,47,29,0.18125,False,False,False,0.0,1.3225282000021252,2000000,uniform
GRAND,160,1%,0.009704415954415955,0.009704415954415955,47,29,0.18125,False,False,False,0.0,5.202659799997491,2000000,aware
LDPC,160,1%,0.009704415954415955,0.009704415954415955,48,32,0.2,True,True,False,0.8,0.0010360999986005481,1,uniform
LDPC,160,1%,0.009704415954415955,0.009704415954415955,48,32,0.2,True,True,False,0.8,0.0005118000008224044,1,aware
GRAND,160,1%,0.009704415954415955,0.009704415954415955,48,29,0.18125,True,True,False,0.81875,0.00013670000043930486,1,uniform
GRAND,160,1%,0.009704415954415955,0.009704415954415955,48,29,0.18125,True,True,False,0.81875,0.00019869999960064888,1,aware
LDPC,160,1%,0.009704415954415955,0.009704415954415955,49,32,0.2,True,True,False,0.8,0.00039939999987836927,1,uniform
LDPC,160,1%,0.009704415954415955,0.009704415954415955,49,32,0.2,True,True,False,0.8,0.0002701999983401038,1,aware
GRAND,160,1%,0.009704415954415955,0.009704415954415955,49,29,0.18125,True,True,False,0.81875,6.800000119255856e-05,1,uniform
GRAND,160,1%,0.009704415954415955,0.009704415954415955,49,28,0.175,True,True,False,0.825,0.00047669999912614003,1,aware
LDPC,160,1%,0.009704415954415955,0.009704415954415955,50,32,0.2,True,True,False,0.8,0.00037590000283671543,1,uniform
LDPC,160,1%,0.009704415954415955,0.009704415954415955,50,32,0.2,True,True,False,0.8,0.0002903000022342894,1,aware
GRAND,160,1%,0.009704415954415955,0.009704415954415955,50,29,0.18125,True,True,False,0.81875,7.339999865507707e-05,5,uniform
GRAND,160,1%,0.009704415954415955,0.009704415954415955,50,29,0.18125,True,True,False,0.81875,0.00011610000001383014,6,aware
LDPC,160,1%,0.009704415954415955,0.009704415954415955,51,32,0.2,True,True,False,0.8,0.0003259999975853134,1,uniform
LDPC,160,1%,0.009704415954415955,0.009704415954415955,51,32,0.2,True,True,False,0.8,0.00029210000138846226,1,aware
GRAND,160,1%,0.009704415954415955,0.009704415954415955,51,29,0.18125,True,True,False,0.81875,6.370000119204633e-05,1,uniform
GRAND,160,1%,0.009704415954415955,0.009704415954415955,51,28,0.175,True,True,False,0.825,9.489999865763821e-05,1,aware
LDPC,160,1%,0.009704415954415955,0.009704415954415955,52,32,0.2,True,True,False,0.8,0.0003235000003769528,1,uniform
LDPC,160,1%,0.009704415954415955,0.009704415954415955,52,32,0.2,True,True,False,0.8,0.0009080999989237171,1,aware
GRAND,160,1%,0.009704415954415955,0.009704415954415955,52,29,0.18125,True,True,False,0.81875,0.0003583999969123397,137,uniform
GRAND,160,1%,0.009704415954415955,0.009704415954415955,52,29,0.18125,True,True,False,0.81875,0.0003819999983534217,69,aware
LDPC,160,1%,0.009704415954415955,0.009704415954415955,53,32,0.2,True,True,False,0.8,0.0010227000020677224,3,uniform
LDPC,160,1%,0.009704415954415955,0.009704415954415955,53,32,0.2,True,True,False,0.8,0.0005445999995572492,3,aware
GRAND,160,1%,0.009704415954415955,0.009704415954415955,53,29,0.18125,True,True,False,0.81875,0.0028385999976308085,3864,uniform
GRAND,160,1%,0.009704415954415955,0.009704415954415955,53,29,0.18125,True,True,False,0.81875,0.002089699999487493,984,aware
LDPC,160,1%,0.009704415954415955,0.009704415954415955,54,32,0.2,True,True,False,0.8,0.00033709999843267724,1,uniform
LDPC,160,1%,0.009704415954415955,0.009704415954415955,54,32,0.2,True,True,False,0.8,0.00025910000113071874,1,aware
GRAND,160,1%,0.009704415954415955,0.009704415954415955,54,29,0.18125,True,True,False,0.81875,9.709999721962959e-05,47,uniform
GRAND,160,1%,0.009704415954415955,0.009704415954415955,54,29,0.18125,True,True,False,0.81875,0.00016400000095018186,27,aware
LDPC,160,1%,0.009704415954415955,0.009704415954415955,55,32,0.2,True,True,False,0.8,0.00215829999797279,5,uniform
LDPC,160,1%,0.009704415954415955,0.009704415954415955,55,32,0.2,True,True,False,0.8,0.0009267000023100991,4,aware
GRAND,160,1%,0.009704415954415955,0.009704415954415955,55,29,0.18125,True,True,False,0.81875,0.4137291000006371,589168,uniform
GRAND,160,1%,0.009704415954415955,0.009704415954415955,55,28,0.175,True,True,False,0.825,0.14767489999940153,55567,aware
LDPC,160,1%,0.009704415954415955,0.009704415954415955,56,32,0.2,False,False,False,0.0,0.030642000001535052,120,uniform
LDPC,160,1%,0.009704415954415955,0.009704415954415955,56,32,0.2,True,True,False,0.8,0.008701700000528945,37,aware
GRAND,160,1%,0.009704415954415955,0.009704415954415955,56,29,0.18125,True,True,False,0.81875,0.00014290000035543926,94,uniform
GRAND,160,1%,0.009704415954415955,0.009704415954415955,56,28,0.175,True,True,False,0.825,0.00023150000197347254,48,aware
LDPC,160,1%,0.009704415954415955,0.009704415954415955,57,32,0.2,False,False,False,0.0,0.016909199999645352,120,uniform
LDPC,160,1%,0.009704415954415955,0.009704415954415955,57,32,0.2,True,True,False,0.8,0.0006817000030423515,4,aware
GRAND,160,1%,0.009704415954415955,0.009704415954415955,57,29,0.18125,True,True,False,0.81875,0.009851500002696412,12606,uniform
GRAND,160,1%,0.009704415954415955,0.009704415954415955,57,29,0.18125,True,True,False,0.81875,0.006468699997640215,3987,aware
LDPC,160,1%,0.009704415954415955,0.009704415954415955,58,32,0.2,True,True,False,0.8,0.0009256999983335845,1,uniform
LDPC,160,1%,0.009704415954415955,0.009704415954415955,58,32,0.2,True,True,False,0.8,0.0011994000014965422,1,aware
GRAND,160,1%,0.009704415954415955,0.009704415954415955,58,29,0.18125,True,True,False,0.81875,0.00011029999950551428,1,uniform
GRAND,160,1%,0.009704415954415955,0.009704415954415955,58,29,0.18125,True,True,False,0.81875,0.00041820000114967115,1,aware
LDPC,160,1%,0.009704415954415955,0.009704415954415955,59,32,0.2,False,False,False,0.0,0.018249500000820262,120,uniform
LDPC,160,1%,0.009704415954415955,0.009704415954415955,59,32,0.2,True,True,False,0.8,0.0028904999999213032,23,aware
GRAND,160,1%,0.009704415954415955,0.009704415954415955,59,29,0.18125,False,False,False,0.0,1.4102100999989489,2000000,uniform
GRAND,160,1%,0.009704415954415955,0.009704415954415955,59,29,0.18125,False,False,False,0.0,4.34112869999808,2000000,aware
LDPC,160,1%,0.009704415954415955,0.009704415954415955,60,32,0.2,True,True,False,0.8,0.003257500000472646,8,uniform
LDPC,160,1%,0.009704415954415955,0.009704415954415955,60,32,0.2,True,True,False,0.8,0.002436000002489891,15,aware
GRAND,160,1%,0.009704415954415955,0.009704415954415955,60,29,0.18125,True,True,False,0.81875,0.0011625999977695756,1866,uniform
GRAND,160,1%,0.009704415954415955,0.009704415954415955,60,29,0.18125,True,True,False,0.81875,0.0010671999989426695,634,aware
LDPC,160,1%,0.009704415954415955,0.009704415954415955,61,32,0.2,True,False,True,0.0,0.0039961000002222136,33,uniform
LDPC,160,1%,0.009704415954415955,0.009704415954415955,61,32,0.2,False,False,False,0.0,0.015948100000969134,120,aware
GRAND,160,1%,0.009704415954415955,0.009704415954415955,61,29,0.18125,False,False,False,0.0,1.191734700001689,2000000,uniform
GRAND,160,1%,0.009704415954415955,0.009704415954415955,61,29,0.18125,False,False,False,0.0,4.104781199999707,2000000,aware
LDPC,160,1%,0.009704415954415955,0.009704415954415955,62,32,0.2,True,True,False,0.8,0.0006466000013460871,4,uniform
LDPC,160,1%,0.009704415954415955,0.009704415954415955,62,32,0.2,True,True,False,0.8,0.00033149999944726005,2,aware
GRAND,160,1%,0.009704415954415955,0.009704415954415955,62,29,0.18125,True,True,False,0.81875,0.035794999999779975,67742,uniform
GRAND,160,1%,0.009704415954415955,0.009704415954415955,62,29,0.18125,True,True,False,0.81875,0.032187299999350216,17630,aware
LDPC,160,1%,0.009704415954415955,0.009704415954415955,63,32,0.2,True,True,False,0.8,0.001026300000376068,5,uniform
LDPC,160,1%,0.009704415954415955,0.009704415954415955,63,32,0.2,True,True,False,0.8,0.0006902999994053971,4,aware
GRAND,160,1%,0.009704415954415955,0.009704415954415955,63,29,0.18125,True,True,False,0.81875,0.010485200000402983,12456,uniform
GRAND,160,1%,0.009704415954415955,0.009704415954415955,63,28,0.175,True,True,False,0.825,0.013891400001739385,8626,aware
LDPC,160,1%,0.009704415954415955,0.009704415954415955,64,32,0.2,False,False,False,0.0,0.01649100000213366,120,uniform
LDPC,160,1%,0.009704415954415955,0.009704415954415955,64,32,0.2,False,False,False,0.0,0.016081200003100093,120,aware
GRAND,160,1%,0.009704415954415955,0.009704415954415955,64,29,0.18125,False,False,False,0.0,1.181776000001264,2000000,uniform
GRAND,160,1%,0.009704415954415955,0.009704415954415955,64,29,0.18125,False,False,False,0.0,3.5149481000007654,2000000,aware
LDPC,160,1%,0.009704415954415955,0.009704415954415955,65,32,0.2,True,True,False,0.8,0.00030440000045928173,1,uniform
LDPC,160,1%,0.009704415954415955,0.009704415954415955,65,32,0.2,True,True,False,0.8,0.00021600000036414713,1,aware
GRAND,160,1%,0.009704415954415955,0.009704415954415955,65,29,0.18125,True,True,False,0.81875,0.00010539999857428484,111,uniform
GRAND,160,1%,0.009704415954415955,0.009704415954415955,65,29,0.18125,True,True,False,0.81875,0.00016940000205067918,60,aware
LDPC,160,1%,0.009704415954415955,0.009704415954415955,66,32,0.2,True,True,False,0.8,0.00024980000307550654,1,uniform
LDPC,160,1%,0.009704415954415955,0.009704415954415955,66,32,0.2,True,True,False,0.8,0.00020709999807877466,1,aware
GRAND,160,1%,0.009704415954415955,0.009704415954415955,66,29,0.18125,True,True,False,0.81875,0.004439100001036422,6919,uniform
GRAND,160,1%,0.009704415954415955,0.009704415954415955,66,28,0.175,True,True,False,0.825,0.0029260999981488567,1928,aware
LDPC,160,1%,0.009704415954415955,0.009704415954415955,67,32,0.2,True,True,False,0.8,0.0007513999989896547,6,uniform
LDPC,160,1%,0.009704415954415955,0.009704415954415955,67,32,0.2,True,True,False,0.8,0.000754400000005262,7,aware
GRAND,160,1%,0.009704415954415955,0.009704415954415955,67,29,0.18125,True,True,False,0.81875,0.31889009999940754,651039,uniform
GRAND,160,1%,0.009704415954415955,0.009704415954415955,67,29,0.18125,True,True,False,0.81875,0.8969609000014316,568712,aware
LDPC,160,1%,0.009704415954415955,0.009704415954415955,68,32,0.2,True,True,False,0.8,0.0003451000011409633,1,uniform
LDPC,160,1%,0.009704415954415955,0.009704415954415955,68,32,0.2,True,True,False,0.8,0.00024339999799849465,1,aware
GRAND,160,1%,0.009704415954415955,0.009704415954415955,68,29,0.18125,True,True,False,0.81875,0.0027917000006709713,6027,uniform
GRAND,160,1%,0.009704415954415955,0.009704415954415955,68,29,0.18125,True,True,False,0.81875,0.0031522999997832812,2005,aware
LDPC,160,1%,0.009704415954415955,0.009704415954415955,69,32,0.2,True,True,False,0.8,0.0010551999985182192,1,uniform
LDPC,160,1%,0.009704415954415955,0.009704415954415955,69,32,0.2,True,True,False,0.8,0.0004239999980200082,1,aware
GRAND,160,1%,0.009704415954415955,0.009704415954415955,69,29,0.18125,True,True,False,0.81875,8.499999967170879e-05,1,uniform
GRAND,160,1%,0.009704415954415955,0.009704415954415955,69,29,0.18125,True,True,False,0.81875,0.00017469999875174835,1,aware
LDPC,160,1%,0.009704415954415955,0.009704415954415955,70,32,0.2,True,True,False,0.8,0.0004975000010745134,1,uniform
LDPC,160,1%,0.009704415954415955,0.009704415954415955,70,32,0.2,True,True,False,0.8,0.000410699998610653,1,aware
GRAND,160,1%,0.009704415954415955,0.009704415954415955,70,29,0.18125,True,True,False,0.81875,8.380000144825317e-05,1,uniform
GRAND,160,1%,0.009704415954415955,0.009704415954415955,70,29,0.18125,True,True,False,0.81875,0.0001407999989169184,1,aware
LDPC,160,1%,0.009704415954415955,0.009704415954415955,71,32,0.2,True,True,False,0.8,0.0004302000015741214,1,uniform
LDPC,160,1%,0.009704415954415955,0.009704415954415955,71,32,0.2,True,True,False,0.8,0.00036270000055083074,1,aware
GRAND,160,1%,0.009704415954415955,0.009704415954415955,71,29,0.18125,True,True,False,0.81875,0.00010130000009667128,15,uniform
GRAND,160,1%,0.009704415954415955,0.009704415954415955,71,29,0.18125,True,True,False,0.81875,0.00016930000128922984,13,aware
LDPC,160,1%,0.009704415954415955,0.009704415954415955,72,32,0.2,True,True,False,0.8,0.0007321000011870638,3,uniform
LDPC,160,1%,0.009704415954415955,0.009704415954415955,72,32,0.2,True,True,False,0.8,0.0013935999995737802,5,aware
GRAND,160,1%,0.009704415954415955,0.009704415954415955,72,29,0.18125,True,True,False,0.81875,0.2893173000011302,468911,uniform
GRAND,160,1%,0.009704415954415955,0.009704415954415955,72,28,0.175,True,True,False,0.825,0.29501129999698605,167348,aware
LDPC,160,1%,0.009704415954415955,0.009704415954415955,73,32,0.2,True,True,False,0.8,0.0003288000007160008,1,uniform
LDPC,160,1%,0.009704415954415955,0.009704415954415955,73,32,0.2,True,True,False,0.8,0.00023670000155107118,1,aware
GRAND,160,1%,0.009704415954415955,0.009704415954415955,73,29,0.18125,True,True,False,0.81875,6.239999856916256e-05,1,uniform
GRAND,160,1%,0.009704415954415955,0.009704415954415955,73,29,0.18125,True,True,False,0.81875,8.819999857223593e-05,1,aware
LDPC,160,1%,0.009704415954415955,0.009704415954415955,74,32,0.2,True,True,False,0.8,0.0002808999997796491,1,uniform
LDPC,160,1%,0.009704415954415955,0.009704415954415955,74,32,0.2,True,True,False,0.8,0.0002167999991797842,1,aware
GRAND,160,1%,0.009704415954415955,0.009704415954415955,74,29,0.18125,True,True,False,0.81875,5.06999967910815e-05,1,uniform
GRAND,160,1%,0.009704415954415955,0.009704415954415955,74,28,0.175,True,True,False,0.825,8.329999764100648e-05,1,aware
LDPC,160,1%,0.009704415954415955,0.009704415954415955,75,32,0.2,True,True,False,0.8,0.00024820000180625357,1,uniform
LDPC,160,1%,0.009704415954415955,0.009704415954415955,75,32,0.2,True,True,False,0.8,0.00021259999994072132,1,aware
GRAND,160,1%,0.009704415954415955,0.009704415954415955,75,29,0.18125,True,True,False,0.81875,8.540000271750614e-05,66,uniform
GRAND,160,1%,0.009704415954415955,0.009704415954415955,75,29,0.18125,True,True,False,0.81875,0.00012970000170753337,36,aware
LDPC,160,1%,0.009704415954415955,0.009704415954415955,76,32,0.2,True,True,False,0.8,0.00023879999935161322,1,uniform
LDPC,160,1%,0.009704415954415955,0.009704415954415955,76,32,0.2,True,True,False,0.8,0.00022079999689594842,1,aware
GRAND,160,1%,0.009704415954415955,0.009704415954415955,76,29,0.18125,True,True,False,0.81875,4.9700000090524554e-05,1,uniform
GRAND,160,1%,0.009704415954415955,0.009704415954415955,76,29,0.18125,True,True,False,0.81875,9.299999874201603e-05,1,aware
LDPC,160,1%,0.009704415954415955,0.009704415954415955,77,32,0.2,True,True,False,0.8,0.00022880000324221328,1,uniform
LDPC,160,1%,0.009704415954415955,0.009704415954415955,77,32,0.2,True,True,False,0.8,0.0003042999996978324,1,aware
GRAND,160,1%,0.009704415954415955,0.009704415954415955,77,29,0.18125,True,True,False,0.81875,0.004612199998518918,4378,uniform
GRAND,160,1%,0.009704415954415955,0.009704415954415955,77,29,0.18125,True,True,False,0.81875,0.0026196999970125034,1328,aware
LDPC,160,1%,0.009704415954415955,0.009704415954415955,78,32,0.2,True,True,False,0.8,0.0003279999982623849,1,uniform
LDPC,160,1%,0.009704415954415955,0.009704415954415955,78,32,0.2,True,True,False,0.8,0.00025180000011459924,1,aware
GRAND,160,1%,0.009704415954415955,0.009704415954415955,78,29,0.18125,True,True,False,0.81875,0.004939599999488564,10612,uniform
GRAND,160,1%,0.009704415954415955,0.009704415954415955,78,30,0.1875,True,True,False,0.8125,0.012730099999316735,8125,aware
LDPC,160,1%,0.009704415954415955,0.009704415954415955,79,32,0.2,True,True,False,0.8,0.00033259999690926634,1,uniform
LDPC,160,1%,0.009704415954415955,0.009704415954415955,79,32,0.2,True,True,False,0.8,0.00022760000138077885,1,aware
GRAND,160,1%,0.009704415954415955,0.009704415954415955,79,29,0.18125,True,True,False,0.81875,7.420000110869296e-05,26,uniform
GRAND,160,1%,0.009704415954415955,0.009704415954415955,79,28,0.175,True,True,False,0.825,0.00012490000153775327,13,aware
LDPC,160,1%,0.009704415954415955,0.009704415954415955,80,32,0.2,True,True,False,0.8,0.00025439999808440916,1,uniform
LDPC,160,1%,0.009704415954415955,0.009704415954415955,80,32,0.2,True,True,False,0.8,0.0002147999985027127,1,aware
GRAND,160,1%,0.009704415954415955,0.009704415954415955,80,29,0.18125,True,True,False,0.81875,9.62999984039925e-05,69,uniform
GRAND,160,1%,0.009704415954415955,0.009704415954415955,80,29,0.18125,True,True,False,0.81875,0.00014569999984814785,43,aware
LDPC,160,1%,0.009704415954415955,0.009704415954415955,81,32,0.2,True,True,False,0.8,0.0006642000007559545,1,uniform
LDPC,160,1%,0.009704415954415955,0.009704415954415955,81,32,0.2,True,True,False,0.8,0.00037570000131381676,1,aware
GRAND,160,1%,0.009704415954415955,0.009704415954415955,81,29,0.18125,True,True,False,0.81875,7.750000077066943e-05,1,uniform
GRAND,160,1%,0.009704415954415955,0.009704415954415955,81,29,0.18125,True,True,False,0.81875,0.0001917000008688774,1,aware
LDPC,160,1%,0.009704415954415955,0.009704415954415955,82,32,0.2,True,True,False,0.8,0.00030479999986710027,1,uniform
LDPC,160,1%,0.009704415954415955,0.009704415954415955,82,32,0.2,True,True,False,0.8,0.0002303000001120381,1,aware
GRAND,160,1%,0.009704415954415955,0.009704415954415955,82,29,0.18125,True,True,False,0.81875,0.00011470000026747584,125,uniform
GRAND,160,1%,0.009704415954415955,0.009704415954415955,82,29,0.18125,True,True,False,0.81875,0.0001726000009512063,63,aware
LDPC,160,1%,0.009704415954415955,0.009704415954415955,83,32,0.2,True,True,False,0.8,0.00045790000149281695,1,uniform
LDPC,160,1%,0.009704415954415955,0.009704415954415955,83,32,0.2,True,True,False,0.8,0.00028419999944162555,1,aware
GRAND,160,1%,0.009704415954415955,0.009704415954415955,83,29,0.18125,True,True,False,0.81875,8.429999797954224e-05,1,uniform
GRAND,160,1%,0.009704415954415955,0.009704415954415955,83,29,0.18125,True,True,False,0.81875,0.00019890000112354755,1,aware
LDPC,160,1%,0.009704415954415955,0.009704415954415955,84,32,0.2,True,True,False,0.8,0.00028699999893433414,1,uniform
LDPC,160,1%,0.009704415954415955,0.009704415954415955,84,32,0.2,True,True,False,0.8,0.00022109999918029644,1,aware
GRAND,160,1%,0.009704415954415955,0.009704415954415955,84,29,0.18125,True,True,False,0.81875,5.570000212173909e-05,2,uniform
GRAND,160,1%,0.009704415954415955,0.009704415954415955,84,29,0.18125,True,True,False,0.81875,9.399999908055179e-05,3,aware
LDPC,160,1%,0.009704415954415955,0.009704415954415955,85,32,0.2,True,True,False,0.8,0.0002521999995224178,1,uniform
LDPC,160,1%,0.009704415954415955,0.009704415954415955,85,32,0.2,True,True,False,0.8,0.0002167999991797842,1,aware
GRAND,160,1%,0.009704415954415955,0.009704415954415955,85,29,0.18125,True,True,False,0.81875,5.830000009154901e-05,7,uniform
GRAND,160,1%,0.009704415954415955,0.009704415954415955,85,29,0.18125,True,True,False,0.81875,8.929999967222102e-05,4,aware
LDPC,160,1%,0.009704415954415955,0.009704415954415955,86,32,0.2,True,True,False,0.8,0.0007747000017843675,1,uniform
LDPC,160,1%,0.009704415954415955,0.009704415954415955,86,32,0.2,True,True,False,0.8,0.00036420000105863437,1,aware
GRAND,160,1%,0.009704415954415955,0.009704415954415955,86,29,0.18125,True,True,False,0.81875,0.00023230000078910962,120,uniform
GRAND,160,1%,0.009704415954415955,0.009704415954415955,86,28,0.175,True,True,False,0.825,0.0003015999973285943,67,aware
LDPC,160,1%,0.009704415954415955,0.009704415954415955,87,32,0.2,True,True,False,0.8,0.0003391999998711981,1,uniform
LDPC,160,1%,0.009704415954415955,0.009704415954415955,87,32,0.2,True,True,False,0.8,0.0002539000015531201,1,aware
GRAND,160,1%,0.009704415954415955,0.009704415954415955,87,29,0.18125,True,True,False,0.81875,0.0013752000013482757,2939,uniform
GRAND,160,1%,0.009704415954415955,0.009704415954415955,87,29,0.18125,True,True,False,0.81875,0.0013844000022800174,937,aware
LDPC,160,1%,0.009704415954415955,0.009704415954415955,88,32,0.2,True,True,False,0.8,0.00044580000030691735,3,uniform
LDPC,160,1%,0.009704415954415955,0.009704415954415955,88,32,0.2,True,True,False,0.8,0.00039539999852422625,3,aware
GRAND,160,1%,0.009704415954415955,0.009704415954415955,88,29,0.18125,True,True,False,0.81875,0.0009538000012980774,1900,uniform
GRAND,160,1%,0.009704415954415955,0.009704415954415955,88,29,0.18125,True,True,False,0.81875,0.0007712000005994923,508,aware
LDPC,160,1%,0.009704415954415955,0.009704415954415955,89,32,0.2,True,True,False,0.8,0.0006190999993123114,1,uniform
LDPC,160,1%,0.009704415954415955,0.009704415954415955,89,32,0.2,True,True,False,0.8,0.000990500000625616,1,aware
GRAND,160,1%,0.009704415954415955,0.009704415954415955,89,29,0.18125,True,True,False,0.81875,9.709999721962959e-05,24,uniform
GRAND,160,1%,0.009704415954415955,0.009704415954415955,89,29,0.18125,True,True,False,0.81875,0.00015439999697264284,17,aware
LDPC,160,1%,0.009704415954415955,0.009704415954415955,90,32,0.2,True,True,False,0.8,0.0008678999984113034,1,uniform
LDPC,160,1%,0.009704415954415955,0.009704415954415955,90,32,0.2,True,True,False,0.8,0.0003546999978425447,1,aware
GRAND,160,1%,0.009704415954415955,0.009704415954415955,90,29,0.18125,True,True,False,0.81875,0.00013100000069243833,122,uniform
GRAND,160,1%,0.009704415954415955,0.009704415954415955,90,29,0.18125,True,True,False,0.81875,0.00019769999926211312,62,aware
LDPC,160,1%,0.009704415954415955,0.009704415954415955,91,32,0.2,True,True,False,0.8,0.0002874000019801315,1,uniform
LDPC,160,1%,0.009704415954415955,0.009704415954415955,91,32,0.2,True,True,False,0.8,0.00022119999994174577,1,aware
GRAND,160,1%,0.009704415954415955,0.009704415954415955,91,29,0.18125,True,True,False,0.81875,8.100000195554458e-05,54,uniform
GRAND,160,1%,0.009704415954415955,0.009704415954415955,91,28,0.175,True,True,False,0.825,0.00012730000162264332,26,aware
LDPC,160,1%,0.009704415954415955,0.009704415954415955,92,32,0.2,True,True,False,0.8,0.00029799999902024865,1,uniform
LDPC,160,1%,0.009704415954415955,0.009704415954415955,92,32,0.2,True,True,False,0.8,0.0002243999988422729,1,aware
GRAND,160,1%,0.009704415954415955,0.009704415954415955,92,29,0.18125,True,True,False,0.81875,9.270000009564683e-05,42,uniform
GRAND,160,1%,0.009704415954415955,0.009704415954415955,92,28,0.175,True,True,False,0.825,0.00011630000153672881,19,aware
LDPC,160,1%,0.009704415954415955,0.009704415954415955,93,32,0.2,True,True,False,0.8,0.00024640000265208073,1,uniform
LDPC,160,1%,0.009704415954415955,0.009704415954415955,93,32,0.2,True,True,False,0.8,0.00023749999672872946,1,aware
GRAND,160,1%,0.009704415954415955,0.009704415954415955,93,29,0.18125,True,True,False,0.81875,6.159999975352548e-05,22,uniform
GRAND,160,1%,0.009704415954415955,0.009704415954415955,93,28,0.175,True,True,False,0.825,0.00010449999899719842,10,aware
LDPC,160,1%,0.009704415954415955,0.009704415954415955,94,32,0.2,False,False,False,0.0,0.015594699998473516,120,uniform
LDPC,160,1%,0.009704415954415955,0.009704415954415955,94,32,0.2,False,False,False,0.0,0.01401090000217664,120,aware
GRAND,160,1%,0.009704415954415955,0.009704415954415955,94,29,0.18125,False,False,False,0.0,1.1108797999986564,2000000,uniform
GRAND,160,1%,0.009704415954415955,0.009704415954415955,94,29,0.18125,False,False,False,0.0,3.5745433999982197,2000000,aware
LDPC,160,1%,0.009704415954415955,0.009704415954415955,95,32,0.2,True,True,False,0.8,0.00048439999955007806,3,uniform
LDPC,160,1%,0.009704415954415955,0.009704415954415955,95,32,0.2,True,True,False,0.8,0.001263199999812059,3,aware
GRAND,160,1%,0.009704415954415955,0.009704415954415955,95,29,0.18125,True,True,False,0.81875,0.001264000002265675,2151,uniform
GRAND,160,1%,0.009704415954415955,0.009704415954415955,95,29,0.18125,True,True,False,0.81875,0.0011806000002252404,639,aware
LDPC,160,1%,0.009704415954415955,0.009704415954415955,96,32,0.2,True,True,False,0.8,0.0003766999980143737,1,uniform
LDPC,160,1%,0.009704415954415955,0.009704415954415955,96,32,0.2,True,True,False,0.8,0.0002592000018921681,1,aware
GRAND,160,1%,0.009704415954415955,0.009704415954415955,96,29,0.18125,True,True,False,0.81875,0.00014169999849400483,144,uniform
GRAND,160,1%,0.009704415954415955,0.009704415954415955,96,29,0.18125,True,True,False,0.81875,0.00040389999776380137,76,aware
LDPC,160,1%,0.009704415954415955,0.009704415954415955,97,32,0.2,True,True,False,0.8,0.00043120000191265717,1,uniform
LDPC,160,1%,0.009704415954415955,0.009704415954415955,97,32,0.2,True,True,False,0.8,0.0003550000001268927,1,aware
GRAND,160,1%,0.009704415954415955,0.009704415954415955,97,29,0.18125,True,True,False,0.81875,0.00012419999984558672,56,uniform
GRAND,160,1%,0.009704415954415955,0.009704415954415955,97,29,0.18125,True,True,False,0.81875,0.00020199999926262535,35,aware
LDPC,160,1%,0.009704415954415955,0.009704415954415955,98,32,0.2,True,True,False,0.8,0.0002272000019729603,1,uniform
LDPC,160,1%,0.009704415954415955,0.009704415954415955,98,32,0.2,True,True,False,0.8,0.00019469999824650586,1,aware
GRAND,160,1%,0.009704415954415955,0.009704415954415955,98,29,0.18125,True,True,False,0.81875,4.4699998397845775e-05,1,uniform
GRAND,160,1%,0.009704415954415955,0.009704415954415955,98,29,0.18125,True,True,False,0.81875,7.230000119307078e-05,1,aware
LDPC,160,1%,0.009704415954415955,0.009704415954415955,99,32,0.2,True,True,False,0.8,0.0002294000005349517,1,uniform
LDPC,160,1%,0.009704415954415955,0.009704415954415955,99,32,0.2,True,True,False,0.8,0.0001967999996850267,1,aware
GRAND,160,1%,0.009704415954415955,0.009704415954415955,99,29,0.18125,True,True,False,0.81875,6.84000006003771e-05,52,uniform
GRAND,160,1%,0.009704415954415955,0.009704415954415955,99,28,0.175,True,True,False,0.825,0.00020479999875533395,101,aware
LDPC,160,1%,0.009704415954415955,0.009704415954415955,100,32,0.2,True,True,False,0.8,0.0005206000023463275,1,uniform
LDPC,160,1%,0.009704415954415955,0.009704415954415955,100,32,0.2,True,True,False,0.8,0.0004636000012396835,1,aware
GRAND,160,1%,0.009704415954415955,0.009704415954415955,100,29,0.18125,True,True,False,0.81875,0.00014069999815546907,1,uniform
GRAND,160,1%,0.009704415954415955,0.009704415954415955,100,28,0.175,True,True,False,0.825,0.0002763999982562382,1,aware
LDPC,160,1%,0.009704415954415955,0.009704415954415955,101,32,0.2,True,True,False,0.8,0.0003068999976676423,1,uniform
LDPC,160,1%,0.009704415954415955,0.009704415954415955,101,32,0.2,True,True,False,0.8,0.0002170999978261534,1,aware
GRAND,160,1%,0.009704415954415955,0.009704415954415955,101,29,0.18125,True,True,False,0.81875,0.00010730000212788582,109,uniform
GRAND,160,1%,0.009704415954415955,0.009704415954415955,101,29,0.18125,True,True,False,0.81875,0.0001947999990079552,55,aware
LDPC,160,1%,0.009704415954415955,0.009704415954415955,102,32,0.2,True,True,False,0.8,0.0005157999985385686,3,uniform
LDPC,160,1%,0.009704415954415955,0.009704415954415955,102,32,0.2,True,True,False,0.8,0.00041090000013355166,3,aware
GRAND,160,1%,0.009704415954415955,0.009704415954415955,102,29,0.18125,True,True,False,0.81875,0.004312400000344496,9864,uniform
GRAND,160,1%,0.009704415954415955,0.009704415954415955,102,29,0.18125,True,True,False,0.81875,0.0030890000016370323,2452,aware
LDPC,160,1%,0.009704415954415955,0.009704415954415955,103,32,0.2,True,True,False,0.8,0.0012786000006599352,8,uniform
LDPC,160,1%,0.009704415954415955,0.009704415954415955,103,32,0.2,True,False,True,0.0,0.0009229999996023253,7,aware
GRAND,160,1%,0.009704415954415955,0.009704415954415955,103,29,0.18125,True,True,False,0.81875,0.0035225999999966007,6753,uniform
GRAND,160,1%,0.009704415954415955,0.009704415954415955,103,28,0.175,True,True,False,0.825,0.0016516999967279844,1154,aware
LDPC,160,1%,0.009704415954415955,0.009704415954415955,104,32,0.2,True,True,False,0.8,0.00028759999986505136,1,uniform
LDPC,160,1%,0.009704415954415955,0.009704415954415955,104,32,0.2,True,True,False,0.8,0.0002310999989276752,1,aware
GRAND,160,1%,0.009704415954415955,0.009704415954415955,104,29,0.18125,True,True,False,0.81875,4.940000144415535e-05,1,uniform
GRAND,160,1%,0.009704415954415955,0.009704415954415955,104,28,0.175,True,True,False,0.825,7.6299998909235e-05,1,aware
LDPC,160,1%,0.009704415954415955,0.009704415954415955,105,32,0.2,True,True,False,0.8,0.00023990000045159832,1,uniform
LDPC,160,1%,0.009704415954415955,0.009704415954415955,105,32,0.2,True,True,False,0.8,0.00020769999900949188,1,aware
GRAND,160,1%,0.009704415954415955,0.009704415954415955,105,29,0.18125,True,True,False,0.81875,8.590000288677402e-05,61,uniform
GRAND,160,1%,0.009704415954415955,0.009704415954415955,105,28,0.175,True,True,False,0.825,0.0001109000004362315,27,aware
LDPC,160,1%,0.009704415954415955,0.009704415954415955,106,32,0.2,True,True,False,0.8,0.00024390000180574134,1,uniform
LDPC,160,1%,0.009704415954415955,0.009704415954415955,106,32,0.2,True,True,False,0.8,0.000269199998001568,1,aware
GRAND,160,1%,0.009704415954415955,0.009704415954415955,106,29,0.18125,True,True,False,0.81875,7.800000093993731e-05,1,uniform
GRAND,160,1%,0.009704415954415955,0.009704415954415955,106,29,0.18125,True,True,False,0.81875,0.00020049999875482172,1,aware
LDPC,160,1%,0.009704415954415955,0.009704415954415955,107,32,0.2,True,True,False,0.8,0.001290200001676567,3,uniform
LDPC,160,1%,0.009704415954415955,0.009704415954415955,107,32,0.2,True,True,False,0.8,0.0008463999984087422,3,aware
GRAND,160,1%,0.009704415954415955,0.009704415954415955,107,29,0.18125,True,True,False,0.81875,0.003908999999111984,8937,uniform
GRAND,160,1%,0.009704415954415955,0.009704415954415955,107,28,0.175,True,True,False,0.825,0.010661200001777615,7900,aware
LDPC,160,1%,0.009704415954415955,0.009704415954415955,108,32,0.2,True,True,False,0.8,0.0002946999993582722,1,uniform
LDPC,160,1%,0.009704415954415955,0.009704415954415955,108,32,0.2,True,True,False,0.8,0.00020880000010947697,1,aware
GRAND,160,1%,0.009704415954415955,0.009704415954415955,108,29,0.18125,True,True,False,0.81875,5.280000186758116e-05,1,uniform
GRAND,160,1%,0.009704415954415955,0.009704415954415955,108,28,0.175,True,True,False,0.825,8.200000229408033e-05,1,aware
LDPC,160,1%,0.009704415954415955,0.009704415954415955,109,32,0.2,True,True,False,0.8,0.00023539999892818742,1,uniform
LDPC,160,1%,0.009704415954415955,0.009704415954415955,109,32,0.2,True,True,False,0.8,0.00020649999714805745,1,aware
GRAND,160,1%,0.009704415954415955,0.009704415954415955,109,29,0.18125,True,True,False,0.81875,4.949999856762588e-05,1,uniform
GRAND,160,1%,0.009704415954415955,0.009704415954415955,109,28,0.175,True,True,False,0.825,7.529999857069924e-05,1,aware
LDPC,160,1%,0.009704415954415955,0.009704415954415955,110,32,0.2,True,True,False,0.8,0.00022850000095786527,1,uniform
LDPC,160,1%,0.009704415954415955,0.009704415954415955,110,32,0.2,True,True,False,0.8,0.00019560000146157108,1,aware
GRAND,160,1%,0.009704415954415955,0.009704415954415955,110,29,0.18125,True,True,False,0.81875,4.479999915929511e-05,1,uniform
GRAND,160,1%,0.009704415954415955,0.009704415954415955,110,29,0.18125,True,True,False,0.81875,7.459999687853269e-05,1,aware
LDPC,160,1%,0.009704415954415955,0.009704415954415955,111,32,0.2,True,True,False,0.8,0.00022259999968810007,1,uniform
LDPC,160,1%,0.009704415954415955,0.009704415954415955,111,32,0.2,True,True,False,0.8,0.00019410000095376745,1,aware
GRAND,160,1%,0.009704415954415955,0.009704415954415955,111,29,0.18125,True,True,False,0.81875,4.399999670567922e-05,1,uniform
GRAND,160,1%,0.009704415954415955,0.009704415954415955,111,29,0.18125,True,True,False,0.81875,7.2900002123788e-05,1,aware
LDPC,160,1%,0.009704415954415955,0.009704415954415955,112,32,0.2,False,False,False,0.0,0.01564180000059423,120,uniform
LDPC,160,1%,0.009704415954415955,0.009704415954415955,112,32,0.2,False,False,False,0.0,0.012763999999151565,120,aware
GRAND,160,1%,0.009704415954415955,0.009704415954415955,112,29,0.18125,True,True,False,0.81875,0.20421260000148322,429514,uniform
GRAND,160,1%,0.009704415954415955,0.009704415954415955,112,28,0.175,True,True,False,0.825,0.32457720000093104,216883,aware
LDPC,160,1%,0.009704415954415955,0.009704415954415955,113,32,0.2,True,True,False,0.8,0.0007541999984823633,3,uniform
LDPC,160,1%,0.009704415954415955,0.009704415954415955,113,32,0.2,True,True,False,0.8,0.0009194999984174501,2,aware
GRAND,160,1%,0.009704415954415955,0.009704415954415955,113,29,0.18125,True,True,False,0.81875,0.004411800000525545,8177,uniform
GRAND,160,1%,0.009704415954415955,0.009704415954415955,113,29,0.18125,True,True,False,0.81875,0.015498000000661705,7831,aware
LDPC,160,1%,0.009704415954415955,0.009704415954415955,114,32,0.2,True,True,False,0.8,0.00036529999852064066,1,uniform
LDPC,160,1%,0.009704415954415955,0.009704415954415955,114,32,0.2,True,True,False,0.8,0.00028670000028796494,1,aware
GRAND,160,1%,0.009704415954415955,0.009704415954415955,114,29,0.18125,True,True,False,0.81875,0.00011240000094403513,74,uniform
GRAND,160,1%,0.009704415954415955,0.009704415954415955,114,28,0.175,True,True,False,0.825,0.00015530000018770806,31,aware
LDPC,160,1%,0.009704415954415955,0.009704415954415955,115,32,0.2,True,True,False,0.8,0.000302100001135841,1,uniform
LDPC,160,1%,0.009704415954415955,0.009704415954415955,115,32,0.2,True,True,False,0.8,0.000893000000360189,1,aware
GRAND,160,1%,0.009704415954415955,0.009704415954415955,115,29,0.18125,True,True,False,0.81875,0.0003696999992826022,156,uniform
GRAND,160,1%,0.009704415954415955,0.009704415954415955,115,29,0.18125,True,True,False,0.81875,0.0003103000017290469,83,aware
LDPC,160,1%,0.009704415954415955,0.009704415954415955,116,32,0.2,True,True,False,0.8,0.0007990000012796372,2,uniform
LDPC,160,1%,0.009704415954415955,0.009704415954415955,116,32,0.2,True,True,False,0.8,0.0010469999979250133,4,aware
GRAND,160,1%,0.009704415954415955,0.009704415954415955,116,29,0.18125,True,True,False,0.81875,0.24940159999823663,412438,uniform
GRAND,160,1%,0.009704415954415955,0.009704415954415955,116,29,0.18125,True,True,False,0.81875,0.0961953000005451,56836,aware
LDPC,160,1%,0.009704415954415955,0.009704415954415955,117,32,0.2,False,False,False,0.0,0.01432609999756096,120,uniform
LDPC,160,1%,0.009704415954415955,0.009704415954415955,117,32,0.2,False,False,False,0.0,0.011601800000789808,120,aware
GRAND,160,1%,0.009704415954415955,0.009704415954415955,117,29,0.18125,False,False,False,0.0,1.0789087000011932,2000000,uniform
GRAND,160,1%,0.009704415954415955,0.009704415954415955,117,28,0.175,False,False,False,0.0,3.414975499999855,2000000,aware
LDPC,160,1%,0.009704415954415955,0.009704415954415955,118,32,0.2,True,True,False,0.8,0.0017565000016475096,10,uniform
LDPC,160,1%,0.009704415954415955,0.009704415954415955,118,32,0.2,True,True,False,0.8,0.00048489999971934594,3,aware
GRAND,160,1%,0.009704415954415955,0.009704415954415955,118,29,0.18125,True,True,False,0.81875,0.19368390000090585,349578,uniform
GRAND,160,1%,0.009704415954415955,0.009704415954415955,118,29,0.18125,True,True,False,0.81875,0.09687640000265674,61172,aware
LDPC,160,1%,0.009704415954415955,0.009704415954415955,119,32,0.2,True,True,False,0.8,0.00036809999801334925,1,uniform
LDPC,160,1%,0.009704415954415955,0.009704415954415955,119,32,0.2,True,True,False,0.8,0.0007602999976370484,1,aware
GRAND,160,1%,0.009704415954415955,0.009704415954415955,119,29,0.18125,True,True,False,0.81875,7.109999933163635e-05,1,uniform
GRAND,160,1%,0.009704415954415955,0.009704415954415955,119,29,0.18125,True,True,False,0.81875,0.0003198000013071578,1,aware
LDPC,192,1%,0.009704415954415955,0.009704415954415955,0,72,0.375,True,True,False,0.625,0.00045200000022305176,1,uniform
LDPC,192,1%,0.009704415954415955,0.009704415954415955,0,72,0.375,True,True,False,0.625,0.000931700000364799,1,aware
GRAND,192,1%,0.009704415954415955,0.009704415954415955,0,32,0.16666666666666666,True,True,False,0.8333333333333334,0.00803259999884176,14107,uniform
GRAND,192,1%,0.009704415954415955,0.009704415954415955,0,31,0.16145833333333334,True,True,False,0.8385416666666666,0.006058599999960279,3792,aware
LDPC,192,1%,0.009704415954415955,0.009704415954415955,1,72,0.375,True,True,False,0.625,0.000818000000435859,1,uniform
LDPC,192,1%,0.009704415954415955,0.009704415954415955,1,72,0.375,True,True,False,0.625,0.0004523999996308703,1,aware
GRAND,192,1%,0.009704415954415955,0.009704415954415955,1,32,0.16666666666666666,True,True,False,0.8333333333333334,0.008631800003058743,15880,uniform
GRAND,192,1%,0.009704415954415955,0.009704415954415955,1,31,0.16145833333333334,True,True,False,0.8385416666666666,0.007539599999290658,3647,aware
LDPC,192,1%,0.009704415954415955,0.009704415954415955,2,72,0.375,True,True,False,0.625,0.0004351999996288214,1,uniform
LDPC,192,1%,0.009704415954415955,0.009704415954415955,2,72,0.375,True,True,False,0.625,0.00032300000020768493,1,aware
GRAND,192,1%,0.009704415954415955,0.009704415954415955,2,32,0.16666666666666666,True,True,False,0.8333333333333334,0.4047434999993129,683121,uniform
GRAND,192,1%,0.009704415954415955,0.009704415954415955,2,30,0.15625,True,True,False,0.84375,0.39050029999998515,230987,aware
LDPC,192,1%,0.009704415954415955,0.009704415954415955,3,72,0.375,False,False,False,0.0,0.018840099997760262,120,uniform
LDPC,192,1%,0.009704415954415955,0.009704415954415955,3,72,0.375,True,True,False,0.625,0.002200400002038805,14,aware
GRAND,192,1%,0.009704415954415955,0.009704415954415955,3,32,0.16666666666666666,True,True,False,0.8333333333333334,0.04266020000068238,67745,uniform
GRAND,192,1%,0.009704415954415955,0.009704415954415955,3,31,0.16145833333333334,True,True,False,0.8385416666666666,0.6802577999987989,392285,aware
LDPC,192,1%,0.009704415954415955,0.009704415954415955,4,72,0.375,True,True,False,0.625,0.0004321000014897436,1,uniform
LDPC,192,1%,0.009704415954415955,0.009704415954415955,4,72,0.375,True,True,False,0.625,0.0003620999996201135,1,aware
GRAND,192,1%,0.009704415954415955,0.009704415954415955,4,32,0.16666666666666666,True,True,False,0.8333333333333334,0.00016450000111944973,168,uniform
GRAND,192,1%,0.009704415954415955,0.009704415954415955,4,31,0.16145833333333334,True,True,False,0.8385416666666666,0.00027010000121663325,88,aware
LDPC,192,1%,0.009704415954415955,0.009704415954415955,5,72,0.375,True,True,False,0.625,0.0003744999994523823,1,uniform
LDPC,192,1%,0.009704415954415955,0.009704415954415955,5,72,0.375,True,True,False,0.625,0.00033970000004046597,1,aware
GRAND,192,1%,0.009704415954415955,0.009704415954415955,5,32,0.16666666666666666,True,True,False,0.8333333333333334,5.9699999837903306e-05,1,uniform
GRAND,192,1%,0.009704415954415955,0.009704415954415955,5,31,0.16145833333333334,True,True,False,0.8385416666666666,9.32000002649147e-05,1,aware
LDPC,192,1%,0.009704415954415955,0.009704415954415955,6,72,0.375,True,True,False,0.625,0.0003713999976753257,1,uniform
LDPC,192,1%,0.009704415954415955,0.009704415954415955,6,72,0.375,True,True,False,0.625,0.0003242999991925899,1,aware
GRAND,192,1%,0.009704415954415955,0.009704415954415955,6,32,0.16666666666666666,True,True,False,0.8333333333333334,0.0001277999981539324,95,uniform
GRAND,192,1%,0.009704415954415955,0.009704415954415955,6,32,0.16666666666666666,True,True,False,0.8333333333333334,0.00017179999849759042,57,aware
LDPC,192,1%,0.009704415954415955,0.009704415954415955,7,72,0.375,True,True,False,0.625,0.00036980000004405156,1,uniform
LDPC,192,1%,0.009704415954415955,0.009704415954415955,7,72,0.375,True,True,False,0.625,0.00031320000198320486,1,aware
GRAND,192,1%,0.009704415954415955,0.009704415954415955,7,32,0.16666666666666666,True,True,False,0.8333333333333334,0.19882829999914975,308014,uniform
GRAND,192,1%,0.009704415954415955,0.009704415954415955,7,32,0.16666666666666666,True,True,False,0.8333333333333334,0.14745390000098269,57258,aware
LDPC,192,1%,0.009704415954415955,0.009704415954415955,8,72,0.375,True,True,False,0.625,0.0004692999973485712,1,uniform
LDPC,192,1%,0.009704415954415955,0.009704415954415955,8,72,0.375,True,True,False,0.625,0.0003710999990289565,1,aware
GRAND,192,1%,0.009704415954415955,0.009704415954415955,8,32,0.16666666666666666,True,True,False,0.8333333333333334,0.0038090000016381964,6023,uniform
GRAND,192,1%,0.009704415954415955,0.009704415954415955,8,31,0.16145833333333334,True,True,False,0.8385416666666666,0.003419900000153575,1584,aware
LDPC,192,1%,0.009704415954415955,0.009704415954415955,9,72,0.375,True,True,False,0.625,0.0004451000022527296,1,uniform
LDPC,192,1%,0.009704415954415955,0.009704415954415955,9,72,0.375,True,True,False,0.625,0.0003494000011414755,1,aware
GRAND,192,1%,0.009704415954415955,0.009704415954415955,9,32,0.16666666666666666,True,True,False,0.8333333333333334,0.009942799999407725,16290,uniform
GRAND,192,1%,0.009704415954415955,0.009704415954415955,9,31,0.16145833333333334,True,True,False,0.8385416666666666,0.0077485000001615845,4602,aware
LDPC,192,1%,0.009704415954415955,0.009704415954415955,10,72,0.375,True,True,False,0.625,0.00046180000208551064,1,uniform
LDPC,192,1%,0.009704415954415955,0.009704415954415955,10,72,0.375,True,True,False,0.625,0.00035149999894201756,1,aware
GRAND,192,1%,0.009704415954415955,0.009704415954415955,10,32,0.16666666666666666,False,False,False,0.0,1.2359723999979906,2000000,uniform
GRAND,192,1%,0.009704415954415955,0.009704415954415955,10,31,0.16145833333333334,True,True,False,0.8385416666666666,4.063322699999844,1565174,aware
LDPC,192,1%,0.009704415954415955,0.009704415954415955,11,72,0.375,True,True,False,0.625,0.0004214000000501983,1,uniform
LDPC,192,1%,0.009704415954415955,0.009704415954415955,11,72,0.375,True,True,False,0.625,0.0003333999993628822,1,aware
GRAND,192,1%,0.009704415954415955,0.009704415954415955,11,32,0.16666666666666666,True,True,False,0.8333333333333334,6.800000119255856e-05,1,uniform
GRAND,192,1%,0.009704415954415955,0.009704415954415955,11,31,0.16145833333333334,True,True,False,0.8385416666666666,0.00010250000195810571,1,aware
LDPC,192,1%,0.009704415954415955,0.009704415954415955,12,72,0.375,True,True,False,0.625,0.0007752000019536354,1,uniform
LDPC,192,1%,0.009704415954415955,0.009704415954415955,12,72,0.375,True,True,False,0.625,0.0006236000008357223,1,aware
GRAND,192,1%,0.009704415954415955,0.009704415954415955,12,32,0.16666666666666666,True,True,False,0.8333333333333334,0.000307099999190541,167,uniform
GRAND,192,1%,0.009704415954415955,0.009704415954415955,12,31,0.16145833333333334,True,True,False,0.8385416666666666,0.0009565000000293367,181,aware
LDPC,192,1%,0.009704415954415955,0.009704415954415955,13,72,0.375,True,True,False,0.625,0.0007020999983069487,1,uniform
LDPC,192,1%,0.009704415954415955,0.009704415954415955,13,72,0.375,True,True,False,0.625,0.00034020000020973384,1,aware
GRAND,192,1%,0.009704415954415955,0.009704415954415955,13,32,0.16666666666666666,True,True,False,0.8333333333333334,0.007311299999855692,9465,uniform
GRAND,192,1%,0.009704415954415955,0.009704415954415955,13,31,0.16145833333333334,True,True,False,0.8385416666666666,0.006621099997573765,2787,aware
LDPC,192,1%,0.009704415954415955,0.009704415954415955,14,72,0.375,True,True,False,0.625,0.0007232999996631406,3,uniform
LDPC,192,1%,0.009704415954415955,0.009704415954415955,14,72,0.375,True,True,False,0.625,0.0005854999981238507,3,aware
GRAND,192,1%,0.009704415954415955,0.009704415954415955,14,32,0.16666666666666666,False,False,False,0.0,1.1609165999980178,2000000,uniform
GRAND,192,1%,0.009704415954415955,0.009704415954415955,14,31,0.16145833333333334,False,False,False,0.0,4.116086500001984,2000000,aware
LDPC,192,1%,0.009704415954415955,0.009704415954415955,15,72,0.375,False,False,False,0.0,0.018105799998011207,120,uniform
LDPC,192,1%,0.009704415954415955,0.009704415954415955,15,72,0.375,True,True,False,0.625,0.001968799999303883,14,aware
GRAND,192,1%,0.009704415954415955,0.009704415954415955,15,32,0.16666666666666666,True,True,False,0.8333333333333334,0.00013579999722423963,102,uniform
GRAND,192,1%,0.009704415954415955,0.009704415954415955,15,31,0.16145833333333334,True,True,False,0.8385416666666666,0.00020669999867095612,52,aware
LDPC,192,1%,0.009704415954415955,0.009704415954415955,16,72,0.375,True,True,False,0.625,0.0004034999983559828,1,uniform
LDPC,192,1%,0.009704415954415955,0.009704415954415955,16,72,0.375,True,True,False,0.625,0.00034619999860296957,1,aware
GRAND,192,1%,0.009704415954415955,0.009704415954415955,16,32,0.16666666666666666,True,True,False,0.8333333333333334,0.00011230000018258579,79,uniform
GRAND,192,1%,0.009704415954415955,0.009704415954415955,16,30,0.15625,True,True,False,0.84375,0.00016370000230381265,32,aware
LDPC,192,1%,0.009704415954415955,0.009704415954415955,17,72,0.375,True,True,False,0.625,0.0003722000001289416,1,uniform
LDPC,192,1%,0.009704415954415955,0.009704415954415955,17,72,0.375,True,True,False,0.625,0.0003419999993639067,1,aware
GRAND,192,1%,0.009704415954415955,0.009704415954415955,17,32,0.16666666666666666,True,True,False,0.8333333333333334,6.329999814624898e-05,1,uniform
GRAND,192,1%,0.009704415954415955,0.009704415954415955,17,31,0.16145833333333334,True,True,False,0.8385416666666666,9.970000246539712e-05,1,aware
LDPC,192,1%,0.009704415954415955,0.009704415954415955,18,72,0.375,True,True,False,0.625,0.0007517999983974732,1,uniform
LDPC,192,1%,0.009704415954415955,0.009704415954415955,18,72,0.375,True,True,False,0.625,0.0004374999989522621,1,aware
GRAND,192,1%,0.009704415954415955,0.009704415954415955,18,32,0.16666666666666666,True,True,False,0.8333333333333334,0.008298400000057882,15839,uniform
GRAND,192,1%,0.009704415954415955,0.009704415954415955,18,31,0.16145833333333334,True,True,False,0.8385416666666666,0.029668499999388587,17753,aware
LDPC,192,1%,0.009704415954415955,0.009704415954415955,19,72,0.375,True,True,False,0.625,0.00048690000039641745,1,uniform
LDPC,192,1%,0.009704415954415955,0.009704415954415955,19,72,0.375,True,True,False,0.625,0.00035150000257999636,1,aware
GRAND,192,1%,0.009704415954415955,0.009704415954415955,19,32,0.16666666666666666,True,True,False,0.8333333333333334,7.560000085504726e-05,1,uniform
GRAND,192,1%,0.009704415954415955,0.009704415954415955,19,31,0.16145833333333334,True,True,False,0.8385416666666666,0.00010699999984353781,1,aware
LDPC,192,1%,0.009704415954415955,0.009704415954415955,20,72,0.375,True,True,False,0.625,0.0003913000000466127,1,uniform
LDPC,192,1%,0.009704415954415955,0.009704415954415955,20,72,0.375,True,True,False,0.625,0.00032469999860040843,1,aware
GRAND,192,1%,0.009704415954415955,0.009704415954415955,20,32,0.16666666666666666,True,True,False,0.8333333333333334,0.006055300000298303,10769,uniform
GRAND,192,1%,0.009704415954415955,0.009704415954415955,20,31,0.16145833333333334,True,True,False,0.8385416666666666,0.005744300000515068,3124,aware
LDPC,192,1%,0.009704415954415955,0.009704415954415955,21,72,0.375,True,True,False,0.625,0.00044580000030691735,1,uniform
LDPC,192,1%,0.009704415954415955,0.009704415954415955,21,72,0.375,True,True,False,0.625,0.00035349999961908907,1,aware
GRAND,192,1%,0.009704415954415955,0.009704415954415955,21,32,0.16666666666666666,True,True,False,0.8333333333333334,6.829999983892776e-05,1,uniform
GRAND,192,1%,0.009704415954415955,0.009704415954415955,21,31,0.16145833333333334,True,True,False,0.8385416666666666,0.00010259999908157624,1,aware
LDPC,192,1%,0.009704415954415955,0.009704415954415955,22,72,0.375,True,True,False,0.625,0.00047310000081779435,2,uniform
LDPC,192,1%,0.009704415954415955,0.009704415954415955,22,72,0.375,True,True,False,0.625,0.0004907999973511323,2,aware
GRAND,192,1%,0.009704415954415955,0.009704415954415955,22,32,0.16666666666666666,True,True,False,0.8333333333333334,0.01200550000066869,17122,uniform
GRAND,192,1%,0.009704415954415955,0.009704415954415955,22,31,0.16145833333333334,True,True,False,0.8385416666666666,0.019618600003013853,12708,aware
LDPC,192,1%,0.009704415954415955,0.009704415954415955,23,72,0.375,True,True,False,0.625,0.00042580000081215985,1,uniform
LDPC,192,1%,0.009704415954415955,0.009704415954415955,23,72,0.375,True,True,False,0.625,0.00034779999987222254,1,aware
GRAND,192,1%,0.009704415954415955,0.009704415954415955,23,32,0.16666666666666666,True,True,False,0.8333333333333334,7.439999899361283e-05,2,uniform
GRAND,192,1%,0.009704415954415955,0.009704415954415955,23,31,0.16145833333333334,True,True,False,0.8385416666666666,0.00011050000102841295,3,aware
LDPC,192,1%,0.009704415954415955,0.009704415954415955,24,72,0.375,True,True,False,0.625,0.00037150000207475387,1,uniform
LDPC,192,1%,0.009704415954415955,0.009704415954415955,24,72,0.375,True,True,False,0.625,0.00031990000206860714,1,aware
GRAND,192,1%,0.009704415954415955,0.009704415954415955,24,32,0.16666666666666666,True,True,False,0.8333333333333334,5.9699999837903306e-05,1,uniform
GRAND,192,1%,0.009704415954415955,0.009704415954415955,24,32,0.16666666666666666,True,True,False,0.8333333333333334,9.869999848888256e-05,1,aware
LDPC,192,1%,0.009704415954415955,0.009704415954415955,25,72,0.375,True,True,False,0.625,0.0007556999989901669,4,uniform
LDPC,192,1%,0.009704415954415955,0.009704415954415955,25,72,0.375,True,True,False,0.625,0.0006791000014345627,4,aware
GRAND,192,1%,0.009704415954415955,0.009704415954415955,25,32,0.16666666666666666,False,False,False,0.0,1.3162718000021414,2000000,uniform
GRAND,192,1%,0.009704415954415955,0.009704415954415955,25,32,0.16666666666666666,False,False,False,0.0,3.855027500001597,2000000,aware
LDPC,192,1%,0.009704415954415955,0.009704415954415955,26,72,0.375,True,True,False,0.625,0.0005733999969379511,1,uniform
LDPC,192,1%,0.009704415954415955,0.009704415954415955,26,72,0.375,True,True,False,0.625,0.00047339999946416356,1,aware
GRAND,192,1%,0.009704415954415955,0.009704415954415955,26,32,0.16666666666666666,True,True,False,0.8333333333333334,0.00020489999951678328,75,uniform
GRAND,192,1%,0.009704415954415955,0.009704415954415955,26,30,0.15625,True,True,False,0.84375,0.00030359999800566584,35,aware
LDPC,192,1%,0.009704415954415955,0.009704415954415955,27,72,0.375,True,True,False,0.625,0.002094700001180172,1,uniform
LDPC,192,1%,0.009704415954415955,0.009704415954415955,27,72,0.375,True,True,False,0.625,0.000797100001364015,1,aware
GRAND,192,1%,0.009704415954415955,0.009704415954415955,27,32,0.16666666666666666,True,True,False,0.8333333333333334,0.0004154999987804331,85,uniform
GRAND,192,1%,0.009704415954415955,0.009704415954415955,27,31,0.16145833333333334,True,True,False,0.8385416666666666,0.0006057999999029562,47,aware
LDPC,192,1%,0.009704415954415955,0.009704415954415955,28,72,0.375,True,True,False,0.625,0.001457700000173645,1,uniform
LDPC,192,1%,0.009704415954415955,0.009704415954415955,28,72,0.375,True,True,False,0.625,0.0006063999971956946,1,aware
GRAND,192,1%,0.009704415954415955,0.009704415954415955,28,32,0.16666666666666666,True,True,False,0.8333333333333334,0.00016170000162674114,31,uniform
GRAND,192,1%,0.009704415954415955,0.009704415954415955,28,31,0.16145833333333334,True,True,False,0.8385416666666666,0.0006511999999929685,116,aware
LDPC,192,1%,0.009704415954415955,0.009704415954415955,29,72,0.375,True,True,False,0.625,0.0006412999973690603,2,uniform
LDPC,192,1%,0.009704415954415955,0.009704415954415955,29,72,0.375,True,True,False,0.625,0.0004937000012432691,2,aware
GRAND,192,1%,0.009704415954415955,0.009704415954415955,29,32,0.16666666666666666,True,True,False,0.8333333333333334,0.006164400001580361,7358,uniform
GRAND,192,1%,0.009704415954415955,0.009704415954415955,29,31,0.16145833333333334,True,True,False,0.8385416666666666,0.004190799998468719,2128,aware
LDPC,192,1%,0.009704415954415955,0.009704415954415955,30,72,0.375,True,True,False,0.625,0.000446999998530373,1,uniform
LDPC,192,1%,0.009704415954415955,0.009704415954415955,30,72,0.375,True,True,False,0.625,0.00035059999936493114,1,aware
GRAND,192,1%,0.009704415954415955,0.009704415954415955,30,32,0.16666666666666666,True,True,False,0.8333333333333334,0.01099880000037956,16265,uniform
GRAND,192,1%,0.009704415954415955,0.009704415954415955,30,30,0.15625,True,True,False,0.84375,0.01478290000159177,8871,aware
LDPC,192,1%,0.009704415954415955,0.009704415954415955,31,72,0.375,True,True,False,0.625,0.0005154999998921994,1,uniform
LDPC,192,1%,0.009704415954415955,0.009704415954415955,31,72,0.375,True,True,False,0.625,0.0004822999981115572,1,aware
GRAND,192,1%,0.009704415954415955,0.009704415954415955,31,32,0.16666666666666666,True,True,False,0.8333333333333334,0.2776064999998198,432732,uniform
GRAND,192,1%,0.009704415954415955,0.009704415954415955,31,32,0.16666666666666666,True,True,False,0.8333333333333334,0.5496335999996518,296566,aware
LDPC,192,1%,0.009704415954415955,0.009704415954415955,32,72,0.375,True,True,False,0.625,0.0004425000006449409,1,uniform
LDPC,192,1%,0.009704415954415955,0.009704415954415955,32,72,0.375,True,True,False,0.625,0.0006835999993199948,1,aware
GRAND,192,1%,0.009704415954415955,0.009704415954415955,32,32,0.16666666666666666,True,True,False,0.8333333333333334,0.005914100001973566,11225,uniform
GRAND,192,1%,0.009704415954415955,0.009704415954415955,32,31,0.16145833333333334,True,True,False,0.8385416666666666,0.0047957999995560385,2706,aware
LDPC,192,1%,0.009704415954415955,0.009704415954415955,33,72,0.375,True,True,False,0.625,0.0010521000003791414,1,uniform
LDPC,192,1%,0.009704415954415955,0.009704415954415955,33,72,0.375,True,True,False,0.625,0.00036639999962062575,1,aware
GRAND,192,1%,0.009704415954415955,0.009704415954415955,33,32,0.16666666666666666,True,True,False,0.8333333333333334,0.21436489999905461,334526,uniform
GRAND,192,1%,0.009704415954415955,0.009704415954415955,33,32,0.16666666666666666,True,True,False,0.8333333333333334,1.691295500000706,775190,aware
LDPC,192,1%,0.009704415954415955,0.009704415954415955,34,72,0.375,True,True,False,0.625,0.0004855999977735337,1,uniform
LDPC,192,1%,0.009704415954415955,0.009704415954415955,34,72,0.375,True,True,False,0.625,0.00038299999869195744,1,aware
GRAND,192,1%,0.009704415954415955,0.009704415954415955,34,32,0.16666666666666666,True,True,False,0.8333333333333334,0.00011939999967580661,66,uniform
GRAND,192,1%,0.009704415954415955,0.009704415954415955,34,31,0.16145833333333334,True,True,False,0.8385416666666666,0.00017799999841372482,35,aware
LDPC,192,1%,0.009704415954415955,0.009704415954415955,35,72,0.375,True,True,False,0.625,0.001133100002334686,1,uniform
LDPC,192,1%,0.009704415954415955,0.009704415954415955,35,72,0.375,True,True,False,0.625,0.0006212999978743028,1,aware
GRAND,192,1%,0.009704415954415955,0.009704415954415955,35,32,0.16666666666666666,True,True,False,0.8333333333333334,0.00012109999806853011,32,uniform
GRAND,192,1%,0.009704415954415955,0.009704415954415955,35,32,0.16666666666666666,True,True,False,0.8333333333333334,0.00019289999909233302,18,aware
LDPC,192,1%,0.009704415954415955,0.009704415954415955,36,72,0.375,True,True,False,0.625,0.0004554999977699481,1,uniform
LDPC,192,1%,0.009704415954415955,0.009704415954415955,36,72,0.375,True,True,False,0.625,0.0004050999996252358,1,aware
GRAND,192,1%,0.009704415954415955,0.009704415954415955,36,32,0.16666666666666666,True,True,False,0.8333333333333334,0.0047285000000556465,7215,uniform
GRAND,192,1%,0.009704415954415955,0.009704415954415955,36,31,0.16145833333333334,True,True,False,0.8385416666666666,0.004863899997872068,2201,aware
LDPC,192,1%,0.009704415954415955,0.009704415954415955,37,72,0.375,True,True,False,0.625,0.0008472000008623581,1,uniform
LDPC,192,1%,0.009704415954415955,0.009704415954415955,37,72,0.375,True,True,False,0.625,0.000425300000642892,1,aware
GRAND,192,1%,0.009704415954415955,0.009704415954415955,37,32,0.16666666666666666,True,True,False,0.8333333333333334,0.000122200002806494,65,uniform
GRAND,192,1%,0.009704415954415955,0.009704415954415955,37,31,0.16145833333333334,True,True,False,0.8385416666666666,0.00018180000188294798,35,aware
LDPC,192,1%,0.009704415954415955,0.009704415954415955,38,72,0.375,True,True,False,0.625,0.0006342999986372888,2,uniform
LDPC,192,1%,0.009704415954415955,0.009704415954415955,38,72,0.375,True,True,False,0.625,0.0005927999991399702,2,aware
GRAND,192,1%,0.009704415954415955,0.009704415954415955,38,32,0.16666666666666666,True,True,False,0.8333333333333334,0.6664932999992743,1041162,uniform
GRAND,192,1%,0.009704415954415955,0.009704415954415955,38,32,0.16666666666666666,True,True,False,0.8333333333333334,2.8449519999994664,980516,aware
LDPC,192,1%,0.009704415954415955,0.009704415954415955,39,72,0.375,True,True,False,0.625,0.0006849000019428786,1,uniform
LDPC,192,1%,0.009704415954415955,0.009704415954415955,39,72,0.375,True,True,False,0.625,0.0005042000011599157,1,aware
GRAND,192,1%,0.009704415954415955,0.009704415954415955,39,32,0.16666666666666666,True,True,False,0.8333333333333334,0.012540700001409277,12393,uniform
GRAND,192,1%,0.009704415954415955,0.009704415954415955,39,31,0.16145833333333334,True,True,False,0.8385416666666666,0.017175100001622923,3254,aware
LDPC,192,1%,0.009704415954415955,0.009704415954415955,40,72,0.375,True,True,False,0.625,0.0013633000016852748,3,uniform
LDPC,192,1%,0.009704415954415955,0.009704415954415955,40,72,0.375,True,True,False,0.625,0.0008965999986685347,3,aware
GRAND,192,1%,0.009704415954415955,0.009704415954415955,40,32,0.16666666666666666,True,True,False,0.8333333333333334,0.37861079999856884,259312,uniform
GRAND,192,1%,0.009704415954415955,0.009704415954415955,40,31,0.16145833333333334,True,True,False,0.8385416666666666,1.3323137999977916,291578,aware
LDPC,192,1%,0.009704415954415955,0.009704415954415955,41,72,0.375,True,True,False,0.625,0.0006809999977122061,1,uniform
LDPC,192,1%,0.009704415954415955,0.009704415954415955,41,72,0.375,True,True,False,0.625,0.0005855000017618295,1,aware
GRAND,192,1%,0.009704415954415955,0.009704415954415955,41,32,0.16666666666666666,True,True,False,0.8333333333333334,0.01900950000344892,16107,uniform
GRAND,192,1%,0.009704415954415955,0.009704415954415955,41,31,0.16145833333333334,True,True,False,0.8385416666666666,0.01670439999725204,4238,aware
LDPC,192,1%,0.009704415954415955,0.009704415954415955,42,72,0.375,True,True,False,0.625,0.000818499996967148,1,uniform
LDPC,192,1%,0.009704415954415955,0.009704415954415955,42,72,0.375,True,True,False,0.625,0.0009898999996948987,1,aware
GRAND,192,1%,0.009704415954415955,0.009704415954415955,42,32,0.16666666666666666,True,True,False,0.8333333333333334,0.00017120000120485201,1,uniform
GRAND,192,1%,0.009704415954415955,0.009704415954415955,42,32,0.16666666666666666,True,True,False,0.8333333333333334,0.0002767999976640567,1,aware
LDPC,192,1%,0.009704415954415955,0.009704415954415955,43,72,0.375,True,True,False,0.625,0.0009102000003622379,1,uniform
LDPC,192,1%,0.009704415954415955,0.009704415954415955,43,72,0.375,True,True,False,0.625,0.0005806999979540706,1,aware
GRAND,192,1%,0.009704415954415955,0.009704415954415955,43,32,0.16666666666666666,True,True,False,0.8333333333333334,0.0001083999995898921,1,uniform
GRAND,192,1%,0.009704415954415955,0.009704415954415955,43,31,0.16145833333333334,True,True,False,0.8385416666666666,0.0001658000001043547,1,aware
LDPC,192,1%,0.009704415954415955,0.009704415954415955,44,72,0.375,True,True,False,0.625,0.0007423000024573412,1,uniform
LDPC,192,1%,0.009704415954415955,0.009704415954415955,44,72,0.375,True,True,False,0.625,0.0007981999988260213,1,aware
GRAND,192,1%,0.009704415954415955,0.009704415954415955,44,32,0.16666666666666666,True,True,False,0.8333333333333334,0.00028359999851090834,142,uniform
GRAND,192,1%,0.009704415954415955,0.009704415954415955,44,31,0.16145833333333334,True,True,False,0.8385416666666666,0.00040380000064033084,69,aware
LDPC,192,1%,0.009704415954415955,0.009704415954415955,45,72,0.375,True,True,False,0.625,0.0007039000010991003,1,uniform
LDPC,192,1%,0.009704415954415955,0.009704415954415955,45,72,0.375,True,True,False,0.625,0.000532599999132799,1,aware
GRAND,192,1%,0.009704415954415955,0.009704415954415955,45,32,0.16666666666666666,True,True,False,0.8333333333333334,0.00999240000237478,9384,uniform
GRAND,192,1%,0.009704415954415955,0.009704415954415955,45,31,0.16145833333333334,True,True,False,0.8385416666666666,0.020922499999869615,7960,aware
LDPC,192,1%,0.009704415954415955,0.009704415954415955,46,72,0.375,True,True,False,0.625,0.0006816999994043726,1,uniform
LDPC,192,1%,0.009704415954415955,0.009704415954415955,46,72,0.375,True,True,False,0.625,0.0005683999988832511,1,aware
GRAND,192,1%,0.009704415954415955,0.009704415954415955,46,32,0.16666666666666666,True,True,False,0.8333333333333334,0.004570900000544498,2724,uniform
GRAND,192,1%,0.009704415954415955,0.009704415954415955,46,32,0.16666666666666666,True,True,False,0.8333333333333334,0.0027090000003227033,849,aware
LDPC,192,1%,0.009704415954415955,0.009704415954415955,47,72,0.375,True,True,False,0.625,0.0006948999980522785,1,uniform
LDPC,192,1%,0.009704415954415955,0.009704415954415955,47,72,0.375,True,True,False,0.625,0.0005390000005718321,1,aware
GRAND,192,1%,0.009704415954415955,0.009704415954415955,47,32,0.16666666666666666,True,True,False,0.8333333333333334,0.00023009999858913943,153,uniform
GRAND,192,1%,0.009704415954415955,0.009704415954415955,47,31,0.16145833333333334,True,True,False,0.8385416666666666,0.0011521000014909077,82,aware
LDPC,192,1%,0.009704415954415955,0.009704415954415955,48,72,0.375,True,True,False,0.625,0.0015999999995983671,4,uniform
LDPC,192,1%,0.009704415954415955,0.009704415954415955,48,72,0.375,True,True,False,0.625,0.001191400002426235,4,aware
GRAND,192,1%,0.009704415954415955,0.009704415954415955,48,32,0.16666666666666666,False,False,False,0.0,2.253788699999859,2000000,uniform
GRAND,192,1%,0.009704415954415955,0.009704415954415955,48,31,0.16145833333333334,False,False,False,0.0,7.896836700001586,2000000,aware
LDPC,192,1%,0.009704415954415955,0.009704415954415955,49,72,0.375,True,True,False,0.625,0.0012037000014970545,1,uniform
LDPC,192,1%,0.009704415954415955,0.009704415954415955,49,72,0.375,True,True,False,0.625,0.000961599998845486,1,aware
GRAND,192,1%,0.009704415954415955,0.009704415954415955,49,32,0.16666666666666666,True,True,False,0.8333333333333334,0.015049699999508448,12888,uniform
GRAND,192,1%,0.009704415954415955,0.009704415954415955,49,31,0.16145833333333334,True,True,False,0.8385416666666666,0.012091999997210223,3176,aware
LDPC,192,1%,0.009704415954415955,0.009704415954415955,50,72,0.375,True,True,False,0.625,0.0009132000013778452,1,uniform
LDPC,192,1%,0.009704415954415955,0.009704415954415955,50,72,0.375,True,True,False,0.625,0.0007283999984792899,1,aware
GRAND,192,1%,0.009704415954415955,0.009704415954415955,50,32,0.16666666666666666,True,True,False,0.8333333333333334,1.1907473999999638,761282,uniform
GRAND,192,1%,0.009704415954415955,0.009704415954415955,50,32,0.16666666666666666,True,True,False,0.8333333333333334,1.2501468000009481,361347,aware
LDPC,192,1%,0.009704415954415955,0.009704415954415955,51,72,0.375,True,True,False,0.625,0.0006891000011819415,1,uniform
LDPC,192,1%,0.009704415954415955,0.009704415954415955,51,72,0.375,True,True,False,0.625,0.0005196999991312623,1,aware
GRAND,192,1%,0.009704415954415955,0.009704415954415955,51,32,0.16666666666666666,True,True,False,0.8333333333333334,0.9412273999987519,836702,uniform
GRAND,192,1%,0.009704415954415955,0.009704415954415955,51,31,0.16145833333333334,True,True,False,0.8385416666666666,0.33472769999934826,96904,aware
LDPC,192,1%,0.009704415954415955,0.009704415954415955,52,72,0.375,True,True,False,0.625,0.0008558000008633826,1,uniform
LDPC,192,1%,0.009704415954415955,0.009704415954415955,52,72,0.375,True,True,False,0.625,0.0005438000007416122,1,aware
GRAND,192,1%,0.009704415954415955,0.009704415954415955,52,32,0.16666666666666666,True,True,False,0.8333333333333334,0.00022190000163391232,144,uniform
GRAND,192,1%,0.009704415954415955,0.009704415954415955,52,32,0.16666666666666666,True,True,False,0.8333333333333334,0.0003226999979233369,78,aware
LDPC,192,1%,0.009704415954415955,0.009704415954415955,53,72,0.375,True,True,False,0.625,0.0007587000000057742,2,uniform
LDPC,192,1%,0.009704415954415955,0.009704415954415955,53,72,0.375,True,True,False,0.625,0.0008832999992591795,3,aware
GRAND,192,1%,0.009704415954415955,0.009704415954415955,53,32,0.16666666666666666,True,True,False,0.8333333333333334,0.00794550000136951,7554,uniform
GRAND,192,1%,0.009704415954415955,0.009704415954415955,53,30,0.15625,True,True,False,0.84375,0.024486300000717165,8392,aware
LDPC,192,1%,0.009704415954415955,0.009704415954415955,54,72,0.375,True,True,False,0.625,0.0006432000009226613,1,uniform
LDPC,192,1%,0.009704415954415955,0.009704415954415955,54,72,0.375,True,True,False,0.625,0.0005312000030244235,1,aware
GRAND,192,1%,0.009704415954415955,0.009704415954415955,54,32,0.16666666666666666,True,True,False,0.8333333333333334,0.016158899998117704,13802,uniform
GRAND,192,1%,0.009704415954415955,0.009704415954415955,54,31,0.16145833333333334,True,True,False,0.8385416666666666,0.023709999997663544,8934,aware
LDPC,192,1%,0.009704415954415955,0.009704415954415955,55,72,0.375,True,True,False,0.625,0.0006326999973680358,1,uniform
LDPC,192,1%,0.009704415954415955,0.009704415954415955,55,72,0.375,True,True,False,0.625,0.002894099998229649,1,aware
GRAND,192,1%,0.009704415954415955,0.009704415954415955,55,32,0.16666666666666666,True,True,False,0.8333333333333334,0.0001565000020491425,1,uniform
GRAND,192,1%,0.009704415954415955,0.009704415954415955,55,31,0.16145833333333334,True,True,False,0.8385416666666666,0.00019769999926211312,1,aware
LDPC,192,1%,0.009704415954415955,0.009704415954415955,56,72,0.375,True,True,False,0.625,0.0021679999990737997,1,uniform
LDPC,192,1%,0.009704415954415955,0.009704415954415955,56,72,0.375,True,True,False,0.625,0.0010953000019071624,1,aware
GRAND,192,1%,0.009704415954415955,0.009704415954415955,56,32,0.16666666666666666,True,True,False,0.8333333333333334,0.4053936000018439,392307,uniform
GRAND,192,1%,0.009704415954415955,0.009704415954415955,56,31,0.16145833333333334,True,True,False,0.8385416666666666,0.19482739999875776,61164,aware
LDPC,192,1%,0.009704415954415955,0.009704415954415955,57,72,0.375,True,True,False,0.625,0.0006195000023581088,1,uniform
LDPC,192,1%,0.009704415954415955,0.009704415954415955,57,72,0.375,True,True,False,0.625,0.0005015000024286564,1,aware
GRAND,192,1%,0.009704415954415955,0.009704415954415955,57,32,0.16666666666666666,True,True,False,0.8333333333333334,0.014817399998719338,13586,uniform
GRAND,192,1%,0.009704415954415955,0.009704415954415955,57,31,0.16145833333333334,True,True,False,0.8385416666666666,0.0123198000001139,3870,aware
LDPC,192,1%,0.009704415954415955,0.009704415954415955,58,72,0.375,True,True,False,0.625,0.0006286999996518716,1,uniform
LDPC,192,1%,0.009704415954415955,0.009704415954415955,58,72,0.375,True,True,False,0.625,0.0005254000025161076,1,aware
GRAND,192,1%,0.009704415954415955,0.009704415954415955,58,32,0.16666666666666666,True,True,False,0.8333333333333334,0.014861300001939526,11009,uniform
GRAND,192,1%,0.009704415954415955,0.009704415954415955,58,32,0.16666666666666666,True,True,False,0.8333333333333334,0.029445999996823957,8949,aware
LDPC,192,1%,0.009704415954415955,0.009704415954415955,59,72,0.375,True,True,False,0.625,0.0013613000010082033,2,uniform
LDPC,192,1%,0.009704415954415955,0.009704415954415955,59,72,0.375,True,True,False,0.625,0.0010131999988516327,2,aware
GRAND,192,1%,0.009704415954415955,0.009704415954415955,59,32,0.16666666666666666,True,True,False,0.8333333333333334,0.4135709999973187,374414,uniform
GRAND,192,1%,0.009704415954415955,0.009704415954415955,59,31,0.16145833333333334,True,True,False,0.8385416666666666,0.4209874999978638,82698,aware
LDPC,192,1%,0.009704415954415955,0.009704415954415955,60,72,0.375,True,True,False,0.625,0.0038263000024016947,4,uniform
LDPC,192,1%,0.009704415954415955,0.009704415954415955,60,72,0.375,True,True,False,0.625,0.001677100000961218,3,aware
GRAND,192,1%,0.009704415954415955,0.009704415954415955,60,32,0.16666666666666666,False,False,False,0.0,2.937349300002097,2000000,uniform
GRAND,192,1%,0.009704415954415955,0.009704415954415955,60,31,0.16145833333333334,False,False,False,0.0,8.51178969999819,2000000,aware
LDPC,192,1%,0.009704415954415955,0.009704415954415955,61,72,0.375,True,True,False,0.625,0.0010379999985161703,1,uniform
LDPC,192,1%,0.009704415954415955,0.009704415954415955,61,72,0.375,True,True,False,0.625,0.0005448000010801479,1,aware
GRAND,192,1%,0.009704415954415955,0.009704415954415955,61,32,0.16666666666666666,True,True,False,0.8333333333333334,0.00025019999884534627,135,uniform
GRAND,192,1%,0.009704415954415955,0.009704415954415955,61,31,0.16145833333333334,True,True,False,0.8385416666666666,0.0008607999989180826,162,aware
LDPC,192,1%,0.009704415954415955,0.009704415954415955,62,72,0.375,True,True,False,0.625,0.0007232999996631406,1,uniform
LDPC,192,1%,0.009704415954415955,0.009704415954415955,62,72,0.375,True,True,False,0.625,0.0005429000011645257,1,aware
GRAND,192,1%,0.009704415954415955,0.009704415954415955,62,32,0.16666666666666666,True,True,False,0.8333333333333334,0.008915200000046752,8188,uniform
GRAND,192,1%,0.009704415954415955,0.009704415954415955,62,31,0.16145833333333334,True,True,False,0.8385416666666666,0.006204799999977695,2524,aware
LDPC,192,1%,0.009704415954415955,0.009704415954415955,63,72,0.375,True,True,False,0.625,0.0006644999994023237,1,uniform
LDPC,192,1%,0.009704415954415955,0.009704415954415955,63,72,0.375,True,True,False,0.625,0.000540299999556737,1,aware
GRAND,192,1%,0.009704415954415955,0.009704415954415955,63,32,0.16666666666666666,True,True,False,0.8333333333333334,0.00026669999715522863,174,uniform
GRAND,192,1%,0.009704415954415955,0.009704415954415955,63,31,0.16145833333333334,True,True,False,0.8385416666666666,0.0003639999995357357,89,aware
LDPC,192,1%,0.009704415954415955,0.009704415954415955,64,72,0.375,True,True,False,0.625,0.0010223000026599038,1,uniform
LDPC,192,1%,0.009704415954415955,0.009704415954415955,64,72,0.375,True,True,False,0.625,0.0005474000026879366,1,aware
GRAND,192,1%,0.009704415954415955,0.009704415954415955,64,32,0.16666666666666666,True,True,False,0.8333333333333334,0.00018190000264439732,76,uniform
GRAND,192,1%,0.009704415954415955,0.009704415954415955,64,31,0.16145833333333334,True,True,False,0.8385416666666666,0.00024729999859118834,34,aware
LDPC,192,1%,0.009704415954415955,0.009704415954415955,65,72,0.375,True,True,False,0.625,0.0007986999989952892,2,uniform
LDPC,192,1%,0.009704415954415955,0.009704415954415955,65,72,0.375,True,True,False,0.625,0.0007087000012688804,2,aware
GRAND,192,1%,0.009704415954415955,0.009704415954415955,65,32,0.16666666666666666,False,False,False,0.0,1.8712462000003143,2000000,uniform
GRAND,192,1%,0.009704415954415955,0.009704415954415955,65,31,0.16145833333333334,False,False,False,0.0,4.360691899997619,2000000,aware
LDPC,192,1%,0.009704415954415955,0.009704415954415955,66,72,0.375,True,True,False,0.625,0.0006600999986403622,2,uniform
LDPC,192,1%,0.009704415954415955,0.009704415954415955,66,72,0.375,True,True,False,0.625,0.0005517999998119194,2,aware
GRAND,192,1%,0.009704415954415955,0.009704415954415955,66,32,0.16666666666666666,True,True,False,0.8333333333333334,0.7235217000015837,1044297,uniform
GRAND,192,1%,0.009704415954415955,0.009704415954415955,66,31,0.16145833333333334,True,True,False,0.8385416666666666,0.8229071000023396,403060,aware
LDPC,192,1%,0.009704415954415955,0.009704415954415955,67,72,0.375,True,True,False,0.625,0.0004743999998026993,1,uniform
LDPC,192,1%,0.009704415954415955,0.009704415954415955,67,72,0.375,True,True,False,0.625,0.0003662000017357059,1,aware
GRAND,192,1%,0.009704415954415955,0.009704415954415955,67,32,0.16666666666666666,True,True,False,0.8333333333333334,0.568085399998381,745156,uniform
GRAND,192,1%,0.009704415954415955,0.009704415954415955,67,31,0.16145833333333334,True,True,False,0.8385416666666666,0.22089359999881708,99023,aware
LDPC,192,1%,0.009704415954415955,0.009704415954415955,68,72,0.375,True,True,False,0.625,0.0007924999990791548,3,uniform
LDPC,192,1%,0.009704415954415955,0.009704415954415955,68,72,0.375,True,True,False,0.625,0.0005337999973562546,2,aware
GRAND,192,1%,0.009704415954415955,0.009704415954415955,68,32,0.16666666666666666,False,False,False,0.0,1.550513599999249,2000000,uniform
GRAND,192,1%,0.009704415954415955,0.009704415954415955,68,32,0.16666666666666666,False,False,False,0.0,5.001762500000041,2000000,aware
LDPC,192,1%,0.009704415954415955,0.009704415954415955,69,72,0.375,True,True,False,0.625,0.0005440999993879814,1,uniform
LDPC,192,1%,0.009704415954415955,0.009704415954415955,69,72,0.375,True,True,False,0.625,0.00043200000072829425,1,aware
GRAND,192,1%,0.009704415954415955,0.009704415954415955,69,32,0.16666666666666666,True,True,False,0.8333333333333334,0.012417299996741349,13729,uniform
GRAND,192,1%,0.009704415954415955,0.009704415954415955,69,31,0.16145833333333334,True,True,False,0.8385416666666666,0.010721299997385358,3465,aware
LDPC,192,1%,0.009704415954415955,0.009704415954415955,70,72,0.375,True,True,False,0.625,0.0005720999979530461,1,uniform
LDPC,192,1%,0.009704415954415955,0.009704415954415955,70,72,0.375,True,True,False,0.625,0.0004851000012422446,1,aware
GRAND,192,1%,0.009704415954415955,0.009704415954415955,70,32,0.16666666666666666,True,True,False,0.8333333333333334,0.6986981000009109,873839,uniform
GRAND,192,1%,0.009704415954415955,0.009704415954415955,70,31,0.16145833333333334,True,True,False,0.8385416666666666,1.1223140000001877,444142,aware
LDPC,192,1%,0.009704415954415955,0.009704415954415955,71,72,0.375,True,True,False,0.625,0.0017081999976653606,1,uniform
LDPC,192,1%,0.009704415954415955,0.009704415954415955,71,72,0.375,True,True,False,0.625,0.000569200001336867,1,aware
GRAND,192,1%,0.009704415954415955,0.009704415954415955,71,32,0.16666666666666666,True,True,False,0.8333333333333334,0.00012459999925340526,16,uniform
GRAND,192,1%,0.009704415954415955,0.009704415954415955,71,31,0.16145833333333334,True,True,False,0.8385416666666666,0.00018349999663769267,9,aware
LDPC,192,1%,0.009704415954415955,0.009704415954415955,72,72,0.375,True,True,False,0.625,0.0006699999976262916,1,uniform
LDPC,192,1%,0.009704415954415955,0.009704415954415955,72,72,0.375,True,True,False,0.625,0.0005061000010755379,1,aware
GRAND,192,1%,0.009704415954415955,0.009704415954415955,72,32,0.16666666666666666,True,True,False,0.8333333333333334,0.016479699999763397,15190,uniform
GRAND,192,1%,0.009704415954415955,0.009704415954415955,72,31,0.16145833333333334,True,True,False,0.8385416666666666,0.016126900001836475,4063,aware
LDPC,192,1%,0.009704415954415955,0.009704415954415955,73,72,0.375,True,True,False,0.625,0.0008118999976431951,2,uniform
LDPC,192,1%,0.009704415954415955,0.009704415954415955,73,72,0.375,True,True,False,0.625,0.0007588000007672235,2,aware
GRAND,192,1%,0.009704415954415955,0.009704415954415955,73,32,0.16666666666666666,True,True,False,0.8333333333333334,0.010663799999747425,5812,uniform
GRAND,192,1%,0.009704415954415955,0.009704415954415955,73,31,0.16145833333333334,True,True,False,0.8385416666666666,0.007809099999576574,2002,aware
LDPC,192,1%,0.009704415954415955,0.009704415954415955,74,72,0.375,True,True,False,0.625,0.001341299997875467,1,uniform
LDPC,192,1%,0.009704415954415955,0.009704415954415955,74,72,0.375,True,True,False,0.625,0.0016715999990992714,1,aware
GRAND,192,1%,0.009704415954415955,0.009704415954415955,74,32,0.16666666666666666,False,False,False,0.0,2.2288738999995985,2000000,uniform
GRAND,192,1%,0.009704415954415955,0.009704415954415955,74,30,0.15625,True,True,False,0.84375,3.2253267999985837,1245758,aware
LDPC,192,1%,0.009704415954415955,0.009704415954415955,75,72,0.375,True,True,False,0.625,0.0009454999999434222,1,uniform
LDPC,192,1%,0.009704415954415955,0.009704415954415955,75,72,0.375,True,True,False,0.625,0.00044550000166054815,1,aware
GRAND,192,1%,0.009704415954415955,0.009704415954415955,75,32,0.16666666666666666,True,True,False,0.8333333333333334,8.739999975659885e-05,1,uniform
GRAND,192,1%,0.009704415954415955,0.009704415954415955,75,32,0.16666666666666666,True,True,False,0.8333333333333334,0.00014039999950909987,1,aware
LDPC,192,1%,0.009704415954415955,0.009704415954415955,76,72,0.375,True,True,False,0.625,0.0006372999996528961,1,uniform
LDPC,192,1%,0.009704415954415955,0.009704415954415955,76,72,0.375,True,True,False,0.625,0.0004427999992913101,1,aware
GRAND,192,1%,0.009704415954415955,0.009704415954415955,76,32,0.16666666666666666,True,True,False,0.8333333333333334,0.00015300000086426735,100,uniform
GRAND,192,1%,0.009704415954415955,0.009704415954415955,76,30,0.15625,True,True,False,0.84375,0.00020110000332351774,43,aware
LDPC,192,1%,0.009704415954415955,0.009704415954415955,77,72,0.375,True,True,False,0.625,0.0004899000014120247,1,uniform
LDPC,192,1%,0.009704415954415955,0.009704415954415955,77,72,0.375,True,True,False,0.625,0.00041340000097989105,1,aware
GRAND,192,1%,0.009704415954415955,0.009704415954415955,77,32,0.16666666666666666,True,True,False,0.8333333333333334,0.011306699998385739,13944,uniform
GRAND,192,1%,0.009704415954415955,0.009704415954415955,77,32,0.16666666666666666,True,True,False,0.8333333333333334,0.030824899997242028,13408,aware
LDPC,192,1%,0.009704415954415955,0.009704415954415955,78,72,0.375,True,True,False,0.625,0.0006371999988914467,1,uniform
LDPC,192,1%,0.009704415954415955,0.009704415954415955,78,72,0.375,True,True,False,0.625,0.0004312999990361277,1,aware
GRAND,192,1%,0.009704415954415955,0.009704415954415955,78,32,0.16666666666666666,True,True,False,0.8333333333333334,8.669999806443229e-05,1,uniform
GRAND,192,1%,0.009704415954415955,0.009704415954415955,78,31,0.16145833333333334,True,True,False,0.8385416666666666,0.00013330000001587905,1,aware
LDPC,192,1%,0.009704415954415955,0.009704415954415955,79,72,0.375,True,True,False,0.625,0.0006210999999893829,2,uniform
LDPC,192,1%,0.009704415954415955,0.009704415954415955,79,72,0.375,True,True,False,0.625,0.0005796000004920643,2,aware
GRAND,192,1%,0.009704415954415955,0.009704415954415955,79,32,0.16666666666666666,True,True,False,0.8333333333333334,0.013564599998062477,16349,uniform
GRAND,192,1%,0.009704415954415955,0.009704415954415955,79,31,0.16145833333333334,True,True,False,0.8385416666666666,0.009282200000598095,3410,aware
LDPC,192,1%,0.009704415954415955,0.009704415954415955,80,72,0.375,True,True,False,0.625,0.0006259999972826336,1,uniform
LDPC,192,1%,0.009704415954415955,0.009704415954415955,80,72,0.375,True,True,False,0.625,0.0004124000006413553,1,aware
GRAND,192,1%,0.009704415954415955,0.009704415954415955,80,32,0.16666666666666666,True,True,False,0.8333333333333334,0.00011209999865968712,18,uniform
GRAND,192,1%,0.009704415954415955,0.009704415954415955,80,31,0.16145833333333334,True,True,False,0.8385416666666666,0.0001461000028939452,11,aware
LDPC,192,1%,0.009704415954415955,0.009704415954415955,81,72,0.375,True,True,False,0.625,0.000455999997939216,1,uniform
LDPC,192,1%,0.009704415954415955,0.009704415954415955,81,72,0.375,True,True,False,0.625,0.00039060000199242495,1,aware
GRAND,192,1%,0.009704415954415955,0.009704415954415955,81,32,0.16666666666666666,True,True,False,0.8333333333333334,0.27637350000077276,358412,uniform
GRAND,192,1%,0.009704415954415955,0.009704415954415955,81,31,0.16145833333333334,True,True,False,0.8385416666666666,1.9917223999982525,627629,aware
LDPC,192,1%,0.009704415954415955,0.009704415954415955,82,72,0.375,True,True,False,0.625,0.002923000000009779,1,uniform
LDPC,192,1%,0.009704415954415955,0.009704415954415955,82,72,0.375,True,True,False,0.625,0.0018809999965014867,1,aware
GRAND,192,1%,0.009704415954415955,0.009704415954415955,82,32,0.16666666666666666,True,True,False,0.8333333333333334,0.0003386000025784597,127,uniform
GRAND,192,1%,0.009704415954415955,0.009704415954415955,82,32,0.16666666666666666,True,True,False,0.8333333333333334,0.00033379999877070077,74,aware
LDPC,192,1%,0.009704415954415955,0.009704415954415955,83,72,0.375,True,True,False,0.625,0.0014357999971252866,1,uniform
LDPC,192,1%,0.009704415954415955,0.009704415954415955,83,72,0.375,True,True,False,0.625,0.0018311000021640211,1,aware
GRAND,192,1%,0.009704415954415955,0.009704415954415955,83,32,0.16666666666666666,True,True,False,0.8333333333333334,0.0030211999983293936,2125,uniform
GRAND,192,1%,0.009704415954415955,0.009704415954415955,83,32,0.16666666666666666,True,True,False,0.8333333333333334,0.00599789999978384,755,aware
LDPC,192,1%,0.009704415954415955,0.009704415954415955,84,72,0.375,True,True,False,0.625,0.0011009000008925796,1,uniform
LDPC,192,1%,0.009704415954415955,0.009704415954415955,84,72,0.375,True,True,False,0.625,0.00051299999904586,1,aware
GRAND,192,1%,0.009704415954415955,0.009704415954415955,84,32,0.16666666666666666,True,True,False,0.8333333333333334,0.004673800001910422,3234,uniform
GRAND,192,1%,0.009704415954415955,0.009704415954415955,84,31,0.16145833333333334,True,True,False,0.8385416666666666,0.0022279000004346017,920,aware
LDPC,192,1%,0.009704415954415955,0.009704415954415955,85,72,0.375,True,True,False,0.625,0.0005436999999801628,1,uniform
LDPC,192,1%,0.009704415954415955,0.009704415954415955,85,72,0.375,True,True,False,0.625,0.0004234000007272698,1,aware
GRAND,192,1%,0.009704415954415955,0.009704415954415955,85,32,0.16666666666666666,False,False,False,0.0,1.431534900002589,2000000,uniform
GRAND,192,1%,0.009704415954415955,0.009704415954415955,85,31,0.16145833333333334,False,False,False,0.0,5.760551899998973,2000000,aware
LDPC,192,1%,0.009704415954415955,0.009704415954415955,86,72,0.375,True,True,False,0.625,0.0007992999999260064,3,uniform
LDPC,192,1%,0.009704415954415955,0.009704415954415955,86,72,0.375,True,True,False,0.625,0.000644200001261197,3,aware
GRAND,192,1%,0.009704415954415955,0.009704415954415955,86,32,0.16666666666666666,False,False,False,0.0,1.4805344000014884,2000000,uniform
GRAND,192,1%,0.009704415954415955,0.009704415954415955,86,32,0.16666666666666666,False,False,False,0.0,4.214035899996816,2000000,aware
LDPC,192,1%,0.009704415954415955,0.009704415954415955,87,72,0.375,True,True,False,0.625,0.00048429999878862873,1,uniform
LDPC,192,1%,0.009704415954415955,0.009704415954415955,87,72,0.375,True,True,False,0.625,0.00034500000037951395,1,aware
GRAND,192,1%,0.009704415954415955,0.009704415954415955,87,32,0.16666666666666666,True,True,False,0.8333333333333334,7.560000085504726e-05,1,uniform
GRAND,192,1%,0.009704415954415955,0.009704415954415955,87,31,0.16145833333333334,True,True,False,0.8385416666666666,0.0001083999995898921,1,aware
LDPC,192,1%,0.009704415954415955,0.009704415954415955,88,72,0.375,True,True,False,0.625,0.0006272000027820468,3,uniform
LDPC,192,1%,0.009704415954415955,0.009704415954415955,88,72,0.375,True,True,False,0.625,0.0005674999993061647,3,aware
GRAND,192,1%,0.009704415954415955,0.009704415954415955,88,32,0.16666666666666666,False,False,False,0.0,1.3664373999999953,2000000,uniform
GRAND,192,1%,0.009704415954415955,0.009704415954415955,88,31,0.16145833333333334,False,False,False,0.0,4.449130299999524,2000000,aware
LDPC,192,1%,0.009704415954415955,0.009704415954415955,89,72,0.375,True,True,False,0.625,0.00043370000275899656,1,uniform
LDPC,192,1%,0.009704415954415955,0.009704415954415955,89,72,0.375,True,True,False,0.625,0.0003561999983503483,1,aware
GRAND,192,1%,0.009704415954415955,0.009704415954415955,89,32,0.16666666666666666,True,True,False,0.8333333333333334,0.6597211000007519,1111708,uniform
GRAND,192,1%,0.009704415954415955,0.009704415954415955,89,31,0.16145833333333334,True,True,False,0.8385416666666666,0.2350025999985519,136898,aware
LDPC,192,1%,0.009704415954415955,0.009704415954415955,90,72,0.375,True,True,False,0.625,0.0004163999983575195,1,uniform
LDPC,192,1%,0.009704415954415955,0.009704415954415955,90,72,0.375,True,True,False,0.625,0.0003069000013056211,1,aware
GRAND,192,1%,0.009704415954415955,0.009704415954415955,90,32,0.16666666666666666,False,False,False,0.0,1.2119081999990158,2000000,uniform
GRAND,192,1%,0.009704415954415955,0.009704415954415955,90,30,0.15625,False,False,False,0.0,4.139765900003113,2000000,aware
LDPC,192,1%,0.009704415954415955,0.009704415954415955,91,72,0.375,True,True,False,0.625,0.0004397000011522323,1,uniform
LDPC,192,1%,0.009704415954415955,0.009704415954415955,91,72,0.375,True,True,False,0.625,0.0003280000019003637,1,aware
GRAND,192,1%,0.009704415954415955,0.009704415954415955,91,32,0.16666666666666666,True,True,False,0.8333333333333334,6.600000051548705e-05,1,uniform
GRAND,192,1%,0.009704415954415955,0.009704415954415955,91,31,0.16145833333333334,True,True,False,0.8385416666666666,0.00014229999942472205,1,aware
LDPC,192,1%,0.009704415954415955,0.009704415954415955,92,72,0.375,True,True,False,0.625,0.001141299999289913,2,uniform
LDPC,192,1%,0.009704415954415955,0.009704415954415955,92,72,0.375,True,True,False,0.625,0.0008300999979837798,2,aware
GRAND,192,1%,0.009704415954415955,0.009704415954415955,92,32,0.16666666666666666,True,True,False,0.8333333333333334,0.386376400001609,634383,uniform
GRAND,192,1%,0.009704415954415955,0.009704415954415955,92,31,0.16145833333333334,True,True,False,0.8385416666666666,0.1358884000001126,77726,aware
LDPC,192,1%,0.009704415954415955,0.009704415954415955,93,72,0.375,True,True,False,0.625,0.0004155000024184119,1,uniform
LDPC,192,1%,0.009704415954415955,0.009704415954415955,93,72,0.375,True,True,False,0.625,0.0003171999996993691,1,aware
GRAND,192,1%,0.009704415954415955,0.009704415954415955,93,32,0.16666666666666666,True,True,False,0.8333333333333334,6.430000212276354e-05,1,uniform
GRAND,192,1%,0.009704415954415955,0.009704415954415955,93,31,0.16145833333333334,True,True,False,0.8385416666666666,9.580000187270343e-05,1,aware
LDPC,192,1%,0.009704415954415955,0.009704415954415955,94,72,0.375,True,True,False,0.625,0.0003456999984337017,1,uniform
LDPC,192,1%,0.009704415954415955,0.009704415954415955,94,72,0.375,True,True,False,0.625,0.0003146999988530297,1,aware
GRAND,192,1%,0.009704415954415955,0.009704415954415955,94,32,0.16666666666666666,True,True,False,0.8333333333333334,0.00010340000153519213,83,uniform
GRAND,192,1%,0.009704415954415955,0.009704415954415955,94,31,0.16145833333333334,True,True,False,0.8385416666666666,0.00032420000206911936,142,aware
LDPC,192,1%,0.009704415954415955,0.009704415954415955,95,72,0.375,True,True,False,0.625,0.001187899997603381,1,uniform
LDPC,192,1%,0.009704415954415955,0.009704415954415955,95,72,0.375,True,True,False,0.625,0.0005804000029456802,1,aware
GRAND,192,1%,0.009704415954415955,0.009704415954415955,95,32,0.16666666666666666,True,True,False,0.8333333333333334,0.0045396000023174565,8120,uniform
GRAND,192,1%,0.009704415954415955,0.009704415954415955,95,32,0.16666666666666666,True,True,False,0.8333333333333334,0.014713399999891408,9010,aware
LDPC,192,1%,0.009704415954415955,0.009704415954415955,96,72,0.375,True,True,False,0.625,0.0004117999997106381,1,uniform
LDPC,192,1%,0.009704415954415955,0.009704415954415955,96,72,0.375,True,True,False,0.625,0.0003231999980926048,1,aware
GRAND,192,1%,0.009704415954415955,0.009704415954415955,96,32,0.16666666666666666,True,True,False,0.8333333333333334,0.0021128000007593073,4215,uniform
GRAND,192,1%,0.009704415954415955,0.009704415954415955,96,32,0.16666666666666666,True,True,False,0.8333333333333334,0.001698799998848699,1144,aware
LDPC,192,1%,0.009704415954415955,0.009704415954415955,97,72,0.375,True,True,False,0.625,0.0009417999972356483,1,uniform
LDPC,192,1%,0.009704415954415955,0.009704415954415955,97,72,0.375,True,True,False,0.625,0.0004794999986188486,1,aware
GRAND,192,1%,0.009704415954415955,0.009704415954415955,97,32,0.16666666666666666,True,True,False,0.8333333333333334,0.00011369999992894009,1,uniform
GRAND,192,1%,0.009704415954415955,0.009704415954415955,97,31,0.16145833333333334,True,True,False,0.8385416666666666,0.00025069999901461415,1,aware
LDPC,192,1%,0.009704415954415955,0.009704415954415955,98,72,0.375,True,True,False,0.625,0.0003939000016544014,1,uniform
LDPC,192,1%,0.009704415954415955,0.009704415954415955,98,72,0.375,True,True,False,0.625,0.0005082999996375293,1,aware
GRAND,192,1%,0.009704415954415955,0.009704415954415955,98,32,0.16666666666666666,True,True,False,0.8333333333333334,7.059999916236848e-05,1,uniform
GRAND,192,1%,0.009704415954415955,0.009704415954415955,98,31,0.16145833333333334,True,True,False,0.8385416666666666,0.00011169999925186858,1,aware
LDPC,192,1%,0.009704415954415955,0.009704415954415955,99,72,0.375,True,True,False,0.625,0.0003553000024112407,1,uniform
LDPC,192,1%,0.009704415954415955,0.009704415954415955,99,72,0.375,True,True,False,0.625,0.0003299999989394564,1,aware
GRAND,192,1%,0.009704415954415955,0.009704415954415955,99,32,0.16666666666666666,True,True,False,0.8333333333333334,0.42021980000208714,726740,uniform
GRAND,192,1%,0.009704415954415955,0.009704415954415955,99,32,0.16666666666666666,True,True,False,0.8333333333333334,0.23553679999895394,147889,aware
LDPC,192,1%,0.009704415954415955,0.009704415954415955,100,72,0.375,True,True,False,0.625,0.0011212999997951556,1,uniform
LDPC,192,1%,0.009704415954415955,0.009704415954415955,100,72,0.375,True,True,False,0.625,0.0007283000013558194,1,aware
GRAND,192,1%,0.009704415954415955,0.009704415954415955,100,32,0.16666666666666666,True,True,False,0.8333333333333334,0.00013689999832422473,1,uniform
GRAND,192,1%,0.009704415954415955,0.009704415954415955,100,31,0.16145833333333334,True,True,False,0.8385416666666666,0.0002826999989338219,1,aware
LDPC,192,1%,0.009704415954415955,0.009704415954415955,101,72,0.375,True,True,False,0.625,0.0004412000016600359,1,uniform
LDPC,192,1%,0.009704415954415955,0.009704415954415955,101,72,0.375,True,True,False,0.625,0.0003028999999514781,1,aware
GRAND,192,1%,0.009704415954415955,0.009704415954415955,101,32,0.16666666666666666,True,True,False,0.8333333333333334,7.000000186963007e-05,1,uniform
GRAND,192,1%,0.009704415954415955,0.009704415954415955,101,31,0.16145833333333334,True,True,False,0.8385416666666666,9.940000018104911e-05,1,aware
LDPC,192,1%,0.009704415954415955,0.009704415954415955,102,72,0.375,True,True,False,0.625,0.0003407000003790017,1,uniform
LDPC,192,1%,0.009704415954415955,0.009704415954415955,102,72,0.375,True,True,False,0.625,0.00028509999901871197,1,aware
GRAND,192,1%,0.009704415954415955,0.009704415954415955,102,32,0.16666666666666666,True,True,False,0.8333333333333334,5.5100001191021875e-05,1,uniform
GRAND,192,1%,0.009704415954415955,0.009704415954415955,102,30,0.15625,True,True,False,0.84375,8.350000280188397e-05,1,aware
LDPC,192,1%,0.009704415954415955,0.009704415954415955,103,72,0.375,True,True,False,0.625,0.00032170000122278,1,uniform
LDPC,192,1%,0.009704415954415955,0.009704415954415955,103,72,0.375,True,True,False,0.625,0.00028390000079525635,1,aware
GRAND,192,1%,0.009704415954415955,0.009704415954415955,103,32,0.16666666666666666,True,True,False,0.8333333333333334,0.00011280000035185367,118,uniform
GRAND,192,1%,0.009704415954415955,0.009704415954415955,103,31,0.16145833333333334,True,True,False,0.8385416666666666,0.00016379999942728318,61,aware
LDPC,192,1%,0.009704415954415955,0.009704415954415955,104,72,0.375,True,True,False,0.625,0.00031970000054570846,1,uniform
LDPC,192,1%,0.009704415954415955,0.009704415954415955,104,72,0.375,True,True,False,0.625,0.00028590000147232786,1,aware
GRAND,192,1%,0.009704415954415955,0.009704415954415955,104,32,0.16666666666666666,True,True,False,0.8333333333333334,9.930000305757858e-05,99,uniform
GRAND,192,1%,0.009704415954415955,0.009704415954415955,104,31,0.16145833333333334,True,True,False,0.8385416666666666,0.0001506000007793773,54,aware
LDPC,192,1%,0.009704415954415955,0.009704415954415955,105,72,0.375,True,True,False,0.625,0.0003311000000394415,1,uniform
LDPC,192,1%,0.009704415954415955,0.009704415954415955,105,72,0.375,True,True,False,0.625,0.00029210000138846226,1,aware
GRAND,192,1%,0.009704415954415955,0.009704415954415955,105,32,0.16666666666666666,True,True,False,0.8333333333333334,9.57000011112541e-05,64,uniform
GRAND,192,1%,0.009704415954415955,0.009704415954415955,105,31,0.16145833333333334,True,True,False,0.8385416666666666,0.00013160000162315555,37,aware
LDPC,192,1%,0.009704415954415955,0.009704415954415955,106,72,0.375,True,True,False,0.625,0.0011463000009825919,1,uniform
LDPC,192,1%,0.009704415954415955,0.009704415954415955,106,72,0.375,True,True,False,0.625,0.0004588000010699034,1,aware
GRAND,192,1%,0.009704415954415955,0.009704415954415955,106,32,0.16666666666666666,True,True,False,0.8333333333333334,0.004274599999916973,8820,uniform
GRAND,192,1%,0.009704415954415955,0.009704415954415955,106,31,0.16145833333333334,True,True,False,0.8385416666666666,0.0026307999978598673,1964,aware
LDPC,192,1%,0.009704415954415955,0.009704415954415955,107,72,0.375,True,True,False,0.625,0.0003422999980102759,1,uniform
LDPC,192,1%,0.009704415954415955,0.009704415954415955,107,72,0.375,True,True,False,0.625,0.00028959999690414406,1,aware
GRAND,192,1%,0.009704415954415955,0.009704415954415955,107,32,0.16666666666666666,True,True,False,0.8333333333333334,0.0074115000024903566,10900,uniform
GRAND,192,1%,0.009704415954415955,0.009704415954415955,107,32,0.16666666666666666,True,True,False,0.8333333333333334,0.030399299997952767,16932,aware
LDPC,192,1%,0.009704415954415955,0.009704415954415955,108,72,0.375,True,True,False,0.625,0.0004138000003877096,1,uniform
LDPC,192,1%,0.009704415954415955,0.009704415954415955,108,72,0.375,True,True,False,0.625,0.0003023999997822102,1,aware
GRAND,192,1%,0.009704415954415955,0.009704415954415955,108,32,0.16666666666666666,False,False,False,0.0,1.347535599998082,2000000,uniform
GRAND,192,1%,0.009704415954415955,0.009704415954415955,108,32,0.16666666666666666,False,False,False,0.0,3.642822400001023,2000000,aware
LDPC,192,1%,0.009704415954415955,0.009704415954415955,109,72,0.375,True,True,False,0.625,0.0010696999997890089,1,uniform
LDPC,192,1%,0.009704415954415955,0.009704415954415955,109,72,0.375,True,True,False,0.625,0.0006554999999934807,1,aware
GRAND,192,1%,0.009704415954415955,0.009704415954415955,109,32,0.16666666666666666,True,True,False,0.8333333333333334,0.0036083999984839465,7298,uniform
GRAND,192,1%,0.009704415954415955,0.009704415954415955,109,32,0.16666666666666666,True,True,False,0.8333333333333334,0.003204200002073776,2283,aware
LDPC,192,1%,0.009704415954415955,0.009704415954415955,110,72,0.375,True,True,False,0.625,0.00035570000181905925,1,uniform
LDPC,192,1%,0.009704415954415955,0.009704415954415955,110,72,0.375,True,True,False,0.625,0.00030360000164364465,1,aware
GRAND,192,1%,0.009704415954415955,0.009704415954415955,110,32,0.16666666666666666,True,True,False,0.8333333333333334,0.00010859999747481197,98,uniform
GRAND,192,1%,0.009704415954415955,0.009704415954415955,110,31,0.16145833333333334,True,True,False,0.8385416666666666,0.0001556999995955266,49,aware
LDPC,192,1%,0.009704415954415955,0.009704415954415955,111,72,0.375,True,True,False,0.625,0.00033400000029359944,1,uniform
LDPC,192,1%,0.009704415954415955,0.009704415954415955,111,72,0.375,True,True,False,0.625,0.002463799999532057,1,aware
GRAND,192,1%,0.009704415954415955,0.009704415954415955,111,32,0.16666666666666666,True,True,False,0.8333333333333334,0.0003811000024143141,100,uniform
GRAND,192,1%,0.009704415954415955,0.009704415954415955,111,32,0.16666666666666666,True,True,False,0.8333333333333334,0.0005660999995598104,53,aware
LDPC,192,1%,0.009704415954415955,0.009704415954415955,112,72,0.375,True,True,False,0.625,0.0017095000002882443,12,uniform
LDPC,192,1%,0.009704415954415955,0.009704415954415955,112,72,0.375,True,True,False,0.625,0.000840000000607688,6,aware
GRAND,192,1%,0.009704415954415955,0.009704415954415955,112,32,0.16666666666666666,False,False,False,0.0,1.7672999999995227,2000000,uniform
GRAND,192,1%,0.009704415954415955,0.009704415954415955,112,31,0.16145833333333334,False,False,False,0.0,4.448295199999848,2000000,aware
LDPC,192,1%,0.009704415954415955,0.009704415954415955,113,72,0.375,True,True,False,0.625,0.0004214000000501983,1,uniform
LDPC,192,1%,0.009704415954415955,0.009704415954415955,113,72,0.375,True,True,False,0.625,0.00033510000139358453,1,aware
GRAND,192,1%,0.009704415954415955,0.009704415954415955,113,32,0.16666666666666666,True,True,False,0.8333333333333334,0.0001021999996737577,58,uniform
GRAND,192,1%,0.009704415954415955,0.009704415954415955,113,32,0.16666666666666666,True,True,False,0.8333333333333334,0.0001694999991741497,39,aware
LDPC,192,1%,0.009704415954415955,0.009704415954415955,114,72,0.375,True,True,False,0.625,0.0004186000005574897,1,uniform
LDPC,192,1%,0.009704415954415955,0.009704415954415955,114,72,0.375,True,True,False,0.625,0.0003295999995316379,1,aware
GRAND,192,1%,0.009704415954415955,0.009704415954415955,114,32,0.16666666666666666,True,True,False,0.8333333333333334,6.500000017695129e-05,1,uniform
GRAND,192,1%,0.009704415954415955,0.009704415954415955,114,31,0.16145833333333334,True,True,False,0.8385416666666666,0.00010010000187321566,1,aware
LDPC,192,1%,0.009704415954415955,0.009704415954415955,115,72,0.375,True,True,False,0.625,0.0007251999995787628,1,uniform
LDPC,192,1%,0.009704415954415955,0.009704415954415955,115,72,0.375,True,True,False,0.625,0.0006326000002445653,1,aware
GRAND,192,1%,0.009704415954415955,0.009704415954415955,115,32,0.16666666666666666,True,True,False,0.8333333333333334,0.00850660000287462,15409,uniform
GRAND,192,1%,0.009704415954415955,0.009704415954415955,115,31,0.16145833333333334,True,True,False,0.8385416666666666,0.009808099999645492,4048,aware
LDPC,192,1%,0.009704415954415955,0.009704415954415955,116,72,0.375,True,True,False,0.625,0.0004139000011491589,1,uniform
LDPC,192,1%,0.009704415954415955,0.009704415954415955,116,72,0.375,True,True,False,0.625,0.0003375999986019451,1,aware
GRAND,192,1%,0.009704415954415955,0.009704415954415955,116,32,0.16666666666666666,True,True,False,0.8333333333333334,0.11622839999836287,184486,uniform
GRAND,192,1%,0.009704415954415955,0.009704415954415955,116,30,0.15625,True,True,False,0.84375,0.8065974999990431,478171,aware
LDPC,192,1%,0.009704415954415955,0.009704415954415955,117,72,0.375,True,True,False,0.625,0.0008853999970597215,2,uniform
LDPC,192,1%,0.009704415954415955,0.009704415954415955,117,72,0.375,True,True,False,0.625,0.0007920999996713363,2,aware
GRAND,192,1%,0.009704415954415955,0.009704415954415955,117,32,0.16666666666666666,True,True,False,0.8333333333333334,0.7007935000001453,1164477,uniform
GRAND,192,1%,0.009704415954415955,0.009704415954415955,117,31,0.16145833333333334,True,True,False,0.8385416666666666,0.3279191000001447,179069,aware
LDPC,192,1%,0.009704415954415955,0.009704415954415955,118,72,0.375,True,True,False,0.625,0.0007282999977178406,4,uniform
LDPC,192,1%,0.009704415954415955,0.009704415954415955,118,72,0.375,True,True,False,0.625,0.0005363999989640433,3,aware
GRAND,192,1%,0.009704415954415955,0.009704415954415955,118,32,0.16666666666666666,False,False,False,0.0,1.3454060000003665,2000000,uniform
GRAND,192,1%,0.009704415954415955,0.009704415954415955,118,31,0.16145833333333334,False,False,False,0.0,4.291824200001429,2000000,aware
LDPC,192,1%,0.009704415954415955,0.009704415954415955,119,72,0.375,True,True,False,0.625,0.00037000000156695023,1,uniform
LDPC,192,1%,0.009704415954415955,0.009704415954415955,119,72,0.375,True,True,False,0.625,0.00029089999952702783,1,aware
GRAND,192,1%,0.009704415954415955,0.009704415954415955,119,32,0.16666666666666666,True,True,False,0.8333333333333334,0.009119999998802086,16752,uniform
GRAND,192,1%,0.009704415954415955,0.009704415954415955,119,31,0.16145833333333334,True,True,False,0.8385416666666666,0.005513000000064494,4513,aware
LDPC,224,1%,0.009704415954415955,0.009704415954415955,0,42,0.1875,True,True,False,0.8125,0.0005610000007436611,3,uniform
LDPC,224,1%,0.009704415954415955,0.009704415954415955,0,42,0.1875,True,True,False,0.8125,0.00042659999962779693,3,aware
GRAND,224,1%,0.009704415954415955,0.009704415954415955,0,34,0.15178571428571427,True,True,False,0.8482142857142857,0.43973059999916586,776096,uniform
GRAND,224,1%,0.009704415954415955,0.009704415954415955,0,34,0.15178571428571427,True,True,False,0.8482142857142857,0.5951290000011795,385046,aware
LDPC,224,1%,0.009704415954415955,0.009704415954415955,1,42,0.1875,True,True,False,0.8125,0.0003448999996180646,1,uniform
LDPC,224,1%,0.009704415954415955,0.009704415954415955,1,42,0.1875,True,True,False,0.8125,0.000247500000114087,1,aware
GRAND,224,1%,0.009704415954415955,0.009704415954415955,1,34,0.15178571428571427,True,True,False,0.8482142857142857,0.004046800000651274,5252,uniform
GRAND,224,1%,0.009704415954415955,0.009704415954415955,1,33,0.14732142857142858,True,True,False,0.8526785714285714,0.021057900001324015,15540,aware
LDPC,224,1%,0.009704415954415955,0.009704415954415955,2,42,0.1875,True,True,False,0.8125,0.0004459000010683667,2,uniform
LDPC,224,1%,0.009704415954415955,0.009704415954415955,2,42,0.1875,True,True,False,0.8125,0.0003428999989409931,2,aware
GRAND,224,1%,0.009704415954415955,0.009704415954415955,2,34,0.15178571428571427,True,True,False,0.8482142857142857,0.00914560000092024,17404,uniform
GRAND,224,1%,0.009704415954415955,0.009704415954415955,2,34,0.15178571428571427,True,True,False,0.8482142857142857,0.0061353000019153114,4560,aware
LDPC,224,1%,0.009704415954415955,0.009704415954415955,3,42,0.1875,False,False,False,0.0,0.016831000000820495,120,uniform
LDPC,224,1%,0.009704415954415955,0.009704415954415955,3,42,0.1875,False,False,False,0.0,0.015751599999930477,120,aware
GRAND,224,1%,0.009704415954415955,0.009704415954415955,3,34,0.15178571428571427,True,True,False,0.8482142857142857,0.4098301000012725,689684,uniform
GRAND,224,1%,0.009704415954415955,0.009704415954415955,3,34,0.15178571428571427,True,True,False,0.8482142857142857,1.532943599999271,968037,aware
LDPC,224,1%,0.009704415954415955,0.009704415954415955,4,42,0.1875,True,True,False,0.8125,0.0006489999977929983,2,uniform
LDPC,224,1%,0.009704415954415955,0.009704415954415955,4,42,0.1875,True,True,False,0.8125,0.0005648000005749054,2,aware
GRAND,224,1%,0.009704415954415955,0.009704415954415955,4,34,0.15178571428571427,True,True,False,0.8482142857142857,0.9484701000001223,1768593,uniform
GRAND,224,1%,0.009704415954415955,0.009704415954415955,4,34,0.15178571428571427,True,True,False,0.8482142857142857,0.5012413000004017,235003,aware
LDPC,224,1%,0.009704415954415955,0.009704415954415955,5,42,0.1875,True,True,False,0.8125,0.0003660000002128072,1,uniform
LDPC,224,1%,0.009704415954415955,0.009704415954415955,5,42,0.1875,True,True,False,0.8125,0.0002586999980849214,1,aware
GRAND,224,1%,0.009704415954415955,0.009704415954415955,5,34,0.15178571428571427,True,True,False,0.8482142857142857,0.00014000000010128133,155,uniform
GRAND,224,1%,0.009704415954415955,0.009704415954415955,5,33,0.14732142857142858,True,True,False,0.8526785714285714,0.00019160000010742806,73,aware
LDPC,224,1%,0.009704415954415955,0.009704415954415955,6,42,0.1875,False,False,False,0.0,0.015897000001132255,120,uniform
LDPC,224,1%,0.009704415954415955,0.009704415954415955,6,42,0.1875,True,True,False,0.8125,0.0008510000006936025,7,aware
GRAND,224,1%,0.009704415954415955,0.009704415954415955,6,34,0.15178571428571427,True,True,False,0.8482142857142857,0.25709009999991395,413029,uniform
GRAND,224,1%,0.009704415954415955,0.009704415954415955,6,34,0.15178571428571427,True,True,False,0.8482142857142857,0.13348780000160332,79046,aware
LDPC,224,1%,0.009704415954415955,0.009704415954415955,7,42,0.1875,True,True,False,0.8125,0.0005813000025227666,3,uniform
LDPC,224,1%,0.009704415954415955,0.009704415954415955,7,42,0.1875,True,True,False,0.8125,0.00035600000046542846,2,aware
GRAND,224,1%,0.009704415954415955,0.009704415954415955,7,34,0.15178571428571427,True,True,False,0.8482142857142857,0.7307039000006625,1436925,uniform
GRAND,224,1%,0.009704415954415955,0.009704415954415955,7,34,0.15178571428571427,True,True,False,0.8482142857142857,0.3505531999981031,218153,aware
LDPC,224,1%,0.009704415954415955,0.009704415954415955,8,42,0.1875,True,True,False,0.8125,0.0003423999987717252,1,uniform
LDPC,224,1%,0.009704415954415955,0.009704415954415955,8,42,0.1875,True,True,False,0.8125,0.0002507999997760635,1,aware
GRAND,224,1%,0.009704415954415955,0.009704415954415955,8,34,0.15178571428571427,True,True,False,0.8482142857142857,0.00012090000018361025,114,uniform
GRAND,224,1%,0.009704415954415955,0.009704415954415955,8,32,0.14285714285714285,True,True,False,0.8571428571428571,0.00015730000086477958,45,aware
LDPC,224,1%,0.009704415954415955,0.009704415954415955,9,42,0.1875,True,True,False,0.8125,0.00037989999691490084,2,uniform
LDPC,224,1%,0.009704415954415955,0.009704415954415955,9,42,0.1875,True,True,False,0.8125,0.00024050000138231553,1,aware
GRAND,224,1%,0.009704415954415955,0.009704415954415955,9,34,0.15178571428571427,True,True,False,0.8482142857142857,0.00018369999816059135,278,uniform
GRAND,224,1%,0.009704415954415955,0.009704415954415955,9,33,0.14732142857142858,True,True,False,0.8526785714285714,0.013147199999366421,8728,aware
LDPC,224,1%,0.009704415954415955,0.009704415954415955,10,42,0.1875,True,True,False,0.8125,0.0003309999992779922,1,uniform
LDPC,224,1%,0.009704415954415955,0.009704415954415955,10,42,0.1875,True,True,False,0.8125,0.0002609000002848916,1,aware
GRAND,224,1%,0.009704415954415955,0.009704415954415955,10,34,0.15178571428571427,True,True,False,0.8482142857142857,0.00012439999773050658,113,uniform
GRAND,224,1%,0.009704415954415955,0.009704415954415955,10,33,0.14732142857142858,True,True,False,0.8526785714285714,0.0001733999997668434,53,aware
LDPC,224,1%,0.009704415954415955,0.009704415954415955,11,42,0.1875,True,True,False,0.8125,0.00025770000138436444,1,uniform
LDPC,224,1%,0.009704415954415955,0.009704415954415955,11,42,0.1875,True,True,False,0.8125,0.00024330000087502412,1,aware
GRAND,224,1%,0.009704415954415955,0.009704415954415955,11,34,0.15178571428571427,True,True,False,0.8482142857142857,0.007509700000809971,10527,uniform
GRAND,224,1%,0.009704415954415955,0.009704415954415955,11,33,0.14732142857142858,True,True,False,0.8526785714285714,0.0034707999984675553,2498,aware
LDPC,224,1%,0.009704415954415955,0.009704415954415955,12,42,0.1875,False,False,False,0.0,0.014572099997167243,120,uniform
LDPC,224,1%,0.009704415954415955,0.009704415954415955,12,42,0.1875,False,False,False,0.0,0.013818399998854147,120,aware
GRAND,224,1%,0.009704415954415955,0.009704415954415955,12,34,0.15178571428571427,False,False,False,0.0,1.130166899998585,2000000,uniform
GRAND,224,1%,0.009704415954415955,0.009704415954415955,12,34,0.15178571428571427,False,False,False,0.0,3.524559000001318,2000000,aware
LDPC,224,1%,0.009704415954415955,0.009704415954415955,13,42,0.1875,True,True,False,0.8125,0.0003448999996180646,1,uniform
LDPC,224,1%,0.009704415954415955,0.009704415954415955,13,42,0.1875,True,True,False,0.8125,0.00037479999809875153,2,aware
GRAND,224,1%,0.009704415954415955,0.009704415954415955,13,34,0.15178571428571427,True,True,False,0.8482142857142857,8.270000034826808e-05,22,uniform
GRAND,224,1%,0.009704415954415955,0.009704415954415955,13,35,0.15625,True,True,False,0.84375,0.00031179999859887175,137,aware
LDPC,224,1%,0.009704415954415955,0.009704415954415955,14,42,0.1875,True,True,False,0.8125,0.0009204999987559859,1,uniform
LDPC,224,1%,0.009704415954415955,0.009704415954415955,14,42,0.1875,True,True,False,0.8125,0.0003131000012217555,1,aware
GRAND,224,1%,0.009704415954415955,0.009704415954415955,14,34,0.15178571428571427,True,True,False,0.8482142857142857,6.930000017746352e-05,1,uniform
GRAND,224,1%,0.009704415954415955,0.009704415954415955,14,33,0.14732142857142858,True,True,False,0.8526785714285714,0.0001204999971378129,1,aware
LDPC,224,1%,0.009704415954415955,0.009704415954415955,15,42,0.1875,True,True,False,0.8125,0.0005079000002297107,3,uniform
LDPC,224,1%,0.009704415954415955,0.009704415954415955,15,42,0.1875,True,True,False,0.8125,0.00037650000012945384,2,aware
GRAND,224,1%,0.009704415954415955,0.009704415954415955,15,34,0.15178571428571427,True,True,False,0.8482142857142857,0.4585784999981115,848306,uniform
GRAND,224,1%,0.009704415954415955,0.009704415954415955,15,34,0.15178571428571427,True,True,False,0.8482142857142857,0.21230230000219308,126127,aware
LDPC,224,1%,0.009704415954415955,0.009704415954415955,16,42,0.1875,True,True,False,0.8125,0.00035209999987273477,1,uniform
LDPC,224,1%,0.009704415954415955,0.009704415954415955,16,42,0.1875,True,True,False,0.8125,0.0002506000018911436,1,aware
GRAND,224,1%,0.009704415954415955,0.009704415954415955,16,34,0.15178571428571427,True,True,False,0.8482142857142857,0.00011299999823677354,96,uniform
GRAND,224,1%,0.009704415954415955,0.009704415954415955,16,33,0.14732142857142858,True,True,False,0.8526785714285714,0.00016119999781949446,48,aware
LDPC,224,1%,0.009704415954415955,0.009704415954415955,17,42,0.1875,False,False,False,0.0,0.025671100000181468,120,uniform
LDPC,224,1%,0.009704415954415955,0.009704415954415955,17,42,0.1875,False,False,False,0.0,0.021292200002790196,120,aware
GRAND,224,1%,0.009704415954415955,0.009704415954415955,17,34,0.15178571428571427,False,False,False,0.0,1.1558168000010483,2000000,uniform
GRAND,224,1%,0.009704415954415955,0.009704415954415955,17,34,0.15178571428571427,False,False,False,0.0,4.040238699999463,2000000,aware
LDPC,224,1%,0.009704415954415955,0.009704415954415955,18,42,0.1875,False,False,False,0.0,0.015040499998576706,120,uniform
LDPC,224,1%,0.009704415954415955,0.009704415954415955,18,42,0.1875,False,False,False,0.0,0.01623470000049565,120,aware
GRAND,224,1%,0.009704415954415955,0.009704415954415955,18,34,0.15178571428571427,False,False,False,0.0,1.0690452000017103,2000000,uniform
GRAND,224,1%,0.009704415954415955,0.009704415954415955,18,34,0.15178571428571427,False,False,False,0.0,3.181486199999199,2000000,aware
LDPC,224,1%,0.009704415954415955,0.009704415954415955,19,42,0.1875,True,True,False,0.8125,0.00041259999852627516,2,uniform
LDPC,224,1%,0.009704415954415955,0.009704415954415955,19,42,0.1875,True,True,False,0.8125,0.00040439999793306924,3,aware
GRAND,224,1%,0.009704415954415955,0.009704415954415955,19,34,0.15178571428571427,True,True,False,0.8482142857142857,0.005546299998968607,8621,uniform
GRAND,224,1%,0.009704415954415955,0.009704415954415955,19,33,0.14732142857142858,True,True,False,0.8526785714285714,0.01692959999854793,12073,aware
LDPC,224,1%,0.009704415954415955,0.009704415954415955,20,42,0.1875,True,True,False,0.8125,0.0003224000029149465,1,uniform
LDPC,224,1%,0.009704415954415955,0.009704415954415955,20,42,0.1875,True,True,False,0.8125,0.0002314000012120232,1,aware
GRAND,224,1%,0.009704415954415955,0.009704415954415955,20,34,0.15178571428571427,True,True,False,0.8482142857142857,0.00014689999807160348,178,uniform
GRAND,224,1%,0.009704415954415955,0.009704415954415955,20,33,0.14732142857142858,True,True,False,0.8526785714285714,0.00019719999909284525,89,aware
LDPC,224,1%,0.009704415954415955,0.009704415954415955,21,42,0.1875,True,False,True,0.0,0.002404399998340523,26,uniform
LDPC,224,1%,0.009704415954415955,0.009704415954415955,21,42,0.1875,False,False,False,0.0,0.01537820000157808,120,aware
GRAND,224,1%,0.009704415954415955,0.009704415954415955,21,34,0.15178571428571427,True,True,False,0.8482142857142857,0.012114500001189299,22285,uniform
GRAND,224,1%,0.009704415954415955,0.009704415954415955,21,34,0.15178571428571427,True,True,False,0.8482142857142857,0.007695700001931982,6531,aware
LDPC,224,1%,0.009704415954415955,0.009704415954415955,22,42,0.1875,True,True,False,0.8125,0.0003372999999555759,1,uniform
LDPC,224,1%,0.009704415954415955,0.009704415954415955,22,42,0.1875,True,True,False,0.8125,0.0002358999990974553,1,aware
GRAND,224,1%,0.009704415954415955,0.009704415954415955,22,34,0.15178571428571427,True,True,False,0.8482142857142857,0.00014240000018617138,153,uniform
GRAND,224,1%,0.009704415954415955,0.009704415954415955,22,33,0.14732142857142858,True,True,False,0.8526785714285714,0.002227500001026783,64,aware
LDPC,224,1%,0.009704415954415955,0.009704415954415955,23,42,0.1875,True,True,False,0.8125,0.0008139999990817159,6,uniform
LDPC,224,1%,0.009704415954415955,0.009704415954415955,23,42,0.1875,True,True,False,0.8125,0.0006815000015194528,6,aware
GRAND,224,1%,0.009704415954415955,0.009704415954415955,23,34,0.15178571428571427,True,True,False,0.8482142857142857,0.8723773999990954,1771273,uniform
GRAND,224,1%,0.009704415954415955,0.009704415954415955,23,33,0.14732142857142858,True,True,False,0.8526785714285714,0.37692579999929876,228732,aware
LDPC,224,1%,0.009704415954415955,0.009704415954415955,24,42,0.1875,True,True,False,0.8125,0.0003446000009716954,1,uniform
LDPC,224,1%,0.009704415954415955,0.009704415954415955,24,42,0.1875,True,True,False,0.8125,0.0006983999992371537,1,aware
GRAND,224,1%,0.009704415954415955,0.009704415954415955,24,34,0.15178571428571427,True,True,False,0.8482142857142857,0.00014679999731015414,144,uniform
GRAND,224,1%,0.009704415954415955,0.009704415954415955,24,34,0.15178571428571427,True,True,False,0.8482142857142857,0.00021080000078654848,84,aware
LDPC,224,1%,0.009704415954415955,0.009704415954415955,25,42,0.1875,True,True,False,0.8125,0.0006844000017736107,5,uniform
LDPC,224,1%,0.009704415954415955,0.009704415954415955,25,42,0.1875,True,True,False,0.8125,0.0005216999998083338,4,aware
GRAND,224,1%,0.009704415954415955,0.009704415954415955,25,34,0.15178571428571427,True,True,False,0.8482142857142857,0.025158200001897058,45989,uniform
GRAND,224,1%,0.009704415954415955,0.009704415954415955,25,34,0.15178571428571427,True,True,False,0.8482142857142857,1.1545987000026798,741435,aware
LDPC,224,1%,0.009704415954415955,0.009704415954415955,26,42,0.1875,True,True,False,0.8125,0.0003237000018998515,1,uniform
LDPC,224,1%,0.009704415954415955,0.009704415954415955,26,42,0.1875,True,True,False,0.8125,0.00023210000290418975,1,aware
GRAND,224,1%,0.009704415954415955,0.009704415954415955,26,34,0.15178571428571427,True,True,False,0.8482142857142857,0.00015450000137207098,216,uniform
GRAND,224,1%,0.009704415954415955,0.009704415954415955,26,34,0.15178571428571427,True,True,False,0.8482142857142857,0.0002330999996047467,111,aware
LDPC,224,1%,0.009704415954415955,0.009704415954415955,27,42,0.1875,True,True,False,0.8125,0.0007965999975567684,7,uniform
LDPC,224,1%,0.009704415954415955,0.009704415954415955,27,42,0.1875,True,True,False,0.8125,0.0003171999996993691,2,aware
GRAND,224,1%,0.009704415954415955,0.009704415954415955,27,34,0.15178571428571427,True,True,False,0.8482142857142857,0.8750589000010223,1826999,uniform
GRAND,224,1%,0.009704415954415955,0.009704415954415955,27,34,0.15178571428571427,True,True,False,0.8482142857142857,0.42245249999905354,291691,aware
LDPC,224,1%,0.009704415954415955,0.009704415954415955,28,42,0.1875,True,True,False,0.8125,0.000512500002514571,3,uniform
LDPC,224,1%,0.009704415954415955,0.009704415954415955,28,42,0.1875,True,True,False,0.8125,0.0032476999986101873,8,aware
GRAND,224,1%,0.009704415954415955,0.009704415954415955,28,34,0.15178571428571427,False,False,False,0.0,1.055512599999929,2000000,uniform
GRAND,224,1%,0.009704415954415955,0.009704415954415955,28,33,0.14732142857142858,False,False,False,0.0,3.004515900000115,2000000,aware
LDPC,224,1%,0.009704415954415955,0.009704415954415955,29,42,0.1875,True,True,False,0.8125,0.00032469999860040843,1,uniform
LDPC,224,1%,0.009704415954415955,0.009704415954415955,29,42,0.1875,True,True,False,0.8125,0.00023630000214325264,1,aware
GRAND,224,1%,0.009704415954415955,0.009704415954415955,29,34,0.15178571428571427,True,True,False,0.8482142857142857,8.430000161752105e-05,38,uniform
GRAND,224,1%,0.009704415954415955,0.009704415954415955,29,34,0.15178571428571427,True,True,False,0.8482142857142857,0.0002538999979151413,129,aware
LDPC,224,1%,0.009704415954415955,0.009704415954415955,30,42,0.1875,False,False,False,0.0,0.014104699999734294,120,uniform
LDPC,224,1%,0.009704415954415955,0.009704415954415955,30,42,0.1875,False,False,False,0.0,0.015215799998259172,120,aware
GRAND,224,1%,0.009704415954415955,0.009704415954415955,30,34,0.15178571428571427,True,True,False,0.8482142857142857,0.005691999998816755,10325,uniform
GRAND,224,1%,0.009704415954415955,0.009704415954415955,30,34,0.15178571428571427,True,True,False,0.8482142857142857,0.012782999998307787,9742,aware
LDPC,224,1%,0.009704415954415955,0.009704415954415955,31,42,0.1875,True,True,False,0.8125,0.0009862000006251037,3,uniform
LDPC,224,1%,0.009704415954415955,0.009704415954415955,31,42,0.1875,True,True,False,0.8125,0.0004412000016600359,3,aware
GRAND,224,1%,0.009704415954415955,0.009704415954415955,31,34,0.15178571428571427,True,True,False,0.8482142857142857,0.2245543999997608,473923,uniform
GRAND,224,1%,0.009704415954415955,0.009704415954415955,31,33,0.14732142857142858,True,True,False,0.8526785714285714,0.444959899999958,293779,aware
LDPC,224,1%,0.009704415954415955,0.009704415954415955,32,42,0.1875,True,True,False,0.8125,0.0005335999994713347,3,uniform
LDPC,224,1%,0.009704415954415955,0.009704415954415955,32,42,0.1875,True,True,False,0.8125,0.00042100000064237975,3,aware
GRAND,224,1%,0.009704415954415955,0.009704415954415955,32,34,0.15178571428571427,True,True,False,0.8482142857142857,0.1172246999994968,199559,uniform
GRAND,224,1%,0.009704415954415955,0.009704415954415955,32,33,0.14732142857142858,True,True,False,0.8526785714285714,0.3955915999977151,242133,aware
LDPC,224,1%,0.009704415954415955,0.009704415954415955,33,42,0.1875,False,False,False,0.0,0.012556399997265544,120,uniform
LDPC,224,1%,0.009704415954415955,0.009704415954415955,33,42,0.1875,False,False,False,0.0,0.012457699998776661,120,aware
GRAND,224,1%,0.009704415954415955,0.009704415954415955,33,34,0.15178571428571427,False,False,False,0.0,1.0227553000004264,2000000,uniform
GRAND,224,1%,0.009704415954415955,0.009704415954415955,33,34,0.15178571428571427,False,False,False,0.0,3.2030898000011803,2000000,aware
LDPC,224,1%,0.009704415954415955,0.009704415954415955,34,42,0.1875,True,True,False,0.8125,0.0003432000012253411,1,uniform
LDPC,224,1%,0.009704415954415955,0.009704415954415955,34,42,0.1875,True,True,False,0.8125,0.00024280000070575625,1,aware
GRAND,224,1%,0.009704415954415955,0.009704415954415955,34,34,0.15178571428571427,True,True,False,0.8482142857142857,0.000148899998748675,183,uniform
GRAND,224,1%,0.009704415954415955,0.009704415954415955,34,34,0.15178571428571427,True,True,False,0.8482142857142857,0.0002113999980792869,98,aware
LDPC,224,1%,0.009704415954415955,0.009704415954415955,35,42,0.1875,True,True,False,0.8125,0.0007013000031292904,3,uniform
LDPC,224,1%,0.009704415954415955,0.009704415954415955,35,42,0.1875,True,True,False,0.8125,0.0004275999999663327,3,aware
GRAND,224,1%,0.009704415954415955,0.009704415954415955,35,34,0.15178571428571427,True,True,False,0.8482142857142857,0.5663242999980866,1196724,uniform
GRAND,224,1%,0.009704415954415955,0.009704415954415955,35,34,0.15178571428571427,True,True,False,0.8482142857142857,0.29730239999844343,194883,aware
LDPC,224,1%,0.009704415954415955,0.009704415954415955,36,42,0.1875,True,True,False,0.8125,0.0006930999988981057,5,uniform
LDPC,224,1%,0.009704415954415955,0.009704415954415955,36,42,0.1875,True,True,False,0.8125,0.00040860000081011094,3,aware
GRAND,224,1%,0.009704415954415955,0.009704415954415955,36,34,0.15178571428571427,False,False,False,0.0,0.8964401000012003,2000000,uniform
GRAND,224,1%,0.009704415954415955,0.009704415954415955,36,34,0.15178571428571427,False,False,False,0.0,2.931675100000575,2000000,aware
LDPC,224,1%,0.009704415954415955,0.009704415954415955,37,42,0.1875,False,False,False,0.0,0.012994699998671422,120,uniform
LDPC,224,1%,0.009704415954415955,0.009704415954415955,37,42,0.1875,False,False,False,0.0,0.01270949999889126,120,aware
GRAND,224,1%,0.009704415954415955,0.009704415954415955,37,34,0.15178571428571427,False,False,False,0.0,1.0934780000025057,2000000,uniform
GRAND,224,1%,0.009704415954415955,0.009704415954415955,37,33,0.14732142857142858,False,False,False,0.0,2.914856699997472,2000000,aware
LDPC,224,1%,0.009704415954415955,0.009704415954415955,38,42,0.1875,True,True,False,0.8125,0.00043250000089756213,2,uniform
LDPC,224,1%,0.009704415954415955,0.009704415954415955,38,42,0.1875,True,True,False,0.8125,0.0016066000025602989,2,aware
GRAND,224,1%,0.009704415954415955,0.009704415954415955,38,34,0.15178571428571427,True,True,False,0.8482142857142857,0.5203156999996281,1064770,uniform
GRAND,224,1%,0.009704415954415955,0.009704415954415955,38,34,0.15178571428571427,True,True,False,0.8482142857142857,0.22412500000064028,156037,aware
LDPC,224,1%,0.009704415954415955,0.009704415954415955,39,42,0.1875,True,True,False,0.8125,0.000314799999614479,1,uniform
LDPC,224,1%,0.009704415954415955,0.009704415954415955,39,42,0.1875,True,True,False,0.8125,0.00035120000029564835,1,aware
GRAND,224,1%,0.009704415954415955,0.009704415954415955,39,34,0.15178571428571427,True,True,False,0.8482142857142857,8.959999831859022e-05,61,uniform
GRAND,224,1%,0.009704415954415955,0.009704415954415955,39,33,0.14732142857142858,True,True,False,0.8526785714285714,0.0002576000006229151,141,aware
LDPC,224,1%,0.009704415954415955,0.009704415954415955,40,42,0.1875,True,True,False,0.8125,0.000514600000315113,1,uniform
LDPC,224,1%,0.009704415954415955,0.009704415954415955,40,42,0.1875,True,True,False,0.8125,0.0006658000020252075,1,aware
GRAND,224,1%,0.009704415954415955,0.009704415954415955,40,34,0.15178571428571427,True,True,False,0.8482142857142857,0.00572219999958179,14298,uniform
GRAND,224,1%,0.009704415954415955,0.009704415954415955,40,33,0.14732142857142858,True,True,False,0.8526785714285714,0.0034927999986393843,3087,aware
LDPC,224,1%,0.009704415954415955,0.009704415954415955,41,42,0.1875,True,True,False,0.8125,0.00045930000123917125,3,uniform
LDPC,224,1%,0.009704415954415955,0.009704415954415955,41,42,0.1875,True,True,False,0.8125,0.0003673999999591615,3,aware
GRAND,224,1%,0.009704415954415955,0.009704415954415955,41,34,0.15178571428571427,True,True,False,0.8482142857142857,0.0013891999988118187,2948,uniform
GRAND,224,1%,0.009704415954415955,0.009704415954415955,41,34,0.15178571428571427,True,True,False,0.8482142857142857,0.0013744999996561091,1168,aware
LDPC,224,1%,0.009704415954415955,0.009704415954415955,42,42,0.1875,True,True,False,0.8125,0.0006289000011747703,1,uniform
LDPC,224,1%,0.009704415954415955,0.009704415954415955,42,42,0.1875,True,True,False,0.8125,0.0003097000007983297,1,aware
GRAND,224,1%,0.009704415954415955,0.009704415954415955,42,34,0.15178571428571427,True,True,False,0.8482142857142857,0.00703080000312184,16910,uniform
GRAND,224,1%,0.009704415954415955,0.009704415954415955,42,33,0.14732142857142858,True,True,False,0.8526785714285714,0.004176200000074459,3756,aware
LDPC,224,1%,0.009704415954415955,0.009704415954415955,43,42,0.1875,True,True,False,0.8125,0.0007134000006772112,6,uniform
LDPC,224,1%,0.009704415954415955,0.009704415954415955,43,42,0.1875,True,True,False,0.8125,0.000552199999219738,5,aware
GRAND,224,1%,0.009704415954415955,0.009704415954415955,43,34,0.15178571428571427,True,True,False,0.8482142857142857,0.005749500000092667,12735,uniform
GRAND,224,1%,0.009704415954415955,0.009704415954415955,43,33,0.14732142857142858,True,True,False,0.8526785714285714,0.004095500000403263,3490,aware
LDPC,224,1%,0.009704415954415955,0.009704415954415955,44,42,0.1875,True,True,False,0.8125,0.0002877000006265007,1,uniform
LDPC,224,1%,0.009704415954415955,0.009704415954415955,44,42,0.1875,True,True,False,0.8125,0.00021130000095581636,1,aware
GRAND,224,1%,0.009704415954415955,0.009704415954415955,44,34,0.15178571428571427,True,True,False,0.8482142857142857,0.00011359999916749075,145,uniform
GRAND,224,1%,0.009704415954415955,0.009704415954415955,44,34,0.15178571428571427,True,True,False,0.8482142857142857,0.00016770000001997687,77,aware
LDPC,224,1%,0.009704415954415955,0.009704415954415955,45,42,0.1875,True,True,False,0.8125,0.0002361999977438245,1,uniform
LDPC,224,1%,0.009704415954415955,0.009704415954415955,45,42,0.1875,True,True,False,0.8125,0.00020330000188550912,1,aware
GRAND,224,1%,0.009704415954415955,0.009704415954415955,45,34,0.15178571428571427,True,True,False,0.8482142857142857,8.86999987415038e-05,99,uniform
GRAND,224,1%,0.009704415954415955,0.009704415954415955,45,34,0.15178571428571427,True,True,False,0.8482142857142857,0.0002627000030770432,163,aware
LDPC,224,1%,0.009704415954415955,0.009704415954415955,46,42,0.1875,True,True,False,0.8125,0.0003842999976768624,3,uniform
LDPC,224,1%,0.009704415954415955,0.009704415954415955,46,42,0.1875,True,True,False,0.8125,0.00035709999792743474,3,aware
GRAND,224,1%,0.009704415954415955,0.009704415954415955,46,34,0.15178571428571427,True,True,False,0.8482142857142857,0.09557439999844064,222749,uniform
GRAND,224,1%,0.009704415954415955,0.009704415954415955,46,34,0.15178571428571427,True,True,False,0.8482142857142857,0.42623160000221105,306628,aware
LDPC,224,1%,0.009704415954415955,0.009704415954415955,47,42,0.1875,True,True,False,0.8125,0.00032139999893843196,1,uniform
LDPC,224,1%,0.009704415954415955,0.009704415954415955,47,42,0.1875,True,True,False,0.8125,0.00022770000214222819,1,aware
GRAND,224,1%,0.009704415954415955,0.009704415954415955,47,34,0.15178571428571427,True,True,False,0.8482142857142857,6.229999780771323e-05,1,uniform
GRAND,224,1%,0.009704415954415955,0.009704415954415955,47,34,0.15178571428571427,True,True,False,0.8482142857142857,9.270000009564683e-05,1,aware
LDPC,224,1%,0.009704415954415955,0.009704415954415955,48,42,0.1875,True,True,False,0.8125,0.0002562000008765608,1,uniform
LDPC,224,1%,0.009704415954415955,0.009704415954415955,48,42,0.1875,True,True,False,0.8125,0.00021489999926416203,1,aware
GRAND,224,1%,0.009704415954415955,0.009704415954415955,48,34,0.15178571428571427,True,True,False,0.8482142857142857,9.370000043418258e-05,93,uniform
GRAND,224,1%,0.009704415954415955,0.009704415954415955,48,34,0.15178571428571427,True,True,False,0.8482142857142857,0.00013749999925494194,46,aware
LDPC,224,1%,0.009704415954415955,0.009704415954415955,49,42,0.1875,True,True,False,0.8125,0.00023380000129691325,1,uniform
LDPC,224,1%,0.009704415954415955,0.009704415954415955,49,42,0.1875,True,True,False,0.8125,0.000225499999942258,1,aware
GRAND,224,1%,0.009704415954415955,0.009704415954415955,49,34,0.15178571428571427,True,True,False,0.8482142857142857,9.770000178832561e-05,109,uniform
GRAND,224,1%,0.009704415954415955,0.009704415954415955,49,33,0.14732142857142858,True,True,False,0.8526785714285714,0.0001497999983257614,56,aware
LDPC,224,1%,0.009704415954415955,0.009704415954415955,50,42,0.1875,True,True,False,0.8125,0.00022669999816571362,1,uniform
LDPC,224,1%,0.009704415954415955,0.009704415954415955,50,42,0.1875,True,True,False,0.8125,0.00021019999985583127,1,aware
GRAND,224,1%,0.009704415954415955,0.009704415954415955,50,34,0.15178571428571427,True,True,False,0.8482142857142857,0.00014960000044084154,216,uniform
GRAND,224,1%,0.009704415954415955,0.009704415954415955,50,34,0.15178571428571427,True,True,False,0.8482142857142857,0.0002023999986704439,113,aware
LDPC,224,1%,0.009704415954415955,0.009704415954415955,51,42,0.1875,True,True,False,0.8125,0.0002268999996886123,1,uniform
LDPC,224,1%,0.009704415954415955,0.009704415954415955,51,42,0.1875,True,True,False,0.8125,0.0002106000029016286,1,aware
GRAND,224,1%,0.009704415954415955,0.009704415954415955,51,34,0.15178571428571427,True,True,False,0.8482142857142857,5.239999882178381e-05,1,uniform
GRAND,224,1%,0.009704415954415955,0.009704415954415955,51,34,0.15178571428571427,True,True,False,0.8482142857142857,8.650000017951243e-05,1,aware
LDPC,224,1%,0.009704415954415955,0.009704415954415955,52,42,0.1875,True,True,False,0.8125,0.0003983999995398335,3,uniform
LDPC,224,1%,0.009704415954415955,0.009704415954415955,52,42,0.1875,True,True,False,0.8125,0.0007198999992397148,5,aware
GRAND,224,1%,0.009704415954415955,0.009704415954415955,52,34,0.15178571428571427,True,True,False,0.8482142857142857,0.6679571000022406,1494408,uniform
GRAND,224,1%,0.009704415954415955,0.009704415954415955,52,34,0.15178571428571427,True,True,False,0.8482142857142857,0.8268438999984937,590832,aware
LDPC,224,1%,0.009704415954415955,0.009704415954415955,53,42,0.1875,True,True,False,0.8125,0.00032529999953112565,1,uniform
LDPC,224,1%,0.009704415954415955,0.009704415954415955,53,42,0.1875,True,True,False,0.8125,0.00022610000087297522,1,aware
GRAND,224,1%,0.009704415954415955,0.009704415954415955,53,34,0.15178571428571427,True,True,False,0.8482142857142857,0.010159099998418242,22026,uniform
GRAND,224,1%,0.009704415954415955,0.009704415954415955,53,34,0.15178571428571427,True,True,False,0.8482142857142857,0.007763699999486562,7105,aware
LDPC,224,1%,0.009704415954415955,0.009704415954415955,54,42,0.1875,False,False,False,0.0,0.012770600002113497,120,uniform
LDPC,224,1%,0.009704415954415955,0.009704415954415955,54,42,0.1875,False,False,False,0.0,0.01367240000035963,120,aware
GRAND,224,1%,0.009704415954415955,0.009704415954415955,54,34,0.15178571428571427,False,False,False,0.0,0.8759602999998606,2000000,uniform
GRAND,224,1%,0.009704415954415955,0.009704415954415955,54,33,0.14732142857142858,False,False,False,0.0,2.936588500000653,2000000,aware
LDPC,224,1%,0.009704415954415955,0.009704415954415955,55,42,0.1875,True,False,True,0.0,0.000543199999810895,1,uniform
LDPC,224,1%,0.009704415954415955,0.009704415954415955,55,42,0.1875,True,False,True,0.0,0.00033600000097067095,1,aware
GRAND,224,1%,0.009704415954415955,0.009704415954415955,55,34,0.15178571428571427,True,True,False,0.8482142857142857,0.0018944999974337406,2548,uniform
GRAND,224,1%,0.009704415954415955,0.009704415954415955,55,34,0.15178571428571427,True,True,False,0.8482142857142857,0.002235099997051293,854,aware
LDPC,224,1%,0.009704415954415955,0.009704415954415955,56,42,0.1875,True,True,False,0.8125,0.001066499997250503,3,uniform
LDPC,224,1%,0.009704415954415955,0.009704415954415955,56,42,0.1875,True,True,False,0.8125,0.0010776999988593161,2,aware
GRAND,224,1%,0.009704415954415955,0.009704415954415955,56,34,0.15178571428571427,True,True,False,0.8482142857142857,0.012083199999324279,20073,uniform
GRAND,224,1%,0.009704415954415955,0.009704415954415955,56,34,0.15178571428571427,True,True,False,0.8482142857142857,0.01059950000126264,5363,aware
LDPC,224,1%,0.009704415954415955,0.009704415954415955,57,42,0.1875,True,True,False,0.8125,0.0008429999979853164,3,uniform
LDPC,224,1%,0.009704415954415955,0.009704415954415955,57,42,0.1875,True,True,False,0.8125,0.000843699999677483,4,aware
GRAND,224,1%,0.009704415954415955,0.009704415954415955,57,34,0.15178571428571427,True,True,False,0.8482142857142857,0.7428194999993138,1513189,uniform
GRAND,224,1%,0.009704415954415955,0.009704415954415955,57,33,0.14732142857142858,True,True,False,0.8526785714285714,2.064802299999428,1565968,aware
LDPC,224,1%,0.009704415954415955,0.009704415954415955,58,42,0.1875,True,True,False,0.8125,0.0007394999993266538,6,uniform
LDPC,224,1%,0.009704415954415955,0.009704415954415955,58,42,0.1875,False,False,False,0.0,0.01115620000200579,120,aware
GRAND,224,1%,0.009704415954415955,0.009704415954415955,58,34,0.15178571428571427,False,False,False,0.0,0.8880328999985068,2000000,uniform
GRAND,224,1%,0.009704415954415955,0.009704415954415955,58,34,0.15178571428571427,False,False,False,0.0,2.7665841999987606,2000000,aware
LDPC,224,1%,0.009704415954415955,0.009704415954415955,59,42,0.1875,True,True,False,0.8125,0.0005639999981212895,4,uniform
LDPC,224,1%,0.009704415954415955,0.009704415954415955,59,42,0.1875,True,True,False,0.8125,0.0004606000002240762,4,aware
GRAND,224,1%,0.009704415954415955,0.009704415954415955,59,34,0.15178571428571427,True,True,False,0.8482142857142857,0.11009019999983138,263670,uniform
GRAND,224,1%,0.009704415954415955,0.009704415954415955,59,34,0.15178571428571427,True,True,False,0.8482142857142857,1.2821719000021403,917676,aware
LDPC,224,1%,0.009704415954415955,0.009704415954415955,60,42,0.1875,True,True,False,0.8125,0.0005152000012458302,3,uniform
LDPC,224,1%,0.009704415954415955,0.009704415954415955,60,42,0.1875,True,True,False,0.8125,0.0003935000022465829,3,aware
GRAND,224,1%,0.009704415954415955,0.009704415954415955,60,34,0.15178571428571427,True,True,False,0.8482142857142857,0.009416399996553082,24830,uniform
GRAND,224,1%,0.009704415954415955,0.009704415954415955,60,34,0.15178571428571427,True,True,False,0.8482142857142857,0.021217800000158604,18845,aware
LDPC,224,1%,0.009704415954415955,0.009704415954415955,61,42,0.1875,True,True,False,0.8125,0.0005492000018421095,4,uniform
LDPC,224,1%,0.009704415954415955,0.009704415954415955,61,42,0.1875,True,True,False,0.8125,0.0003666000011435244,3,aware
GRAND,224,1%,0.009704415954415955,0.009704415954415955,61,34,0.15178571428571427,False,False,False,0.0,0.906304000000091,2000000,uniform
GRAND,224,1%,0.009704415954415955,0.009704415954415955,61,34,0.15178571428571427,False,False,False,0.0,2.834635100000014,2000000,aware
LDPC,224,1%,0.009704415954415955,0.009704415954415955,62,42,0.1875,True,True,False,0.8125,0.0006393000003299676,5,uniform
LDPC,224,1%,0.009704415954415955,0.009704415954415955,62,42,0.1875,True,True,False,0.8125,0.0008491000007779803,3,aware
GRAND,224,1%,0.009704415954415955,0.009704415954415955,62,34,0.15178571428571427,True,True,False,0.8482142857142857,0.008383499996853061,16093,uniform
GRAND,224,1%,0.009704415954415955,0.009704415954415955,62,33,0.14732142857142858,True,True,False,0.8526785714285714,0.004061700001329882,3630,aware
LDPC,224,1%,0.009704415954415955,0.009704415954415955,63,42,0.1875,True,True,False,0.8125,0.0004975000010745134,3,uniform
LDPC,224,1%,0.009704415954415955,0.009704415954415955,63,42,0.1875,True,True,False,0.8125,0.0003842999976768624,3,aware
GRAND,224,1%,0.009704415954415955,0.009704415954415955,63,34,0.15178571428571427,False,False,False,0.0,0.9666090999999142,2000000,uniform
GRAND,224,1%,0.009704415954415955,0.009704415954415955,63,34,0.15178571428571427,False,False,False,0.0,2.8869510000004084,2000000,aware
LDPC,224,1%,0.009704415954415955,0.009704415954415955,64,42,0.1875,True,True,False,0.8125,0.00045989999853190966,1,uniform
LDPC,224,1%,0.009704415954415955,0.009704415954415955,64,42,0.1875,True,True,False,0.8125,0.00036139999792794697,1,aware
GRAND,224,1%,0.009704415954415955,0.009704415954415955,64,34,0.15178571428571427,True,True,False,0.8482142857142857,0.00010069999916595407,1,uniform
GRAND,224,1%,0.009704415954415955,0.009704415954415955,64,33,0.14732142857142858,True,True,False,0.8526785714285714,0.0001336999994236976,1,aware
LDPC,224,1%,0.009704415954415955,0.009704415954415955,65,42,0.1875,False,False,False,0.0,0.012293900002987357,120,uniform
LDPC,224,1%,0.009704415954415955,0.009704415954415955,65,42,0.1875,False,False,False,0.0,0.01027040000190027,120,aware
GRAND,224,1%,0.009704415954415955,0.009704415954415955,65,34,0.15178571428571427,False,False,False,0.0,0.9595569000011892,2000000,uniform
GRAND,224,1%,0.009704415954415955,0.009704415954415955,65,34,0.15178571428571427,False,False,False,0.0,3.364443799997389,2000000,aware
LDPC,224,1%,0.009704415954415955,0.009704415954415955,66,42,0.1875,True,True,False,0.8125,0.0003496999997878447,1,uniform
LDPC,224,1%,0.009704415954415955,0.009704415954415955,66,42,0.1875,True,True,False,0.8125,0.0002738999974098988,1,aware
GRAND,224,1%,0.009704415954415955,0.009704415954415955,66,34,0.15178571428571427,True,True,False,0.8482142857142857,0.00014260000170907006,145,uniform
GRAND,224,1%,0.009704415954415955,0.009704415954415955,66,33,0.14732142857142858,True,True,False,0.8526785714285714,0.00020220000078552403,72,aware
LDPC,224,1%,0.009704415954415955,0.009704415954415955,67,42,0.1875,False,False,False,0.0,0.019435099999100203,120,uniform
LDPC,224,1%,0.009704415954415955,0.009704415954415955,67,42,0.1875,False,False,False,0.0,0.015868200000113575,120,aware
GRAND,224,1%,0.009704415954415955,0.009704415954415955,67,34,0.15178571428571427,False,False,False,0.0,1.1276658999995561,2000000,uniform
GRAND,224,1%,0.009704415954415955,0.009704415954415955,67,32,0.14285714285714285,False,False,False,0.0,3.2185353000022587,2000000,aware
LDPC,224,1%,0.009704415954415955,0.009704415954415955,68,42,0.1875,True,True,False,0.8125,0.00031659999876865186,1,uniform
LDPC,224,1%,0.009704415954415955,0.009704415954415955,68,42,0.1875,True,True,False,0.8125,0.00023359999977401458,1,aware
GRAND,224,1%,0.009704415954415955,0.009704415954415955,68,34,0.15178571428571427,True,True,False,0.8482142857142857,0.0055204999989655335,13712,uniform
GRAND,224,1%,0.009704415954415955,0.009704415954415955,68,34,0.15178571428571427,True,True,False,0.8482142857142857,0.007014300001173979,3887,aware
LDPC,224,1%,0.009704415954415955,0.009704415954415955,69,42,0.1875,True,True,False,0.8125,0.0005888999985472765,3,uniform
LDPC,224,1%,0.009704415954415955,0.009704415954415955,69,42,0.1875,True,True,False,0.8125,0.0006815000015194528,6,aware
GRAND,224,1%,0.009704415954415955,0.009704415954415955,69,34,0.15178571428571427,True,True,False,0.8482142857142857,0.0009218999985023402,2200,uniform
GRAND,224,1%,0.009704415954415955,0.009704415954415955,69,33,0.14732142857142858,True,True,False,0.8526785714285714,0.02440999999816995,19100,aware
LDPC,224,1%,0.009704415954415955,0.009704415954415955,70,42,0.1875,True,False,True,0.0,0.0008335999991686549,2,uniform
LDPC,224,1%,0.009704415954415955,0.009704415954415955,70,42,0.1875,False,False,False,0.0,0.013199799999711104,120,aware
GRAND,224,1%,0.009704415954415955,0.009704415954415955,70,34,0.15178571428571427,True,True,False,0.8482142857142857,1.0093605000001844,1859266,uniform
GRAND,224,1%,0.009704415954415955,0.009704415954415955,70,34,0.15178571428571427,True,True,False,0.8482142857142857,1.2460280000013881,855242,aware
LDPC,224,1%,0.009704415954415955,0.009704415954415955,71,42,0.1875,True,True,False,0.8125,0.00034410000080242753,1,uniform
LDPC,224,1%,0.009704415954415955,0.009704415954415955,71,42,0.1875,True,True,False,0.8125,0.00026029999935417436,1,aware
GRAND,224,1%,0.009704415954415955,0.009704415954415955,71,34,0.15178571428571427,True,True,False,0.8482142857142857,0.011924599999474594,20391,uniform
GRAND,224,1%,0.009704415954415955,0.009704415954415955,71,34,0.15178571428571427,True,True,False,0.8482142857142857,0.006551099999342114,5512,aware
LDPC,224,1%,0.009704415954415955,0.009704415954415955,72,42,0.1875,False,False,False,0.0,0.014743899999302812,120,uniform
LDPC,224,1%,0.009704415954415955,0.009704415954415955,72,42,0.1875,False,False,False,0.0,0.013573799998994218,120,aware
GRAND,224,1%,0.009704415954415955,0.009704415954415955,72,34,0.15178571428571427,False,False,False,0.0,1.0696552000008523,2000000,uniform
GRAND,224,1%,0.009704415954415955,0.009704415954415955,72,32,0.14285714285714285,False,False,False,0.0,2.961728199999925,2000000,aware
LDPC,224,1%,0.009704415954415955,0.009704415954415955,73,42,0.1875,True,True,False,0.8125,0.0003242999991925899,1,uniform
LDPC,224,1%,0.009704415954415955,0.009704415954415955,73,42,0.1875,True,True,False,0.8125,0.00023519999740528874,1,aware
GRAND,224,1%,0.009704415954415955,0.009704415954415955,73,34,0.15178571428571427,True,True,False,0.8482142857142857,0.00010910000128205866,76,uniform
GRAND,224,1%,0.009704415954415955,0.009704415954415955,73,33,0.14732142857142858,True,True,False,0.8526785714285714,0.000278499999694759,146,aware
LDPC,224,1%,0.009704415954415955,0.009704415954415955,74,42,0.1875,True,True,False,0.8125,0.00026050000087707303,1,uniform
LDPC,224,1%,0.009704415954415955,0.009704415954415955,74,42,0.1875,True,True,False,0.8125,0.00022420000095735304,1,aware
GRAND,224,1%,0.009704415954415955,0.009704415954415955,74,34,0.15178571428571427,True,True,False,0.8482142857142857,0.0030230999982450157,7016,uniform
GRAND,224,1%,0.009704415954415955,0.009704415954415955,74,33,0.14732142857142858,True,True,False,0.8526785714285714,0.004865200000494951,2012,aware
LDPC,224,1%,0.009704415954415955,0.009704415954415955,75,42,0.1875,True,True,False,0.8125,0.000374399998690933,1,uniform
LDPC,224,1%,0.009704415954415955,0.009704415954415955,75,42,0.1875,True,True,False,0.8125,0.0002334000018890947,1,aware
GRAND,224,1%,0.009704415954415955,0.009704415954415955,75,34,0.15178571428571427,True,True,False,0.8482142857142857,8.650000017951243e-05,43,uniform
GRAND,224,1%,0.009704415954415955,0.009704415954415955,75,33,0.14732142857142858,True,True,False,0.8526785714285714,0.0001274999995075632,24,aware
LDPC,224,1%,0.009704415954415955,0.009704415954415955,76,42,0.1875,True,False,True,0.0,0.001301100001001032,13,uniform
LDPC,224,1%,0.009704415954415955,0.009704415954415955,76,42,0.1875,True,True,False,0.8125,0.0005683999988832511,5,aware
GRAND,224,1%,0.009704415954415955,0.009704415954415955,76,34,0.15178571428571427,False,False,False,0.0,0.964639999998326,2000000,uniform
GRAND,224,1%,0.009704415954415955,0.009704415954415955,76,33,0.14732142857142858,False,False,False,0.0,2.9680401000005077,2000000,aware
LDPC,224,1%,0.009704415954415955,0.009704415954415955,77,42,0.1875,True,True,False,0.8125,0.0003144000002066605,1,uniform
LDPC,224,1%,0.009704415954415955,0.009704415954415955,77,42,0.1875,True,True,False,0.8125,0.00022320000061881728,1,aware
GRAND,224,1%,0.009704415954415955,0.009704415954415955,77,34,0.15178571428571427,True,True,False,0.8482142857142857,6.240000220714137e-05,1,uniform
GRAND,224,1%,0.009704415954415955,0.009704415954415955,77,34,0.15178571428571427,True,True,False,0.8482142857142857,9.129999671131372e-05,1,aware
LDPC,224,1%,0.009704415954415955,0.009704415954415955,78,42,0.1875,True,True,False,0.8125,0.0002443000012135599,1,uniform
LDPC,224,1%,0.009704415954415955,0.009704415954415955,78,42,0.1875,True,True,False,0.8125,0.00021460000061779283,1,aware
GRAND,224,1%,0.009704415954415955,0.009704415954415955,78,34,0.15178571428571427,True,True,False,0.8482142857142857,5.3800002206116915e-05,1,uniform
GRAND,224,1%,0.009704415954415955,0.009704415954415955,78,34,0.15178571428571427,True,True,False,0.8482142857142857,8.709999747225083e-05,1,aware
LDPC,224,1%,0.009704415954415955,0.009704415954415955,79,42,0.1875,True,True,False,0.8125,0.00024259999918285757,1,uniform
LDPC,224,1%,0.009704415954415955,0.009704415954415955,79,42,0.1875,True,True,False,0.8125,0.00021320000087143853,1,aware
GRAND,224,1%,0.009704415954415955,0.009704415954415955,79,34,0.15178571428571427,True,True,False,0.8482142857142857,5.8900001022266224e-05,1,uniform
GRAND,224,1%,0.009704415954415955,0.009704415954415955,79,34,0.15178571428571427,True,True,False,0.8482142857142857,0.00010090000068885274,1,aware
LDPC,224,1%,0.009704415954415955,0.009704415954415955,80,42,0.1875,True,True,False,0.8125,0.0006709000008413568,1,uniform
LDPC,224,1%,0.009704415954415955,0.009704415954415955,80,42,0.1875,True,True,False,0.8125,0.0002860000022337772,1,aware
GRAND,224,1%,0.009704415954415955,0.009704415954415955,80,34,0.15178571428571427,True,True,False,0.8482142857142857,0.002059200000076089,4751,uniform
GRAND,224,1%,0.009704415954415955,0.009704415954415955,80,34,0.15178571428571427,True,True,False,0.8482142857142857,0.0014375999999174383,1142,aware
LDPC,224,1%,0.009704415954415955,0.009704415954415955,81,42,0.1875,True,True,False,0.8125,0.0003606999998737592,1,uniform
LDPC,224,1%,0.009704415954415955,0.009704415954415955,81,42,0.1875,True,True,False,0.8125,0.00021629999901051633,1,aware
GRAND,224,1%,0.009704415954415955,0.009704415954415955,81,34,0.15178571428571427,True,True,False,0.8482142857142857,8.650000017951243e-05,59,uniform
GRAND,224,1%,0.009704415954415955,0.009704415954415955,81,34,0.15178571428571427,True,True,False,0.8482142857142857,0.00012600000263773836,32,aware
LDPC,224,1%,0.009704415954415955,0.009704415954415955,82,42,0.1875,True,True,False,0.8125,0.0006630999996559694,6,uniform
LDPC,224,1%,0.009704415954415955,0.009704415954415955,82,42,0.1875,True,True,False,0.8125,0.0010556000015640166,11,aware
GRAND,224,1%,0.009704415954415955,0.009704415954415955,82,34,0.15178571428571427,False,False,False,0.0,1.002142499997717,2000000,uniform
GRAND,224,1%,0.009704415954415955,0.009704415954415955,82,33,0.14732142857142858,False,False,False,0.0,3.150560599999153,2000000,aware
LDPC,224,1%,0.009704415954415955,0.009704415954415955,83,42,0.1875,False,False,False,0.0,0.03008169999884558,120,uniform
LDPC,224,1%,0.009704415954415955,0.009704415954415955,83,42,0.1875,False,False,False,0.0,0.026189399999566376,120,aware
GRAND,224,1%,0.009704415954415955,0.009704415954415955,83,34,0.15178571428571427,False,False,False,0.0,1.1399959000009403,2000000,uniform
GRAND,224,1%,0.009704415954415955,0.009704415954415955,83,34,0.15178571428571427,False,False,False,0.0,3.3336415000012494,2000000,aware
LDPC,224,1%,0.009704415954415955,0.009704415954415955,84,42,0.1875,True,True,False,0.8125,0.0003279000011389144,1,uniform
LDPC,224,1%,0.009704415954415955,0.009704415954415955,84,42,0.1875,True,True,False,0.8125,0.00024449999909847975,1,aware
GRAND,224,1%,0.009704415954415955,0.009704415954415955,84,34,0.15178571428571427,True,True,False,0.8482142857142857,0.004088500001671491,8854,uniform
GRAND,224,1%,0.009704415954415955,0.009704415954415955,84,34,0.15178571428571427,True,True,False,0.8482142857142857,0.0033777000026020687,2729,aware
LDPC,224,1%,0.009704415954415955,0.009704415954415955,85,42,0.1875,True,False,True,0.0,0.003371400001924485,18,uniform
LDPC,224,1%,0.009704415954415955,0.009704415954415955,85,42,0.1875,True,False,True,0.0,0.001334699998551514,9,aware
GRAND,224,1%,0.009704415954415955,0.009704415954415955,85,34,0.15178571428571427,False,False,False,0.0,1.0163098000011814,2000000,uniform
GRAND,224,1%,0.009704415954415955,0.009704415954415955,85,34,0.15178571428571427,False,False,False,0.0,2.911326499997813,2000000,aware
LDPC,224,1%,0.009704415954415955,0.009704415954415955,86,42,0.1875,True,True,False,0.8125,0.0007822000006854068,1,uniform
LDPC,224,1%,0.009704415954415955,0.009704415954415955,86,42,0.1875,True,True,False,0.8125,0.00024080000002868474,1,aware
GRAND,224,1%,0.009704415954415955,0.009704415954415955,86,34,0.15178571428571427,True,True,False,0.8482142857142857,6.470000153058209e-05,1,uniform
GRAND,224,1%,0.009704415954415955,0.009704415954415955,86,33,0.14732142857142858,True,True,False,0.8526785714285714,9.750000026542693e-05,1,aware
LDPC,224,1%,0.009704415954415955,0.009704415954415955,87,42,0.1875,True,True,False,0.8125,0.0002950999987660907,1,uniform
LDPC,224,1%,0.009704415954415955,0.009704415954415955,87,42,0.1875,True,True,False,0.8125,0.00022470000112662092,1,aware
GRAND,224,1%,0.009704415954415955,0.009704415954415955,87,34,0.15178571428571427,True,True,False,0.8482142857142857,6.189999839989468e-05,1,uniform
GRAND,224,1%,0.009704415954415955,0.009704415954415955,87,34,0.15178571428571427,True,True,False,0.8482142857142857,9.240000144927762e-05,1,aware
LDPC,224,1%,0.009704415954415955,0.009704415954415955,88,42,0.1875,True,True,False,0.8125,0.0022943000003579073,24,uniform
LDPC,224,1%,0.009704415954415955,0.009704415954415955,88,42,0.1875,True,True,False,0.8125,0.0004847000018344261,4,aware
GRAND,224,1%,0.009704415954415955,0.009704415954415955,88,34,0.15178571428571427,True,True,False,0.8482142857142857,0.7989205999983824,1632443,uniform
GRAND,224,1%,0.009704415954415955,0.009704415954415955,88,34,0.15178571428571427,True,True,False,0.8482142857142857,0.33077959999718587,217526,aware
LDPC,224,1%,0.009704415954415955,0.009704415954415955,89,42,0.1875,True,True,False,0.8125,0.0005907000013394281,4,uniform
LDPC,224,1%,0.009704415954415955,0.009704415954415955,89,42,0.1875,True,True,False,0.8125,0.0005882000004930887,5,aware
GRAND,224,1%,0.009704415954415955,0.009704415954415955,89,34,0.15178571428571427,True,True,False,0.8482142857142857,0.6693989000013971,1381179,uniform
GRAND,224,1%,0.009704415954415955,0.009704415954415955,89,34,0.15178571428571427,True,True,False,0.8482142857142857,0.2905066000021179,194764,aware
LDPC,224,1%,0.009704415954415955,0.009704415954415955,90,42,0.1875,True,True,False,0.8125,0.00032439999995403923,1,uniform
LDPC,224,1%,0.009704415954415955,0.009704415954415955,90,42,0.1875,True,True,False,0.8125,0.00023940000028233044,1,aware
GRAND,224,1%,0.009704415954415955,0.009704415954415955,90,34,0.15178571428571427,True,True,False,0.8482142857142857,0.0001584999990882352,214,uniform
GRAND,224,1%,0.009704415954415955,0.009704415954415955,90,33,0.14732142857142858,True,True,False,0.8526785714285714,0.00023519999740528874,103,aware
LDPC,224,1%,0.009704415954415955,0.009704415954415955,91,42,0.1875,True,True,False,0.8125,0.000261799999861978,1,uniform
LDPC,224,1%,0.009704415954415955,0.009704415954415955,91,42,0.1875,True,True,False,0.8125,0.00022879999960423447,1,aware
GRAND,224,1%,0.009704415954415955,0.009704415954415955,91,34,0.15178571428571427,True,True,False,0.8482142857142857,0.00017280000247410499,218,uniform
GRAND,224,1%,0.009704415954415955,0.009704415954415955,91,34,0.15178571428571427,True,True,False,0.8482142857142857,0.00024569999732193537,111,aware
LDPC,224,1%,0.009704415954415955,0.009704415954415955,92,42,0.1875,True,True,False,0.8125,0.0002504999974917155,1,uniform
LDPC,224,1%,0.009704415954415955,0.009704415954415955,92,42,0.1875,True,True,False,0.8125,0.00022600000011152588,1,aware
GRAND,224,1%,0.009704415954415955,0.009704415954415955,92,34,0.15178571428571427,True,True,False,0.8482142857142857,0.00011230000018258579,135,uniform
GRAND,224,1%,0.009704415954415955,0.009704415954415955,92,33,0.14732142857142858,True,True,False,0.8526785714285714,0.00019500000053085387,67,aware
LDPC,224,1%,0.009704415954415955,0.009704415954415955,93,42,0.1875,True,False,True,0.0,0.008845000000292202,46,uniform
LDPC,224,1%,0.009704415954415955,0.009704415954415955,93,42,0.1875,True,True,False,0.8125,0.001097600001230603,6,aware
GRAND,224,1%,0.009704415954415955,0.009704415954415955,93,34,0.15178571428571427,False,False,False,0.0,1.2352916999989247,2000000,uniform
GRAND,224,1%,0.009704415954415955,0.009704415954415955,93,33,0.14732142857142858,False,False,False,0.0,3.1102151999984926,2000000,aware
LDPC,224,1%,0.009704415954415955,0.009704415954415955,94,42,0.1875,True,True,False,0.8125,0.00041540000165696256,2,uniform
LDPC,224,1%,0.009704415954415955,0.009704415954415955,94,42,0.1875,True,True,False,0.8125,0.00031989999843062833,2,aware
GRAND,224,1%,0.009704415954415955,0.009704415954415955,94,34,0.15178571428571427,True,True,False,0.8482142857142857,0.664491999999882,1227276,uniform
GRAND,224,1%,0.009704415954415955,0.009704415954415955,94,34,0.15178571428571427,True,True,False,0.8482142857142857,0.40603850000115926,247384,aware
LDPC,224,1%,0.009704415954415955,0.009704415954415955,95,42,0.1875,False,False,False,0.0,0.013623000002553454,120,uniform
LDPC,224,1%,0.009704415954415955,0.009704415954415955,95,42,0.1875,False,False,False,0.0,0.014029099998879246,120,aware
GRAND,224,1%,0.009704415954415955,0.009704415954415955,95,34,0.15178571428571427,False,False,False,0.0,1.0147490999988804,2000000,uniform
GRAND,224,1%,0.009704415954415955,0.009704415954415955,95,33,0.14732142857142858,False,False,False,0.0,3.003241299997171,2000000,aware
LDPC,224,1%,0.009704415954415955,0.009704415954415955,96,42,0.1875,True,True,False,0.8125,0.00039590000233147293,1,uniform
LDPC,224,1%,0.009704415954415955,0.009704415954415955,96,42,0.1875,True,True,False,0.8125,0.00024259999918285757,1,aware
GRAND,224,1%,0.009704415954415955,0.009704415954415955,96,34,0.15178571428571427,True,True,False,0.8482142857142857,6.630000279983506e-05,1,uniform
GRAND,224,1%,0.009704415954415955,0.009704415954415955,96,33,0.14732142857142858,True,True,False,0.8526785714285714,9.539999882690609e-05,1,aware
LDPC,224,1%,0.009704415954415955,0.009704415954415955,97,42,0.1875,True,True,False,0.8125,0.0019642000006570015,20,uniform
LDPC,224,1%,0.009704415954415955,0.009704415954415955,97,42,0.1875,True,True,False,0.8125,0.0007799999984854367,4,aware
GRAND,224,1%,0.009704415954415955,0.009704415954415955,97,34,0.15178571428571427,False,False,False,0.0,0.9754882999986876,2000000,uniform
GRAND,224,1%,0.009704415954415955,0.009704415954415955,97,34,0.15178571428571427,False,False,False,0.0,3.0309386999979324,2000000,aware
LDPC,224,1%,0.009704415954415955,0.009704415954415955,98,42,0.1875,False,False,False,0.0,0.013265599998703692,120,uniform
LDPC,224,1%,0.009704415954415955,0.009704415954415955,98,42,0.1875,True,True,False,0.8125,0.0010392000003776047,9,aware
GRAND,224,1%,0.009704415954415955,0.009704415954415955,98,34,0.15178571428571427,False,False,False,0.0,1.0741679999991902,2000000,uniform
GRAND,224,1%,0.009704415954415955,0.009704415954415955,98,34,0.15178571428571427,False,False,False,0.0,3.0071887000012794,2000000,aware
LDPC,224,1%,0.009704415954415955,0.009704415954415955,99,42,0.1875,True,True,False,0.8125,0.0003118999993603211,1,uniform
LDPC,224,1%,0.009704415954415955,0.009704415954415955,99,42,0.1875,True,True,False,0.8125,0.00022840000019641593,1,aware
GRAND,224,1%,0.009704415954415955,0.009704415954415955,99,34,0.15178571428571427,True,True,False,0.8482142857142857,0.5534550999982457,1129959,uniform
GRAND,224,1%,0.009704415954415955,0.009704415954415955,99,34,0.15178571428571427,True,True,False,0.8482142857142857,0.7209312000013597,456575,aware
LDPC,224,1%,0.009704415954415955,0.009704415954415955,100,42,0.1875,True,True,False,0.8125,0.00032780000037746504,1,uniform
LDPC,224,1%,0.009704415954415955,0.009704415954415955,100,42,0.1875,True,True,False,0.8125,0.00024530000155209564,1,aware
GRAND,224,1%,0.009704415954415955,0.009704415954415955,100,34,0.15178571428571427,True,True,False,0.8482142857142857,0.46281380000073113,908894,uniform
GRAND,224,1%,0.009704415954415955,0.009704415954415955,100,34,0.15178571428571427,True,True,False,0.8482142857142857,0.6134816999983741,423107,aware
LDPC,224,1%,0.009704415954415955,0.009704415954415955,101,42,0.1875,False,False,False,0.0,0.01389019999987795,120,uniform
LDPC,224,1%,0.009704415954415955,0.009704415954415955,101,42,0.1875,True,True,False,0.8125,0.00035740000021178275,2,aware
GRAND,224,1%,0.009704415954415955,0.009704415954415955,101,34,0.15178571428571427,True,True,False,0.8482142857142857,0.0005377999987103976,1152,uniform
GRAND,224,1%,0.009704415954415955,0.009704415954415955,101,33,0.14732142857142858,True,True,False,0.8526785714285714,0.0005344999990484212,353,aware
LDPC,224,1%,0.009704415954415955,0.009704415954415955,102,42,0.1875,False,False,False,0.0,0.014057899999897927,120,uniform
LDPC,224,1%,0.009704415954415955,0.009704415954415955,102,42,0.1875,False,False,False,0.0,0.013106900001730537,120,aware
GRAND,224,1%,0.009704415954415955,0.009704415954415955,102,34,0.15178571428571427,True,True,False,0.8482142857142857,8.619999789516442e-05,16,uniform
GRAND,224,1%,0.009704415954415955,0.009704415954415955,102,34,0.15178571428571427,True,True,False,0.8482142857142857,0.00011639999866019934,8,aware
LDPC,224,1%,0.009704415954415955,0.009704415954415955,103,42,0.1875,True,True,False,0.8125,0.0003735999998752959,2,uniform
LDPC,224,1%,0.009704415954415955,0.009704415954415955,103,42,0.1875,True,True,False,0.8125,0.0003150999982608482,2,aware
GRAND,224,1%,0.009704415954415955,0.009704415954415955,103,34,0.15178571428571427,True,True,False,0.8482142857142857,0.00024679999842192046,441,uniform
GRAND,224,1%,0.009704415954415955,0.009704415954415955,103,33,0.14732142857142858,True,True,False,0.8526785714285714,0.0005038000017520972,332,aware
LDPC,224,1%,0.009704415954415955,0.009704415954415955,104,42,0.1875,True,True,False,0.8125,0.0004535000007308554,3,uniform
LDPC,224,1%,0.009704415954415955,0.009704415954415955,104,42,0.1875,True,True,False,0.8125,0.00039290000131586567,3,aware
GRAND,224,1%,0.009704415954415955,0.009704415954415955,104,34,0.15178571428571427,True,True,False,0.8482142857142857,0.17084260000046925,343500,uniform
GRAND,224,1%,0.009704415954415955,0.009704415954415955,104,34,0.15178571428571427,True,True,False,0.8482142857142857,0.1096456000013859,69009,aware
LDPC,224,1%,0.009704415954415955,0.009704415954415955,105,42,0.1875,True,True,False,0.8125,0.00035539999953471124,1,uniform
LDPC,224,1%,0.009704415954415955,0.009704415954415955,105,42,0.1875,True,True,False,0.8125,0.00028469999961089343,1,aware
GRAND,224,1%,0.009704415954415955,0.009704415954415955,105,34,0.15178571428571427,True,True,False,0.8482142857142857,0.38760349999938626,610309,uniform
GRAND,224,1%,0.009704415954415955,0.009704415954415955,105,33,0.14732142857142858,True,True,False,0.8526785714285714,0.22679209999841987,91610,aware
LDPC,224,1%,0.009704415954415955,0.009704415954415955,106,42,0.1875,True,True,False,0.8125,0.0006146999985503498,1,uniform
LDPC,224,1%,0.009704415954415955,0.009704415954415955,106,42,0.1875,True,True,False,0.8125,0.00046289999954751693,1,aware
GRAND,224,1%,0.009704415954415955,0.009704415954415955,106,34,0.15178571428571427,True,True,False,0.8482142857142857,0.005087900000944501,4775,uniform
GRAND,224,1%,0.009704415954415955,0.009704415954415955,106,34,0.15178571428571427,True,True,False,0.8482142857142857,0.023514299999078503,8354,aware
LDPC,224,1%,0.009704415954415955,0.009704415954415955,107,42,0.1875,True,True,False,0.8125,0.0006240000002435409,1,uniform
LDPC,224,1%,0.009704415954415955,0.009704415954415955,107,42,0.1875,True,True,False,0.8125,0.0005633000000671018,1,aware
GRAND,224,1%,0.009704415954415955,0.009704415954415955,107,34,0.15178571428571427,True,True,False,0.8482142857142857,0.00019859999883919954,65,uniform
GRAND,224,1%,0.009704415954415955,0.009704415954415955,107,33,0.14732142857142858,True,True,False,0.8526785714285714,0.0003012999986822251,33,aware
LDPC,224,1%,0.009704415954415955,0.009704415954415955,108,42,0.1875,True,True,False,0.8125,0.00041419999979552813,1,uniform
LDPC,224,1%,0.009704415954415955,0.009704415954415955,108,42,0.1875,True,True,False,0.8125,0.00031820000003790483,1,aware
GRAND,224,1%,0.009704415954415955,0.009704415954415955,108,34,0.15178571428571427,True,True,False,0.8482142857142857,0.00919620000058785,8831,uniform
GRAND,224,1%,0.009704415954415955,0.009704415954415955,108,33,0.14732142857142858,True,True,False,0.8526785714285714,0.021775900000648107,8843,aware
LDPC,224,1%,0.009704415954415955,0.009704415954415955,109,42,0.1875,True,True,False,0.8125,0.00041740000233403407,1,uniform
LDPC,224,1%,0.009704415954415955,0.009704415954415955,109,42,0.1875,True,True,False,0.8125,0.0004343999971752055,1,aware
GRAND,224,1%,0.009704415954415955,0.009704415954415955,109,34,0.15178571428571427,True,True,False,0.8482142857142857,0.0011544000008143485,213,uniform
GRAND,224,1%,0.009704415954415955,0.009704415954415955,109,33,0.14732142857142858,True,True,False,0.8526785714285714,0.0007724999995843973,109,aware
LDPC,224,1%,0.009704415954415955,0.009704415954415955,110,42,0.1875,True,True,False,0.8125,0.0006127000015112571,1,uniform
LDPC,224,1%,0.009704415954415955,0.009704415954415955,110,42,0.1875,True,True,False,0.8125,0.00034389999927952886,1,aware
GRAND,224,1%,0.009704415954415955,0.009704415954415955,110,34,0.15178571428571427,True,True,False,0.8482142857142857,0.00027749999935622327,147,uniform
GRAND,224,1%,0.009704415954415955,0.009704415954415955,110,34,0.15178571428571427,True,True,False,0.8482142857142857,0.00026620000062393956,77,aware
LDPC,224,1%,0.009704415954415955,0.009704415954415955,111,42,0.1875,True,True,False,0.8125,0.0004935000033583492,1,uniform
LDPC,224,1%,0.009704415954415955,0.009704415954415955,111,42,0.1875,True,True,False,0.8125,0.0004731999979412649,1,aware
GRAND,224,1%,0.009704415954415955,0.009704415954415955,111,34,0.15178571428571427,True,True,False,0.8482142857142857,0.00018829999680747278,66,uniform
GRAND,224,1%,0.009704415954415955,0.009704415954415955,111,34,0.15178571428571427,True,True,False,0.8482142857142857,0.0001917000008688774,35,aware
LDPC,224,1%,0.009704415954415955,0.009704415954415955,112,42,0.1875,True,True,False,0.8125,0.0008517999995092396,3,uniform
LDPC,224,1%,0.009704415954415955,0.009704415954415955,112,42,0.1875,True,True,False,0.8125,0.0009181999994325452,4,aware
GRAND,224,1%,0.009704415954415955,0.009704415954415955,112,34,0.15178571428571427,True,True,False,0.8482142857142857,0.5755380999980844,767661,uniform
GRAND,224,1%,0.009704415954415955,0.009704415954415955,112,33,0.14732142857142858,True,True,False,0.8526785714285714,0.6192528999999922,290381,aware
LDPC,224,1%,0.009704415954415955,0.009704415954415955,113,42,0.1875,True,True,False,0.8125,0.00035769999885815196,1,uniform
LDPC,224,1%,0.009704415954415955,0.009704415954415955,113,42,0.1875,True,True,False,0.8125,0.0002657000004546717,1,aware
GRAND,224,1%,0.009704415954415955,0.009704415954415955,113,34,0.15178571428571427,True,True,False,0.8482142857142857,7.310000000870787e-05,1,uniform
GRAND,224,1%,0.009704415954415955,0.009704415954415955,113,33,0.14732142857142858,True,True,False,0.8526785714285714,0.00010620000102790073,1,aware
LDPC,224,1%,0.009704415954415955,0.009704415954415955,114,42,0.1875,True,True,False,0.8125,0.0005898999988858122,4,uniform
LDPC,224,1%,0.009704415954415955,0.009704415954415955,114,42,0.1875,True,True,False,0.8125,0.0005689999998139683,4,aware
GRAND,224,1%,0.009704415954415955,0.009704415954415955,114,34,0.15178571428571427,True,True,False,0.8482142857142857,0.7077599000003829,1309437,uniform
GRAND,224,1%,0.009704415954415955,0.009704415954415955,114,34,0.15178571428571427,True,True,False,0.8482142857142857,0.34793490000083693,197775,aware
LDPC,224,1%,0.009704415954415955,0.009704415954415955,115,42,0.1875,True,True,False,0.8125,0.00033629999961704016,1,uniform
LDPC,224,1%,0.009704415954415955,0.009704415954415955,115,42,0.1875,True,True,False,0.8125,0.000247800002398435,1,aware
GRAND,224,1%,0.009704415954415955,0.009704415954415955,115,34,0.15178571428571427,True,True,False,0.8482142857142857,6.900000153109431e-05,1,uniform
GRAND,224,1%,0.009704415954415955,0.009704415954415955,115,34,0.15178571428571427,True,True,False,0.8482142857142857,9.839999984251335e-05,1,aware
LDPC,224,1%,0.009704415954415955,0.009704415954415955,116,42,0.1875,True,True,False,0.8125,0.00030109999715932645,1,uniform
LDPC,224,1%,0.009704415954415955,0.009704415954415955,116,42,0.1875,True,True,False,0.8125,0.00024159999884432182,1,aware
GRAND,224,1%,0.009704415954415955,0.009704415954415955,116,34,0.15178571428571427,True,True,False,0.8482142857142857,0.003194400000211317,7337,uniform
GRAND,224,1%,0.009704415954415955,0.009704415954415955,116,33,0.14732142857142858,True,True,False,0.8526785714285714,0.018664999999600695,12943,aware
LDPC,224,1%,0.009704415954415955,0.009704415954415955,117,42,0.1875,True,True,False,0.8125,0.0003744000023289118,1,uniform
LDPC,224,1%,0.009704415954415955,0.009704415954415955,117,42,0.1875,True,True,False,0.8125,0.0013131999985489529,1,aware
GRAND,224,1%,0.009704415954415955,0.009704415954415955,117,34,0.15178571428571427,True,True,False,0.8482142857142857,0.0002285999980813358,37,uniform
GRAND,224,1%,0.009704415954415955,0.009704415954415955,117,33,0.14732142857142858,True,True,False,0.8526785714285714,0.0003378000001248438,20,aware
LDPC,224,1%,0.009704415954415955,0.009704415954415955,118,42,0.1875,True,True,False,0.8125,0.0009235999968950637,1,uniform
LDPC,224,1%,0.009704415954415955,0.009704415954415955,118,42,0.1875,True,True,False,0.8125,0.0004377000004751608,1,aware
GRAND,224,1%,0.009704415954415955,0.009704415954415955,118,34,0.15178571428571427,True,True,False,0.8482142857142857,0.00012540000170702115,112,uniform
GRAND,224,1%,0.009704415954415955,0.009704415954415955,118,33,0.14732142857142858,True,True,False,0.8526785714285714,0.0001852000023063738,54,aware
LDPC,224,1%,0.009704415954415955,0.009704415954415955,119,42,0.1875,True,True,False,0.8125,0.00039199999810080044,1,uniform
LDPC,224,1%,0.009704415954415955,0.009704415954415955,119,42,0.1875,True,True,False,0.8125,0.00024420000045211054,1,aware
GRAND,224,1%,0.009704415954415955,0.009704415954415955,119,34,0.15178571428571427,True,True,False,0.8482142857142857,0.00010859999747481197,86,uniform
GRAND,224,1%,0.009704415954415955,0.009704415954415955,119,34,0.15178571428571427,True,True,False,0.8482142857142857,0.00015770000027259812,47,aware
LDPC,256,1%,0.009704415954415955,0.009704415954415955,0,48,0.1875,True,True,False,0.8125,0.011283200001344085,1,uniform
LDPC,256,1%,0.009704415954415955,0.009704415954415955,0,48,0.1875,True,True,False,0.8125,0.0013324999999895226,1,aware
GRAND,256,1%,0.009704415954415955,0.009704415954415955,0,37,0.14453125,True,True,False,0.85546875,0.0001419000000169035,109,uniform
GRAND,256,1%,0.009704415954415955,0.009704415954415955,0,35,0.13671875,True,True,False,0.86328125,0.00018330000239075162,47,aware
LDPC,256,1%,0.009704415954415955,0.009704415954415955,1,48,0.1875,True,True,False,0.8125,0.0004847999989578966,1,uniform
LDPC,256,1%,0.009704415954415955,0.009704415954415955,1,48,0.1875,True,True,False,0.8125,0.0003096000000368804,1,aware
GRAND,256,1%,0.009704415954415955,0.009704415954415955,1,37,0.14453125,True,True,False,0.85546875,0.00019260000044596381,255,uniform
GRAND,256,1%,0.009704415954415955,0.009704415954415955,1,36,0.140625,True,True,False,0.859375,0.000274800000624964,134,aware
LDPC,256,1%,0.009704415954415955,0.009704415954415955,2,48,0.1875,True,False,True,0.0,0.006327499999315478,20,uniform
LDPC,256,1%,0.009704415954415955,0.009704415954415955,2,48,0.1875,True,True,False,0.8125,0.000872299999173265,6,aware
GRAND,256,1%,0.009704415954415955,0.009704415954415955,2,37,0.14453125,False,False,False,0.0,0.9931083000010403,2000000,uniform
GRAND,256,1%,0.009704415954415955,0.009704415954415955,2,36,0.140625,False,False,False,0.0,3.277047200001107,2000000,aware
LDPC,256,1%,0.009704415954415955,0.009704415954415955,3,48,0.1875,True,True,False,0.8125,0.0008739000004425179,1,uniform
LDPC,256,1%,0.009704415954415955,0.009704415954415955,3,48,0.1875,True,True,False,0.8125,0.0007069999992381781,1,aware
GRAND,256,1%,0.009704415954415955,0.009704415954415955,3,37,0.14453125,True,True,False,0.85546875,0.0001236000025528483,1,uniform
GRAND,256,1%,0.009704415954415955,0.009704415954415955,3,36,0.140625,True,True,False,0.859375,0.0003063000003749039,1,aware
LDPC,256,1%,0.009704415954415955,0.009704415954415955,4,48,0.1875,True,True,False,0.8125,0.0004569000011542812,1,uniform
LDPC,256,1%,0.009704415954415955,0.009704415954415955,4,48,0.1875,True,True,False,0.8125,0.0003307999977550935,1,aware
GRAND,256,1%,0.009704415954415955,0.009704415954415955,4,37,0.14453125,True,True,False,0.85546875,0.0001340000017080456,88,uniform
GRAND,256,1%,0.009704415954415955,0.009704415954415955,4,36,0.140625,True,True,False,0.859375,0.00019559999782359228,43,aware
LDPC,256,1%,0.009704415954415955,0.009704415954415955,5,48,0.1875,False,False,False,0.0,0.021574099999270402,120,uniform
LDPC,256,1%,0.009704415954415955,0.009704415954415955,5,48,0.1875,False,False,False,0.0,0.019067000001086853,120,aware
GRAND,256,1%,0.009704415954415955,0.009704415954415955,5,37,0.14453125,True,True,False,0.85546875,0.017254400001547765,24733,uniform
GRAND,256,1%,0.009704415954415955,0.009704415954415955,5,34,0.1328125,True,True,False,0.8671875,0.03270470000279602,13759,aware
LDPC,256,1%,0.009704415954415955,0.009704415954415955,6,48,0.1875,True,True,False,0.8125,0.0004340999985288363,1,uniform
LDPC,256,1%,0.009704415954415955,0.009704415954415955,6,48,0.1875,True,True,False,0.8125,0.0003231999980926048,1,aware
GRAND,256,1%,0.009704415954415955,0.009704415954415955,6,37,0.14453125,True,True,False,0.85546875,8.730000263312832e-05,1,uniform
GRAND,256,1%,0.009704415954415955,0.009704415954415955,6,35,0.13671875,True,True,False,0.86328125,0.00012439999773050658,1,aware
LDPC,256,1%,0.009704415954415955,0.009704415954415955,7,48,0.1875,True,True,False,0.8125,0.0003591999993659556,1,uniform
LDPC,256,1%,0.009704415954415955,0.009704415954415955,7,48,0.1875,True,True,False,0.8125,0.0003394999985175673,1,aware
GRAND,256,1%,0.009704415954415955,0.009704415954415955,7,37,0.14453125,True,True,False,0.85546875,0.00012740000238409266,93,uniform
GRAND,256,1%,0.009704415954415955,0.009704415954415955,7,36,0.140625,True,True,False,0.859375,0.0003906999991158955,180,aware
LDPC,256,1%,0.009704415954415955,0.009704415954415955,8,48,0.1875,True,True,False,0.8125,0.00034130000130971894,1,uniform
LDPC,256,1%,0.009704415954415955,0.009704415954415955,8,48,0.1875,True,True,False,0.8125,0.00030779999724472873,1,aware
GRAND,256,1%,0.009704415954415955,0.009704415954415955,8,37,0.14453125,True,True,False,0.85546875,0.00010450000263517722,52,uniform
GRAND,256,1%,0.009704415954415955,0.009704415954415955,8,35,0.13671875,True,True,False,0.86328125,0.00015109999731066637,23,aware
LDPC,256,1%,0.009704415954415955,0.009704415954415955,9,48,0.1875,True,True,False,0.8125,0.00033999999868683517,1,uniform
LDPC,256,1%,0.009704415954415955,0.009704415954415955,9,48,0.1875,True,True,False,0.8125,0.0003324999997857958,1,aware
GRAND,256,1%,0.009704415954415955,0.009704415954415955,9,37,0.14453125,True,True,False,0.85546875,1.1696604999997362,1559711,uniform
GRAND,256,1%,0.009704415954415955,0.009704415954415955,9,36,0.140625,True,True,False,0.859375,2.402722200000426,1222954,aware
LDPC,256,1%,0.009704415954415955,0.009704415954415955,10,48,0.1875,True,False,True,0.0,0.00664150000011432,43,uniform
LDPC,256,1%,0.009704415954415955,0.009704415954415955,10,48,0.1875,False,False,False,0.0,0.025512699998216704,120,aware
GRAND,256,1%,0.009704415954415955,0.009704415954415955,10,37,0.14453125,True,True,False,0.85546875,0.0011373999986972194,2005,uniform
GRAND,256,1%,0.009704415954415955,0.009704415954415955,10,36,0.140625,True,True,False,0.859375,0.03982779999932973,22650,aware
LDPC,256,1%,0.009704415954415955,0.009704415954415955,11,48,0.1875,True,True,False,0.8125,0.002270100001624087,1,uniform
LDPC,256,1%,0.009704415954415955,0.009704415954415955,11,48,0.1875,True,True,False,0.8125,0.0005273999995552003,1,aware
GRAND,256,1%,0.009704415954415955,0.009704415954415955,11,37,0.14453125,True,True,False,0.85546875,0.00028699999893433414,158,uniform
GRAND,256,1%,0.009704415954415955,0.009704415954415955,11,36,0.140625,True,True,False,0.859375,0.0006193000008352101,85,aware
LDPC,256,1%,0.009704415954415955,0.009704415954415955,12,48,0.1875,False,False,False,0.0,0.01824789999955101,120,uniform
LDPC,256,1%,0.009704415954415955,0.009704415954415955,12,48,0.1875,False,False,False,0.0,0.019030200000997866,120,aware
GRAND,256,1%,0.009704415954415955,0.009704415954415955,12,37,0.14453125,True,True,False,0.85546875,0.15367279999918537,285106,uniform
GRAND,256,1%,0.009704415954415955,0.009704415954415955,12,37,0.14453125,True,True,False,0.85546875,1.0017889000009745,499203,aware
LDPC,256,1%,0.009704415954415955,0.009704415954415955,13,48,0.1875,True,True,False,0.8125,0.0012007999976049177,3,uniform
LDPC,256,1%,0.009704415954415955,0.009704415954415955,13,48,0.1875,True,True,False,0.8125,0.0007016000017756596,2,aware
GRAND,256,1%,0.009704415954415955,0.009704415954415955,13,37,0.14453125,True,True,False,0.85546875,0.011796999999205582,18162,uniform
GRAND,256,1%,0.009704415954415955,0.009704415954415955,13,37,0.14453125,True,True,False,0.85546875,0.024072100000921637,15509,aware
LDPC,256,1%,0.009704415954415955,0.009704415954415955,14,48,0.1875,False,False,False,0.0,0.01577779999934137,120,uniform
LDPC,256,1%,0.009704415954415955,0.009704415954415955,14,48,0.1875,False,False,False,0.0,0.016153900000063004,120,aware
GRAND,256,1%,0.009704415954415955,0.009704415954415955,14,37,0.14453125,False,False,False,0.0,1.1560779999999795,2000000,uniform
GRAND,256,1%,0.009704415954415955,0.009704415954415955,14,37,0.14453125,False,False,False,0.0,3.9811601000001247,2000000,aware
LDPC,256,1%,0.009704415954415955,0.009704415954415955,15,48,0.1875,True,True,False,0.8125,0.00044940000225324184,1,uniform
LDPC,256,1%,0.009704415954415955,0.009704415954415955,15,48,0.1875,True,True,False,0.8125,0.00030590000096708536,1,aware
GRAND,256,1%,0.009704415954415955,0.009704415954415955,15,37,0.14453125,True,True,False,0.85546875,0.00010279999696649611,34,uniform
GRAND,256,1%,0.009704415954415955,0.009704415954415955,15,37,0.14453125,True,True,False,0.85546875,0.00015789999815751798,21,aware
LDPC,256,1%,0.009704415954415955,0.009704415954415955,16,48,0.1875,False,False,False,0.0,0.017322499999863794,120,uniform
LDPC,256,1%,0.009704415954415955,0.009704415954415955,16,48,0.1875,False,False,False,0.0,0.016144599998369813,120,aware
GRAND,256,1%,0.009704415954415955,0.009704415954415955,16,37,0.14453125,True,True,False,0.85546875,0.0060761999993701465,12312,uniform
GRAND,256,1%,0.009704415954415955,0.009704415954415955,16,36,0.140625,True,True,False,0.859375,0.005412500002421439,2919,aware
LDPC,256,1%,0.009704415954415955,0.009704415954415955,17,48,0.1875,True,True,False,0.8125,0.0004278999986127019,1,uniform
LDPC,256,1%,0.009704415954415955,0.009704415954415955,17,48,0.1875,True,True,False,0.8125,0.00029599999834317714,1,aware
GRAND,256,1%,0.009704415954415955,0.009704415954415955,17,37,0.14453125,True,True,False,0.85546875,0.011901199999556411,22734,uniform
GRAND,256,1%,0.009704415954415955,0.009704415954415955,17,36,0.140625,True,True,False,0.859375,0.007971899998665322,5680,aware
LDPC,256,1%,0.009704415954415955,0.009704415954415955,18,48,0.1875,True,True,False,0.8125,0.00037650000012945384,1,uniform
LDPC,256,1%,0.009704415954415955,0.009704415954415955,18,48,0.1875,True,True,False,0.8125,0.0003100000030826777,1,aware
GRAND,256,1%,0.009704415954415955,0.009704415954415955,18,37,0.14453125,True,True,False,0.85546875,0.01024909999978263,19307,uniform
GRAND,256,1%,0.009704415954415955,0.009704415954415955,18,36,0.140625,True,True,False,0.859375,0.006778300001315074,5101,aware
LDPC,256,1%,0.009704415954415955,0.009704415954415955,19,48,0.1875,True,True,False,0.8125,0.00038330000097630545,1,uniform
LDPC,256,1%,0.009704415954415955,0.009704415954415955,19,48,0.1875,True,True,False,0.8125,0.00029739999808953144,1,aware
GRAND,256,1%,0.009704415954415955,0.009704415954415955,19,37,0.14453125,True,True,False,0.85546875,0.014288500002294313,27382,uniform
GRAND,256,1%,0.009704415954415955,0.009704415954415955,19,36,0.140625,True,True,False,0.859375,0.011063500001910143,6484,aware
LDPC,256,1%,0.009704415954415955,0.009704415954415955,20,48,0.1875,False,False,False,0.0,0.015948100000969134,120,uniform
LDPC,256,1%,0.009704415954415955,0.009704415954415955,20,48,0.1875,False,False,False,0.0,0.015752499999507563,120,aware
GRAND,256,1%,0.009704415954415955,0.009704415954415955,20,37,0.14453125,False,False,False,0.0,1.1074206000012055,2000000,uniform
GRAND,256,1%,0.009704415954415955,0.009704415954415955,20,36,0.140625,False,False,False,0.0,3.2663591999989876,2000000,aware
LDPC,256,1%,0.009704415954415955,0.009704415954415955,21,48,0.1875,True,True,False,0.8125,0.0005205000015848782,1,uniform
LDPC,256,1%,0.009704415954415955,0.009704415954415955,21,48,0.1875,True,True,False,0.8125,0.00032410000130767,1,aware
GRAND,256,1%,0.009704415954415955,0.009704415954415955,21,37,0.14453125,True,True,False,0.85546875,0.015568100003292784,24434,uniform
GRAND,256,1%,0.009704415954415955,0.009704415954415955,21,37,0.14453125,True,True,False,0.85546875,0.010357499999372521,7127,aware
LDPC,256,1%,0.009704415954415955,0.009704415954415955,22,48,0.1875,True,True,False,0.8125,0.0007022999998298474,2,uniform
LDPC,256,1%,0.009704415954415955,0.009704415954415955,22,48,0.1875,True,True,False,0.8125,0.0005361000003176741,2,aware
GRAND,256,1%,0.009704415954415955,0.009704415954415955,22,37,0.14453125,True,True,False,0.85546875,0.13207909999982803,223891,uniform
GRAND,256,1%,0.009704415954415955,0.009704415954415955,22,36,0.140625,True,True,False,0.859375,0.07493130000148085,48135,aware
LDPC,256,1%,0.009704415954415955,0.009704415954415955,23,48,0.1875,True,True,False,0.8125,0.0005022999976063147,2,uniform
LDPC,256,1%,0.009704415954415955,0.009704415954415955,23,48,0.1875,True,True,False,0.8125,0.00041959999725804664,2,aware
GRAND,256,1%,0.009704415954415955,0.009704415954415955,23,37,0.14453125,False,False,False,0.0,1.1129452000022866,2000000,uniform
GRAND,256,1%,0.009704415954415955,0.009704415954415955,23,36,0.140625,True,True,False,0.859375,0.6111301000019012,383419,aware
LDPC,256,1%,0.009704415954415955,0.009704415954415955,24,48,0.1875,True,True,False,0.8125,0.0003651000006357208,1,uniform
LDPC,256,1%,0.009704415954415955,0.009704415954415955,24,48,0.1875,True,True,False,0.8125,0.00027830000180983916,1,aware
GRAND,256,1%,0.009704415954415955,0.009704415954415955,24,37,0.14453125,True,True,False,0.85546875,0.00012079999942216091,102,uniform
GRAND,256,1%,0.009704415954415955,0.009704415954415955,24,36,0.140625,True,True,False,0.859375,0.00017660000230534934,51,aware
LDPC,256,1%,0.009704415954415955,0.009704415954415955,25,48,0.1875,True,True,False,0.8125,0.0005539000012504403,3,uniform
LDPC,256,1%,0.009704415954415955,0.009704415954415955,25,48,0.1875,True,True,False,0.8125,0.0003699000008055009,2,aware
GRAND,256,1%,0.009704415954415955,0.009704415954415955,25,37,0.14453125,True,True,False,0.85546875,0.014650599998276448,31046,uniform
GRAND,256,1%,0.009704415954415955,0.009704415954415955,25,36,0.140625,True,True,False,0.859375,0.03288260000044829,23100,aware
LDPC,256,1%,0.009704415954415955,0.009704415954415955,26,48,0.1875,True,True,False,0.8125,0.00038549999953829683,1,uniform
LDPC,256,1%,0.009704415954415955,0.009704415954415955,26,48,0.1875,True,True,False,0.8125,0.0002858000007108785,1,aware
GRAND,256,1%,0.009704415954415955,0.009704415954415955,26,37,0.14453125,True,True,False,0.85546875,0.007326199996896321,14009,uniform
GRAND,256,1%,0.009704415954415955,0.009704415954415955,26,35,0.13671875,True,True,False,0.86328125,0.021892799999477575,11484,aware
LDPC,256,1%,0.009704415954415955,0.009704415954415955,27,48,0.1875,True,True,False,0.8125,0.0004785999990417622,2,uniform
LDPC,256,1%,0.009704415954415955,0.009704415954415955,27,48,0.1875,True,True,False,0.8125,0.0005758000006608199,4,aware
GRAND,256,1%,0.009704415954415955,0.009704415954415955,27,37,0.14453125,False,False,False,0.0,1.018707399998675,2000000,uniform
GRAND,256,1%,0.009704415954415955,0.009704415954415955,27,35,0.13671875,False,False,False,0.0,3.2088294999994105,2000000,aware
LDPC,256,1%,0.009704415954415955,0.009704415954415955,28,48,0.1875,True,True,False,0.8125,0.00036720000207424164,1,uniform
LDPC,256,1%,0.009704415954415955,0.009704415954415955,28,48,0.1875,True,True,False,0.8125,0.0002750000021478627,1,aware
GRAND,256,1%,0.009704415954415955,0.009704415954415955,28,37,0.14453125,True,True,False,0.85546875,0.011426599998230813,24398,uniform
GRAND,256,1%,0.009704415954415955,0.009704415954415955,28,35,0.13671875,True,True,False,0.86328125,0.005762700002378551,4489,aware
LDPC,256,1%,0.009704415954415955,0.009704415954415955,29,48,0.1875,False,False,False,0.0,0.015169500002230052,120,uniform
LDPC,256,1%,0.009704415954415955,0.009704415954415955,29,48,0.1875,False,False,False,0.0,0.014870800001517637,120,aware
GRAND,256,1%,0.009704415954415955,0.009704415954415955,29,37,0.14453125,True,True,False,0.85546875,0.7033157000005303,1398951,uniform
GRAND,256,1%,0.009704415954415955,0.009704415954415955,29,36,0.140625,True,True,False,0.859375,0.30232709999836516,162815,aware
LDPC,256,1%,0.009704415954415955,0.009704415954415955,30,48,0.1875,True,True,False,0.8125,0.000671199999487726,3,uniform
LDPC,256,1%,0.009704415954415955,0.009704415954415955,30,48,0.1875,True,True,False,0.8125,0.0004360999992059078,2,aware
GRAND,256,1%,0.009704415954415955,0.009704415954415955,30,37,0.14453125,False,False,False,0.0,1.0419197000010172,2000000,uniform
GRAND,256,1%,0.009704415954415955,0.009704415954415955,30,35,0.13671875,True,True,False,0.86328125,1.2570417999995698,804246,aware
LDPC,256,1%,0.009704415954415955,0.009704415954415955,31,48,0.1875,False,False,False,0.0,0.01675999999861233,120,uniform
LDPC,256,1%,0.009704415954415955,0.009704415954415955,31,48,0.1875,False,False,False,0.0,0.01568570000017644,120,aware
GRAND,256,1%,0.009704415954415955,0.009704415954415955,31,37,0.14453125,False,False,False,0.0,1.1852806999995664,2000000,uniform
GRAND,256,1%,0.009704415954415955,0.009704415954415955,31,37,0.14453125,False,False,False,0.0,3.2923159999991185,2000000,aware
LDPC,256,1%,0.009704415954415955,0.009704415954415955,32,48,0.1875,False,False,False,0.0,0.013659199998073746,120,uniform
LDPC,256,1%,0.009704415954415955,0.009704415954415955,32,48,0.1875,False,False,False,0.0,0.014440200000535697,120,aware
GRAND,256,1%,0.009704415954415955,0.009704415954415955,32,37,0.14453125,False,False,False,0.0,1.0107184999978926,2000000,uniform
GRAND,256,1%,0.009704415954415955,0.009704415954415955,32,36,0.140625,False,False,False,0.0,3.0562953999979072,2000000,aware
LDPC,256,1%,0.009704415954415955,0.009704415954415955,33,48,0.1875,True,True,False,0.8125,0.001315599998633843,2,uniform
LDPC,256,1%,0.009704415954415955,0.009704415954415955,33,48,0.1875,True,True,False,0.8125,0.0009076999995158985,2,aware
GRAND,256,1%,0.009704415954415955,0.009704415954415955,33,37,0.14453125,True,True,False,0.85546875,1.0179228999986663,1835579,uniform
GRAND,256,1%,0.009704415954415955,0.009704415954415955,33,36,0.140625,True,True,False,0.859375,0.43999210000038147,259524,aware
LDPC,256,1%,0.009704415954415955,0.009704415954415955,34,48,0.1875,True,False,True,0.0,0.0018075000007229391,14,uniform
LDPC,256,1%,0.009704415954415955,0.009704415954415955,34,48,0.1875,True,True,False,0.8125,0.014717500002007,109,aware
GRAND,256,1%,0.009704415954415955,0.009704415954415955,34,37,0.14453125,False,False,False,0.0,1.158613299998251,2000000,uniform
GRAND,256,1%,0.009704415954415955,0.009704415954415955,34,37,0.14453125,False,False,False,0.0,3.3835289999988163,2000000,aware
LDPC,256,1%,0.009704415954415955,0.009704415954415955,35,48,0.1875,True,True,False,0.8125,0.0004120999983570073,1,uniform
LDPC,256,1%,0.009704415954415955,0.009704415954415955,35,48,0.1875,True,True,False,0.8125,0.00033429999893996865,1,aware
GRAND,256,1%,0.009704415954415955,0.009704415954415955,35,37,0.14453125,True,True,False,0.85546875,0.007262799997988623,16104,uniform
GRAND,256,1%,0.009704415954415955,0.009704415954415955,35,36,0.140625,True,True,False,0.859375,0.01969999999710126,12537,aware
LDPC,256,1%,0.009704415954415955,0.009704415954415955,36,48,0.1875,False,False,False,0.0,0.016184600000997307,120,uniform
LDPC,256,1%,0.009704415954415955,0.009704415954415955,36,48,0.1875,True,True,False,0.8125,0.00046039999870117754,2,aware
GRAND,256,1%,0.009704415954415955,0.009704415954415955,36,37,0.14453125,True,True,False,0.85546875,0.00016379999942728318,186,uniform
GRAND,256,1%,0.009704415954415955,0.009704415954415955,36,35,0.13671875,True,True,False,0.86328125,0.00023230000078910962,87,aware
LDPC,256,1%,0.009704415954415955,0.009704415954415955,37,48,0.1875,False,False,False,0.0,0.01706500000000233,120,uniform
LDPC,256,1%,0.009704415954415955,0.009704415954415955,37,48,0.1875,False,False,False,0.0,0.01663180000105058,120,aware
GRAND,256,1%,0.009704415954415955,0.009704415954415955,37,37,0.14453125,False,False,False,0.0,0.9980998999999429,2000000,uniform
GRAND,256,1%,0.009704415954415955,0.009704415954415955,37,36,0.140625,False,False,False,0.0,3.104261899999983,2000000,aware
LDPC,256,1%,0.009704415954415955,0.009704415954415955,38,48,0.1875,True,True,False,0.8125,0.0014314000000013039,10,uniform
LDPC,256,1%,0.009704415954415955,0.009704415954415955,38,48,0.1875,True,True,False,0.8125,0.001324400000157766,7,aware
GRAND,256,1%,0.009704415954415955,0.009704415954415955,38,37,0.14453125,False,False,False,0.0,1.031458900000871,2000000,uniform
GRAND,256,1%,0.009704415954415955,0.009704415954415955,38,36,0.140625,False,False,False,0.0,3.277272000002995,2000000,aware
LDPC,256,1%,0.009704415954415955,0.009704415954415955,39,48,0.1875,True,True,False,0.8125,0.0003986000010627322,1,uniform
LDPC,256,1%,0.009704415954415955,0.009704415954415955,39,48,0.1875,True,True,False,0.8125,0.00031830000079935417,1,aware
GRAND,256,1%,0.009704415954415955,0.009704415954415955,39,37,0.14453125,True,True,False,0.85546875,0.00011500000255182385,52,uniform
GRAND,256,1%,0.009704415954415955,0.009704415954415955,39,36,0.140625,True,True,False,0.859375,0.0001568000006955117,26,aware
LDPC,256,1%,0.009704415954415955,0.009704415954415955,40,48,0.1875,True,True,False,0.8125,0.0003395000021555461,1,uniform
LDPC,256,1%,0.009704415954415955,0.009704415954415955,40,48,0.1875,True,True,False,0.8125,0.00029709999944316223,1,aware
GRAND,256,1%,0.009704415954415955,0.009704415954415955,40,37,0.14453125,True,True,False,0.85546875,7.370000093942508e-05,1,uniform
GRAND,256,1%,0.009704415954415955,0.009704415954415955,40,36,0.140625,True,True,False,0.859375,0.00011350000204402022,1,aware
LDPC,256,1%,0.009704415954415955,0.009704415954415955,41,48,0.1875,True,True,False,0.8125,0.0003175999991071876,1,uniform
LDPC,256,1%,0.009704415954415955,0.009704415954415955,41,48,0.1875,True,True,False,0.8125,0.00029010000071139075,1,aware
GRAND,256,1%,0.009704415954415955,0.009704415954415955,41,37,0.14453125,True,True,False,0.85546875,0.9944431000003533,1871720,uniform
GRAND,256,1%,0.009704415954415955,0.009704415954415955,41,36,0.140625,True,True,False,0.859375,0.3951923999993596,243468,aware
LDPC,256,1%,0.009704415954415955,0.009704415954415955,42,48,0.1875,False,False,False,0.0,0.015875399996730266,120,uniform
LDPC,256,1%,0.009704415954415955,0.009704415954415955,42,48,0.1875,True,True,False,0.8125,0.000751800002035452,5,aware
GRAND,256,1%,0.009704415954415955,0.009704415954415955,42,37,0.14453125,False,False,False,0.0,1.0519511999991664,2000000,uniform
GRAND,256,1%,0.009704415954415955,0.009704415954415955,42,36,0.140625,False,False,False,0.0,3.1903443000010157,2000000,aware
LDPC,256,1%,0.009704415954415955,0.009704415954415955,43,48,0.1875,True,True,False,0.8125,0.001284900001337519,5,uniform
LDPC,256,1%,0.009704415954415955,0.009704415954415955,43,48,0.1875,True,True,False,0.8125,0.0006353000026138034,4,aware
GRAND,256,1%,0.009704415954415955,0.009704415954415955,43,37,0.14453125,False,False,False,0.0,1.0606770999984292,2000000,uniform
GRAND,256,1%,0.009704415954415955,0.009704415954415955,43,37,0.14453125,False,False,False,0.0,3.4494402000018454,2000000,aware
LDPC,256,1%,0.009704415954415955,0.009704415954415955,44,48,0.1875,True,True,False,0.8125,0.0011104000004706904,3,uniform
LDPC,256,1%,0.009704415954415955,0.009704415954415955,44,48,0.1875,True,True,False,0.8125,0.0005552000002353452,3,aware
GRAND,256,1%,0.009704415954415955,0.009704415954415955,44,37,0.14453125,False,False,False,0.0,1.0530531000003975,2000000,uniform
GRAND,256,1%,0.009704415954415955,0.009704415954415955,44,36,0.140625,True,True,False,0.859375,0.5585642999976699,334994,aware
LDPC,256,1%,0.009704415954415955,0.009704415954415955,45,48,0.1875,True,False,True,0.0,0.000868900002387818,1,uniform
LDPC,256,1%,0.009704415954415955,0.009704415954415955,45,48,0.1875,True,False,True,0.0,0.0003493000003800262,1,aware
GRAND,256,1%,0.009704415954415955,0.009704415954415955,45,37,0.14453125,True,True,False,0.85546875,0.019751299998461036,36615,uniform
GRAND,256,1%,0.009704415954415955,0.009704415954415955,45,36,0.140625,True,True,False,0.859375,0.7490300000026764,439315,aware
LDPC,256,1%,0.009704415954415955,0.009704415954415955,46,48,0.1875,True,True,False,0.8125,0.0005814999967697076,1,uniform
LDPC,256,1%,0.009704415954415955,0.009704415954415955,46,48,0.1875,True,True,False,0.8125,0.0003031999985978473,1,aware
GRAND,256,1%,0.009704415954415955,0.009704415954415955,46,37,0.14453125,True,True,False,0.85546875,0.00011230000018258579,66,uniform
GRAND,256,1%,0.009704415954415955,0.009704415954415955,46,36,0.140625,True,True,False,0.859375,0.00016850000247359276,36,aware
LDPC,256,1%,0.009704415954415955,0.009704415954415955,47,48,0.1875,False,False,False,0.0,0.01592230000096606,120,uniform
LDPC,256,1%,0.009704415954415955,0.009704415954415955,47,48,0.1875,True,True,False,0.8125,0.00046069999734754674,2,aware
GRAND,256,1%,0.009704415954415955,0.009704415954415955,47,37,0.14453125,True,True,False,0.85546875,0.015945200000714976,30808,uniform
GRAND,256,1%,0.009704415954415955,0.009704415954415955,47,36,0.140625,True,True,False,0.859375,0.01303380000172183,8240,aware
LDPC,256,1%,0.009704415954415955,0.009704415954415955,48,48,0.1875,False,False,False,0.0,0.015523900001426227,120,uniform
LDPC,256,1%,0.009704415954415955,0.009704415954415955,48,48,0.1875,True,True,False,0.8125,0.0005464999994728714,3,aware
GRAND,256,1%,0.009704415954415955,0.009704415954415955,48,37,0.14453125,False,False,False,0.0,1.093328199996904,2000000,uniform
GRAND,256,1%,0.009704415954415955,0.009704415954415955,48,37,0.14453125,True,True,False,0.85546875,0.6630569000008109,379893,aware
LDPC,256,1%,0.009704415954415955,0.009704415954415955,49,48,0.1875,True,True,False,0.8125,0.0007010999979684129,1,uniform
LDPC,256,1%,0.009704415954415955,0.009704415954415955,49,48,0.1875,True,True,False,0.8125,0.00043539999751374125,1,aware
GRAND,256,1%,0.009704415954415955,0.009704415954415955,49,37,0.14453125,True,True,False,0.85546875,0.0002693999995244667,99,uniform
GRAND,256,1%,0.009704415954415955,0.009704415954415955,49,36,0.140625,True,True,False,0.859375,0.00031089999902178533,56,aware
LDPC,256,1%,0.009704415954415955,0.009704415954415955,50,48,0.1875,True,True,False,0.8125,0.000380000001314329,1,uniform
LDPC,256,1%,0.009704415954415955,0.009704415954415955,50,48,0.1875,True,True,False,0.8125,0.000305800000205636,1,aware
GRAND,256,1%,0.009704415954415955,0.009704415954415955,50,37,0.14453125,True,True,False,0.85546875,0.00012730000162264332,108,uniform
GRAND,256,1%,0.009704415954415955,0.009704415954415955,50,36,0.140625,True,True,False,0.859375,0.000234499999351101,54,aware
LDPC,256,1%,0.009704415954415955,0.009704415954415955,51,48,0.1875,False,False,False,0.0,0.01599030000215862,120,uniform
LDPC,256,1%,0.009704415954415955,0.009704415954415955,51,48,0.1875,False,False,False,0.0,0.01519410000037169,120,aware
GRAND,256,1%,0.009704415954415955,0.009704415954415955,51,37,0.14453125,False,False,False,0.0,1.0682543000002624,2000000,uniform
GRAND,256,1%,0.009704415954415955,0.009704415954415955,51,36,0.140625,False,False,False,0.0,3.784448499998689,2000000,aware
LDPC,256,1%,0.009704415954415955,0.009704415954415955,52,48,0.1875,True,True,False,0.8125,0.00042829999802052043,1,uniform
LDPC,256,1%,0.009704415954415955,0.009704415954415955,52,48,0.1875,True,True,False,0.8125,0.00033210000037797727,1,aware
GRAND,256,1%,0.009704415954415955,0.009704415954415955,52,37,0.14453125,True,True,False,0.85546875,0.5684484000012162,986242,uniform
GRAND,256,1%,0.009704415954415955,0.009704415954415955,52,36,0.140625,True,True,False,0.859375,1.2871256999969773,758724,aware
LDPC,256,1%,0.009704415954415955,0.009704415954415955,53,48,0.1875,False,False,False,0.0,0.016311200000927784,120,uniform
LDPC,256,1%,0.009704415954415955,0.009704415954415955,53,48,0.1875,False,False,False,0.0,0.01758930000141845,120,aware
GRAND,256,1%,0.009704415954415955,0.009704415954415955,53,37,0.14453125,False,False,False,0.0,1.0152526000019861,2000000,uniform
GRAND,256,1%,0.009704415954415955,0.009704415954415955,53,37,0.14453125,False,False,False,0.0,3.5659279999999853,2000000,aware
LDPC,256,1%,0.009704415954415955,0.009704415954415955,54,48,0.1875,False,False,False,0.0,0.01877470000181347,120,uniform
LDPC,256,1%,0.009704415954415955,0.009704415954415955,54,48,0.1875,True,True,False,0.8125,0.0008438000004389323,5,aware
GRAND,256,1%,0.009704415954415955,0.009704415954415955,54,37,0.14453125,False,False,False,0.0,1.1426551999975345,2000000,uniform
GRAND,256,1%,0.009704415954415955,0.009704415954415955,54,37,0.14453125,False,False,False,0.0,3.5129409000001033,2000000,aware
LDPC,256,1%,0.009704415954415955,0.009704415954415955,55,48,0.1875,True,True,False,0.8125,0.0008634000005258713,2,uniform
LDPC,256,1%,0.009704415954415955,0.009704415954415955,55,48,0.1875,True,True,False,0.8125,0.0007991000020410866,2,aware
GRAND,256,1%,0.009704415954415955,0.009704415954415955,55,37,0.14453125,True,True,False,0.85546875,1.1737904000001436,1954600,uniform
GRAND,256,1%,0.009704415954415955,0.009704415954415955,55,36,0.140625,True,True,False,0.859375,1.2602388000013889,710520,aware
LDPC,256,1%,0.009704415954415955,0.009704415954415955,56,48,0.1875,True,True,False,0.8125,0.000777699999161996,4,uniform
LDPC,256,1%,0.009704415954415955,0.009704415954415955,56,48,0.1875,True,True,False,0.8125,0.0006910000010975637,3,aware
GRAND,256,1%,0.009704415954415955,0.009704415954415955,56,37,0.14453125,False,False,False,0.0,1.1599171000016213,2000000,uniform
GRAND,256,1%,0.009704415954415955,0.009704415954415955,56,36,0.140625,True,True,False,0.859375,1.5321213999995962,865335,aware
LDPC,256,1%,0.009704415954415955,0.009704415954415955,57,48,0.1875,False,False,False,0.0,0.017970300003071316,120,uniform
LDPC,256,1%,0.009704415954415955,0.009704415954415955,57,48,0.1875,True,True,False,0.8125,0.0006021999979566317,3,aware
GRAND,256,1%,0.009704415954415955,0.009704415954415955,57,37,0.14453125,True,True,False,0.85546875,0.002444199999445118,5004,uniform
GRAND,256,1%,0.009704415954415955,0.009704415954415955,57,36,0.140625,True,True,False,0.859375,0.023852400001487695,14541,aware
LDPC,256,1%,0.009704415954415955,0.009704415954415955,58,48,0.1875,False,False,False,0.0,0.018399199998384574,120,uniform
LDPC,256,1%,0.009704415954415955,0.009704415954415955,58,48,0.1875,True,True,False,0.8125,0.0006111000002420042,3,aware
GRAND,256,1%,0.009704415954415955,0.009704415954415955,58,37,0.14453125,True,True,False,0.85546875,0.00011529999756021425,51,uniform
GRAND,256,1%,0.009704415954415955,0.009704415954415955,58,36,0.140625,True,True,False,0.859375,0.00017120000120485201,27,aware
LDPC,256,1%,0.009704415954415955,0.009704415954415955,59,48,0.1875,True,True,False,0.8125,0.0005118999979458749,2,uniform
LDPC,256,1%,0.009704415954415955,0.009704415954415955,59,48,0.1875,True,True,False,0.8125,0.0004262000002199784,2,aware
GRAND,256,1%,0.009704415954415955,0.009704415954415955,59,37,0.14453125,True,True,False,0.85546875,0.013995299999805866,22986,uniform
GRAND,256,1%,0.009704415954415955,0.009704415954415955,59,36,0.140625,True,True,False,0.859375,0.009738799999468029,6198,aware
LDPC,256,1%,0.009704415954415955,0.009704415954415955,60,48,0.1875,True,True,False,0.8125,0.0006252999992284458,1,uniform
LDPC,256,1%,0.009704415954415955,0.009704415954415955,60,48,0.1875,True,True,False,0.8125,0.0003211999974155333,1,aware
GRAND,256,1%,0.009704415954415955,0.009704415954415955,60,37,0.14453125,True,True,False,0.85546875,0.00016140000298037194,155,uniform
GRAND,256,1%,0.009704415954415955,0.009704415954415955,60,36,0.140625,True,True,False,0.859375,0.00024869999833754264,85,aware
LDPC,256,1%,0.009704415954415955,0.009704415954415955,61,48,0.1875,True,True,False,0.8125,0.005085299999336712,37,uniform
LDPC,256,1%,0.009704415954415955,0.009704415954415955,61,48,0.1875,True,True,False,0.8125,0.0008211999993363861,4,aware
GRAND,256,1%,0.009704415954415955,0.009704415954415955,61,37,0.14453125,True,True,False,0.85546875,0.10672299999714596,188204,uniform
GRAND,256,1%,0.009704415954415955,0.009704415954415955,61,36,0.140625,True,True,False,0.859375,0.09784230000150274,56979,aware
LDPC,256,1%,0.009704415954415955,0.009704415954415955,62,48,0.1875,True,True,False,0.8125,0.0004225000011501834,1,uniform
LDPC,256,1%,0.009704415954415955,0.009704415954415955,62,48,0.1875,True,True,False,0.8125,0.00032479999936185777,1,aware
GRAND,256,1%,0.009704415954415955,0.009704415954415955,62,37,0.14453125,True,True,False,0.85546875,0.009572700000717305,19458,uniform
GRAND,256,1%,0.009704415954415955,0.009704415954415955,62,36,0.140625,True,True,False,0.859375,0.022655000000668224,14226,aware
LDPC,256,1%,0.009704415954415955,0.009704415954415955,63,48,0.1875,True,True,False,0.8125,0.0004312999990361277,1,uniform
LDPC,256,1%,0.009704415954415955,0.009704415954415955,63,48,0.1875,True,True,False,0.8125,0.0003251000016462058,1,aware
GRAND,256,1%,0.009704415954415955,0.009704415954415955,63,37,0.14453125,True,True,False,0.85546875,0.0002807000018947292,1,uniform
GRAND,256,1%,0.009704415954415955,0.009704415954415955,63,36,0.140625,True,True,False,0.859375,0.0003305000027467031,1,aware
LDPC,256,1%,0.009704415954415955,0.009704415954415955,64,48,0.1875,True,True,False,0.8125,0.0009753999984241091,6,uniform
LDPC,256,1%,0.009704415954415955,0.009704415954415955,64,48,0.1875,True,True,False,0.8125,0.0008954000004450791,6,aware
GRAND,256,1%,0.009704415954415955,0.009704415954415955,64,37,0.14453125,False,False,False,0.0,1.3224117000027036,2000000,uniform
GRAND,256,1%,0.009704415954415955,0.009704415954415955,64,37,0.14453125,False,False,False,0.0,3.681312299999263,2000000,aware
LDPC,256,1%,0.009704415954415955,0.009704415954415955,65,48,0.1875,True,True,False,0.8125,0.0007423999995808117,1,uniform
LDPC,256,1%,0.009704415954415955,0.009704415954415955,65,48,0.1875,True,True,False,0.8125,0.0003805999986070674,1,aware
GRAND,256,1%,0.009704415954415955,0.009704415954415955,65,37,0.14453125,True,True,False,0.85546875,0.00016930000128922984,1,uniform
GRAND,256,1%,0.009704415954415955,0.009704415954415955,65,36,0.140625,True,True,False,0.859375,0.0002674999996088445,1,aware
LDPC,256,1%,0.009704415954415955,0.009704415954415955,66,48,0.1875,False,False,False,0.0,0.01826230000006035,120,uniform
LDPC,256,1%,0.009704415954415955,0.009704415954415955,66,48,0.1875,False,False,False,0.0,0.018570000000181608,120,aware
GRAND,256,1%,0.009704415954415955,0.009704415954415955,66,37,0.14453125,False,False,False,0.0,1.2675725000008242,2000000,uniform
GRAND,256,1%,0.009704415954415955,0.009704415954415955,66,35,0.13671875,False,False,False,0.0,3.568605500000558,2000000,aware
LDPC,256,1%,0.009704415954415955,0.009704415954415955,67,48,0.1875,True,True,False,0.8125,0.0009506999995210208,1,uniform
LDPC,256,1%,0.009704415954415955,0.009704415954415955,67,48,0.1875,True,True,False,0.8125,0.0003651999977591913,1,aware
GRAND,256,1%,0.009704415954415955,0.009704415954415955,67,37,0.14453125,True,True,False,0.85546875,0.0001523000028100796,1,uniform
GRAND,256,1%,0.009704415954415955,0.009704415954415955,67,35,0.13671875,True,True,False,0.86328125,0.0001846999984991271,1,aware
LDPC,256,1%,0.009704415954415955,0.009704415954415955,68,48,0.1875,False,False,False,0.0,0.019115600000077393,120,uniform
LDPC,256,1%,0.009704415954415955,0.009704415954415955,68,48,0.1875,True,True,False,0.8125,0.0006173000001581386,3,aware
GRAND,256,1%,0.009704415954415955,0.009704415954415955,68,37,0.14453125,True,True,False,0.85546875,1.0323967000003904,1694432,uniform
GRAND,256,1%,0.009704415954415955,0.009704415954415955,68,37,0.14453125,True,True,False,0.85546875,0.5475410999970336,287064,aware
LDPC,256,1%,0.009704415954415955,0.009704415954415955,69,48,0.1875,True,True,False,0.8125,0.0004389000023365952,1,uniform
LDPC,256,1%,0.009704415954415955,0.009704415954415955,69,48,0.1875,True,True,False,0.8125,0.0003606999998737592,1,aware
GRAND,256,1%,0.009704415954415955,0.009704415954415955,69,37,0.14453125,True,True,False,0.85546875,0.00021489999926416203,223,uniform
GRAND,256,1%,0.009704415954415955,0.009704415954415955,69,36,0.140625,True,True,False,0.859375,0.0003045999983442016,110,aware
LDPC,256,1%,0.009704415954415955,0.009704415954415955,70,48,0.1875,True,True,False,0.8125,0.0006882999987283256,3,uniform
LDPC,256,1%,0.009704415954415955,0.009704415954415955,70,48,0.1875,True,True,False,0.8125,0.0006558999994012993,2,aware
GRAND,256,1%,0.009704415954415955,0.009704415954415955,70,37,0.14453125,False,False,False,0.0,1.263987199999974,2000000,uniform
GRAND,256,1%,0.009704415954415955,0.009704415954415955,70,36,0.140625,False,False,False,0.0,3.6046515999987605,2000000,aware
LDPC,256,1%,0.009704415954415955,0.009704415954415955,71,48,0.1875,False,False,False,0.0,0.017185000000608852,120,uniform
LDPC,256,1%,0.009704415954415955,0.009704415954415955,71,48,0.1875,False,False,False,0.0,0.018163900000217836,120,aware
GRAND,256,1%,0.009704415954415955,0.009704415954415955,71,37,0.14453125,True,True,False,0.85546875,0.016535599999770056,28455,uniform
GRAND,256,1%,0.009704415954415955,0.009704415954415955,71,36,0.140625,True,True,False,0.859375,0.014240699998481432,8100,aware
LDPC,256,1%,0.009704415954415955,0.009704415954415955,72,48,0.1875,True,True,False,0.8125,0.0014811000000918284,2,uniform
LDPC,256,1%,0.009704415954415955,0.009704415954415955,72,48,0.1875,True,True,False,0.8125,0.001366999997117091,2,aware
GRAND,256,1%,0.009704415954415955,0.009704415954415955,72,37,0.14453125,True,True,False,0.85546875,0.9074451999986195,1454510,uniform
GRAND,256,1%,0.009704415954415955,0.009704415954415955,72,36,0.140625,True,True,False,0.859375,0.37959520000003977,206294,aware
LDPC,256,1%,0.009704415954415955,0.009704415954415955,73,48,0.1875,True,True,False,0.8125,0.0009702999996079598,5,uniform
LDPC,256,1%,0.009704415954415955,0.009704415954415955,73,48,0.1875,True,True,False,0.8125,0.002787400000670459,6,aware
GRAND,256,1%,0.009704415954415955,0.009704415954415955,73,37,0.14453125,False,False,False,0.0,1.2277551000006497,2000000,uniform
GRAND,256,1%,0.009704415954415955,0.009704415954415955,73,36,0.140625,False,False,False,0.0,3.524279600002046,2000000,aware
LDPC,256,1%,0.009704415954415955,0.009704415954415955,74,48,0.1875,True,True,False,0.8125,0.001738799997838214,11,uniform
LDPC,256,1%,0.009704415954415955,0.009704415954415955,74,48,0.1875,True,True,False,0.8125,0.001067900000634836,6,aware
GRAND,256,1%,0.009704415954415955,0.009704415954415955,74,37,0.14453125,True,True,False,0.85546875,0.9889502999976685,1541600,uniform
GRAND,256,1%,0.009704415954415955,0.009704415954415955,74,35,0.13671875,True,True,False,0.86328125,0.3164002999983495,163658,aware
LDPC,256,1%,0.009704415954415955,0.009704415954415955,75,48,0.1875,True,True,False,0.8125,0.002594199999293778,4,uniform
LDPC,256,1%,0.009704415954415955,0.009704415954415955,75,48,0.1875,True,True,False,0.8125,0.0008621000015409663,3,aware
GRAND,256,1%,0.009704415954415955,0.009704415954415955,75,37,0.14453125,True,True,False,0.85546875,0.005774600002041552,11586,uniform
GRAND,256,1%,0.009704415954415955,0.009704415954415955,75,36,0.140625,True,True,False,0.859375,0.006433200000174111,3084,aware
LDPC,256,1%,0.009704415954415955,0.009704415954415955,76,48,0.1875,True,True,False,0.8125,0.0009677999987616204,2,uniform
LDPC,256,1%,0.009704415954415955,0.009704415954415955,76,48,0.1875,True,True,False,0.8125,0.00046129999827826396,2,aware
GRAND,256,1%,0.009704415954415955,0.009704415954415955,76,37,0.14453125,True,True,False,0.85546875,0.011437400000431808,18989,uniform
GRAND,256,1%,0.009704415954415955,0.009704415954415955,76,35,0.13671875,True,True,False,0.86328125,0.006822799998190021,3865,aware
LDPC,256,1%,0.009704415954415955,0.009704415954415955,77,48,0.1875,True,True,False,0.8125,0.0009473999998590443,5,uniform
LDPC,256,1%,0.009704415954415955,0.009704415954415955,77,48,0.1875,True,True,False,0.8125,0.0010793999972520396,7,aware
GRAND,256,1%,0.009704415954415955,0.009704415954415955,77,37,0.14453125,False,False,False,0.0,1.2074718000003486,2000000,uniform
GRAND,256,1%,0.009704415954415955,0.009704415954415955,77,35,0.13671875,False,False,False,0.0,3.7161581000000297,2000000,aware
LDPC,256,1%,0.009704415954415955,0.009704415954415955,78,48,0.1875,False,False,False,0.0,0.018792400001984788,120,uniform
LDPC,256,1%,0.009704415954415955,0.009704415954415955,78,48,0.1875,False,False,False,0.0,0.017796000000089407,120,aware
GRAND,256,1%,0.009704415954415955,0.009704415954415955,78,37,0.14453125,False,False,False,0.0,1.4793615999988106,2000000,uniform
GRAND,256,1%,0.009704415954415955,0.009704415954415955,78,36,0.140625,False,False,False,0.0,4.390364900002169,2000000,aware
LDPC,256,1%,0.009704415954415955,0.009704415954415955,79,48,0.1875,False,False,False,0.0,0.021916900001087924,120,uniform
LDPC,256,1%,0.009704415954415955,0.009704415954415955,79,48,0.1875,False,False,False,0.0,0.022347400001308415,120,aware
GRAND,256,1%,0.009704415954415955,0.009704415954415955,79,37,0.14453125,False,False,False,0.0,1.2948508000008587,2000000,uniform
GRAND,256,1%,0.009704415954415955,0.009704415954415955,79,36,0.140625,False,False,False,0.0,3.9842089000012493,2000000,aware
LDPC,256,1%,0.009704415954415955,0.009704415954415955,80,48,0.1875,False,False,False,0.0,0.022086000000854256,120,uniform
LDPC,256,1%,0.009704415954415955,0.009704415954415955,80,48,0.1875,True,True,False,0.8125,0.001275599999644328,6,aware
GRAND,256,1%,0.009704415954415955,0.009704415954415955,80,37,0.14453125,True,True,False,0.85546875,0.7686974999996892,1212470,uniform
GRAND,256,1%,0.009704415954415955,0.009704415954415955,80,37,0.14453125,True,True,False,0.85546875,0.6033630999991146,237240,aware
LDPC,256,1%,0.009704415954415955,0.009704415954415955,81,48,0.1875,True,True,False,0.8125,0.0005726999988837633,1,uniform
LDPC,256,1%,0.009704415954415955,0.009704415954415955,81,48,0.1875,True,True,False,0.8125,0.0004293999991205055,1,aware
GRAND,256,1%,0.009704415954415955,0.009704415954415955,81,37,0.14453125,True,True,False,0.85546875,0.013915499999711756,19591,uniform
GRAND,256,1%,0.009704415954415955,0.009704415954415955,81,36,0.140625,True,True,False,0.859375,0.06550939999942784,29926,aware
LDPC,256,1%,0.009704415954415955,0.009704415954415955,82,48,0.1875,True,True,False,0.8125,0.0005020999997213949,1,uniform
LDPC,256,1%,0.009704415954415955,0.009704415954415955,82,48,0.1875,True,True,False,0.8125,0.0004071000003023073,1,aware
GRAND,256,1%,0.009704415954415955,0.009704415954415955,82,37,0.14453125,True,True,False,0.85546875,0.013469400000758469,19337,uniform
GRAND,256,1%,0.009704415954415955,0.009704415954415955,82,36,0.140625,True,True,False,0.859375,0.030030900001293048,13241,aware
LDPC,256,1%,0.009704415954415955,0.009704415954415955,83,48,0.1875,False,False,False,0.0,0.021173400000407128,120,uniform
LDPC,256,1%,0.009704415954415955,0.009704415954415955,83,48,0.1875,False,False,False,0.0,0.02021240000249236,120,aware
GRAND,256,1%,0.009704415954415955,0.009704415954415955,83,37,0.14453125,False,False,False,0.0,1.5522461000000476,2000000,uniform
GRAND,256,1%,0.009704415954415955,0.009704415954415955,83,36,0.140625,False,False,False,0.0,4.403411200000846,2000000,aware
LDPC,256,1%,0.009704415954415955,0.009704415954415955,84,48,0.1875,True,True,False,0.8125,0.0005911999978707172,1,uniform
LDPC,256,1%,0.009704415954415955,0.009704415954415955,84,48,0.1875,True,True,False,0.8125,0.000601499999902444,1,aware
GRAND,256,1%,0.009704415954415955,0.009704415954415955,84,37,0.14453125,True,True,False,0.85546875,0.01829849999921862,20683,uniform
GRAND,256,1%,0.009704415954415955,0.009704415954415955,84,36,0.140625,True,True,False,0.859375,0.011317500000586733,5578,aware
LDPC,256,1%,0.009704415954415955,0.009704415954415955,85,48,0.1875,True,True,False,0.8125,0.0005079000002297107,1,uniform
LDPC,256,1%,0.009704415954415955,0.009704415954415955,85,48,0.1875,True,True,False,0.8125,0.0003997000021627173,1,aware
GRAND,256,1%,0.009704415954415955,0.009704415954415955,85,37,0.14453125,True,True,False,0.85546875,0.0002227000004495494,196,uniform
GRAND,256,1%,0.009704415954415955,0.009704415954415955,85,36,0.140625,True,True,False,0.859375,0.0006155999981274363,100,aware
LDPC,256,1%,0.009704415954415955,0.009704415954415955,86,48,0.1875,False,False,False,0.0,0.0194523999998637,120,uniform
LDPC,256,1%,0.009704415954415955,0.009704415954415955,86,48,0.1875,True,True,False,0.8125,0.0009927999999490567,3,aware
GRAND,256,1%,0.009704415954415955,0.009704415954415955,86,37,0.14453125,False,False,False,0.0,1.4654222999997728,2000000,uniform
GRAND,256,1%,0.009704415954415955,0.009704415954415955,86,37,0.14453125,True,True,False,0.85546875,0.8119728000019677,421555,aware
LDPC,256,1%,0.009704415954415955,0.009704415954415955,87,48,0.1875,True,True,False,0.8125,0.00044749999869964086,1,uniform
LDPC,256,1%,0.009704415954415955,0.009704415954415955,87,48,0.1875,True,True,False,0.8125,0.0003333000022394117,1,aware
GRAND,256,1%,0.009704415954415955,0.009704415954415955,87,37,0.14453125,True,True,False,0.85546875,0.012246599999343744,22504,uniform
GRAND,256,1%,0.009704415954415955,0.009704415954415955,87,36,0.140625,True,True,False,0.859375,0.011357499999576248,6636,aware
LDPC,256,1%,0.009704415954415955,0.009704415954415955,88,48,0.1875,True,True,False,0.8125,0.0011191000012331642,3,uniform
LDPC,256,1%,0.009704415954415955,0.009704415954415955,88,48,0.1875,True,True,False,0.8125,0.0005882000004930887,3,aware
GRAND,256,1%,0.009704415954415955,0.009704415954415955,88,37,0.14453125,True,True,False,0.85546875,0.43640839999716263,798405,uniform
GRAND,256,1%,0.009704415954415955,0.009704415954415955,88,37,0.14453125,True,True,False,0.85546875,0.36289860000033514,199510,aware
LDPC,256,1%,0.009704415954415955,0.009704415954415955,89,48,0.1875,True,True,False,0.8125,0.0008545000018784776,1,uniform
LDPC,256,1%,0.009704415954415955,0.009704415954415955,89,48,0.1875,True,True,False,0.8125,0.0003376000022399239,1,aware
GRAND,256,1%,0.009704415954415955,0.009704415954415955,89,37,0.14453125,True,True,False,0.85546875,0.00019949999841628596,222,uniform
GRAND,256,1%,0.009704415954415955,0.009704415954415955,89,35,0.13671875,True,True,False,0.86328125,0.00027549999867915176,107,aware
LDPC,256,1%,0.009704415954415955,0.009704415954415955,90,48,0.1875,True,True,False,0.8125,0.0006198999981279485,1,uniform
LDPC,256,1%,0.009704415954415955,0.009704415954415955,90,48,0.1875,True,True,False,0.8125,0.0006291999998211395,1,aware
GRAND,256,1%,0.009704415954415955,0.009704415954415955,90,37,0.14453125,True,True,False,0.85546875,0.00024449999909847975,138,uniform
GRAND,256,1%,0.009704415954415955,0.009704415954415955,90,36,0.140625,True,True,False,0.859375,0.0007590999994135927,59,aware
LDPC,256,1%,0.009704415954415955,0.009704415954415955,91,48,0.1875,True,True,False,0.8125,0.001274799997190712,1,uniform
LDPC,256,1%,0.009704415954415955,0.009704415954415955,91,48,0.1875,True,True,False,0.8125,0.0008457000003545545,1,aware
GRAND,256,1%,0.009704415954415955,0.009704415954415955,91,37,0.14453125,True,True,False,0.85546875,0.0007731000005151145,251,uniform
GRAND,256,1%,0.009704415954415955,0.009704415954415955,91,36,0.140625,True,True,False,0.859375,0.0008516999987477902,126,aware
LDPC,256,1%,0.009704415954415955,0.009704415954415955,92,48,0.1875,True,True,False,0.8125,0.0004429000000527594,1,uniform
LDPC,256,1%,0.009704415954415955,0.009704415954415955,92,48,0.1875,True,True,False,0.8125,0.00034020000020973384,1,aware
GRAND,256,1%,0.009704415954415955,0.009704415954415955,92,37,0.14453125,True,True,False,0.85546875,8.890000026440248e-05,1,uniform
GRAND,256,1%,0.009704415954415955,0.009704415954415955,92,35,0.13671875,True,True,False,0.86328125,0.00013659999967785552,1,aware
LDPC,256,1%,0.009704415954415955,0.009704415954415955,93,48,0.1875,True,True,False,0.8125,0.0006023999994795304,3,uniform
LDPC,256,1%,0.009704415954415955,0.009704415954415955,93,48,0.1875,True,True,False,0.8125,0.0008626999988337047,1,aware
GRAND,256,1%,0.009704415954415955,0.009704415954415955,93,37,0.14453125,True,True,False,0.85546875,0.678414400001202,1175037,uniform
GRAND,256,1%,0.009704415954415955,0.009704415954415955,93,37,0.14453125,True,True,False,0.85546875,1.4230384000002232,858956,aware
LDPC,256,1%,0.009704415954415955,0.009704415954415955,94,48,0.1875,True,True,False,0.8125,0.0006673999996564817,1,uniform
LDPC,256,1%,0.009704415954415955,0.009704415954415955,94,48,0.1875,True,True,False,0.8125,0.0005432999969343655,1,aware
GRAND,256,1%,0.009704415954415955,0.009704415954415955,94,37,0.14453125,True,True,False,0.85546875,0.0010865000003832392,179,uniform
GRAND,256,1%,0.009704415954415955,0.009704415954415955,94,36,0.140625,True,True,False,0.859375,0.0005418999971880112,98,aware
LDPC,256,1%,0.009704415954415955,0.009704415954415955,95,48,0.1875,True,True,False,0.8125,0.0005216000026848633,1,uniform
LDPC,256,1%,0.009704415954415955,0.009704415954415955,95,48,0.1875,True,True,False,0.8125,0.0005244999993010424,1,aware
GRAND,256,1%,0.009704415954415955,0.009704415954415955,95,37,0.14453125,True,True,False,0.85546875,0.00022739999985788018,250,uniform
GRAND,256,1%,0.009704415954415955,0.009704415954415955,95,36,0.140625,True,True,False,0.859375,0.0003575000009732321,128,aware
LDPC,256,1%,0.009704415954415955,0.009704415954415955,96,48,0.1875,True,True,False,0.8125,0.001001099997665733,3,uniform
LDPC,256,1%,0.009704415954415955,0.009704415954415955,96,48,0.1875,True,True,False,0.8125,0.000740100000257371,3,aware
GRAND,256,1%,0.009704415954415955,0.009704415954415955,96,37,0.14453125,True,True,False,0.85546875,0.10107319999951869,167960,uniform
GRAND,256,1%,0.009704415954415955,0.009704415954415955,96,36,0.140625,True,True,False,0.859375,0.11492559999896912,56813,aware
LDPC,256,1%,0.009704415954415955,0.009704415954415955,97,48,0.1875,True,True,False,0.8125,0.0004920999999740161,1,uniform
LDPC,256,1%,0.009704415954415955,0.009704415954415955,97,48,0.1875,True,True,False,0.8125,0.00035770000249613076,1,aware
GRAND,256,1%,0.009704415954415955,0.009704415954415955,97,37,0.14453125,True,True,False,0.85546875,9.159999899566174e-05,1,uniform
GRAND,256,1%,0.009704415954415955,0.009704415954415955,97,36,0.140625,True,True,False,0.859375,0.0001635999979043845,1,aware
LDPC,256,1%,0.009704415954415955,0.009704415954415955,98,48,0.1875,True,True,False,0.8125,0.0005841000020154752,2,uniform
LDPC,256,1%,0.009704415954415955,0.009704415954415955,98,48,0.1875,True,True,False,0.8125,0.0010115000004589092,2,aware
GRAND,256,1%,0.009704415954415955,0.009704415954415955,98,37,0.14453125,True,True,False,0.85546875,0.01953749999665888,32326,uniform
GRAND,256,1%,0.009704415954415955,0.009704415954415955,98,36,0.140625,True,True,False,0.859375,0.013277699999889592,8061,aware
LDPC,256,1%,0.009704415954415955,0.009704415954415955,99,48,0.1875,False,False,False,0.0,0.01851850000093691,120,uniform
LDPC,256,1%,0.009704415954415955,0.009704415954415955,99,48,0.1875,True,False,True,0.0,0.003662799997982802,28,aware
GRAND,256,1%,0.009704415954415955,0.009704415954415955,99,37,0.14453125,False,False,False,0.0,1.1267690999993647,2000000,uniform
GRAND,256,1%,0.009704415954415955,0.009704415954415955,99,36,0.140625,False,False,False,0.0,3.2243101999993087,2000000,aware
LDPC,256,1%,0.009704415954415955,0.009704415954415955,100,48,0.1875,False,False,False,0.0,0.017344200001389254,120,uniform
LDPC,256,1%,0.009704415954415955,0.009704415954415955,100,48,0.1875,False,False,False,0.0,0.020291300003009383,120,aware
GRAND,256,1%,0.009704415954415955,0.009704415954415955,100,37,0.14453125,True,True,False,0.85546875,0.6006722999991325,931722,uniform
GRAND,256,1%,0.009704415954415955,0.009704415954415955,100,36,0.140625,True,True,False,0.859375,1.0199355000004289,514376,aware
LDPC,256,1%,0.009704415954415955,0.009704415954415955,101,48,0.1875,False,False,False,0.0,0.020073600000614533,120,uniform
LDPC,256,1%,0.009704415954415955,0.009704415954415955,101,48,0.1875,False,False,False,0.0,0.02171200000157114,120,aware
GRAND,256,1%,0.009704415954415955,0.009704415954415955,101,37,0.14453125,False,False,False,0.0,1.3475142999996024,2000000,uniform
GRAND,256,1%,0.009704415954415955,0.009704415954415955,101,37,0.14453125,True,True,False,0.85546875,3.023716499999864,1534285,aware
LDPC,256,1%,0.009704415954415955,0.009704415954415955,102,48,0.1875,True,False,True,0.0,0.0009513999975752085,4,uniform
LDPC,256,1%,0.009704415954415955,0.009704415954415955,102,48,0.1875,True,False,True,0.0,0.0010073000012198463,4,aware
GRAND,256,1%,0.009704415954415955,0.009704415954415955,102,37,0.14453125,True,True,False,0.85546875,0.007726600000751205,10101,uniform
GRAND,256,1%,0.009704415954415955,0.009704415954415955,102,36,0.140625,True,True,False,0.859375,0.02054179999686312,10867,aware
LDPC,256,1%,0.009704415954415955,0.009704415954415955,103,48,0.1875,False,False,False,0.0,0.019424300000537187,120,uniform
LDPC,256,1%,0.009704415954415955,0.009704415954415955,103,48,0.1875,True,False,True,0.0,0.0008796000001893844,3,aware
GRAND,256,1%,0.009704415954415955,0.009704415954415955,103,37,0.14453125,True,True,False,0.85546875,0.0035753000011027325,6233,uniform
GRAND,256,1%,0.009704415954415955,0.009704415954415955,103,37,0.14453125,True,True,False,0.85546875,0.04586679999920307,26859,aware
LDPC,256,1%,0.009704415954415955,0.009704415954415955,104,48,0.1875,True,True,False,0.8125,0.000456300000223564,1,uniform
LDPC,256,1%,0.009704415954415955,0.009704415954415955,104,48,0.1875,True,True,False,0.8125,0.0003405999996175524,1,aware
GRAND,256,1%,0.009704415954415955,0.009704415954415955,104,37,0.14453125,True,True,False,0.85546875,8.850000085658394e-05,1,uniform
GRAND,256,1%,0.009704415954415955,0.009704415954415955,104,37,0.14453125,True,True,False,0.85546875,0.00013359999866224825,1,aware
LDPC,256,1%,0.009704415954415955,0.009704415954415955,105,48,0.1875,True,True,False,0.8125,0.0008585000032326207,5,uniform
LDPC,256,1%,0.009704415954415955,0.009704415954415955,105,48,0.1875,True,True,False,0.8125,0.00044749999869964086,2,aware
GRAND,256,1%,0.009704415954415955,0.009704415954415955,105,37,0.14453125,True,True,False,0.85546875,0.020148499999777414,32433,uniform
GRAND,256,1%,0.009704415954415955,0.009704415954415955,105,36,0.140625,True,True,False,0.859375,0.017743999997037463,7981,aware
LDPC,256,1%,0.009704415954415955,0.009704415954415955,106,48,0.1875,True,True,False,0.8125,0.0005124000017531216,1,uniform
LDPC,256,1%,0.009704415954415955,0.009704415954415955,106,48,0.1875,True,True,False,0.8125,0.0003842000005533919,1,aware
GRAND,256,1%,0.009704415954415955,0.009704415954415955,106,37,0.14453125,True,True,False,0.85546875,0.0012186000021756627,1973,uniform
GRAND,256,1%,0.009704415954415955,0.009704415954415955,106,36,0.140625,True,True,False,0.859375,0.002029000002949033,1135,aware
LDPC,256,1%,0.009704415954415955,0.009704415954415955,107,48,0.1875,True,True,False,0.8125,0.0003845999999612104,1,uniform
LDPC,256,1%,0.009704415954415955,0.009704415954415955,107,48,0.1875,True,True,False,0.8125,0.00033999999868683517,1,aware
GRAND,256,1%,0.009704415954415955,0.009704415954415955,107,37,0.14453125,True,True,False,0.85546875,0.42520199999853503,718319,uniform
GRAND,256,1%,0.009704415954415955,0.009704415954415955,107,36,0.140625,True,True,False,0.859375,1.8494417000001704,1126920,aware
LDPC,256,1%,0.009704415954415955,0.009704415954415955,108,48,0.1875,True,True,False,0.8125,0.0006627999973716214,3,uniform
LDPC,256,1%,0.009704415954415955,0.009704415954415955,108,48,0.1875,True,True,False,0.8125,0.0005631000021821819,3,aware
GRAND,256,1%,0.009704415954415955,0.009704415954415955,108,37,0.14453125,True,True,False,0.85546875,0.012407800000801217,23670,uniform
GRAND,256,1%,0.009704415954415955,0.009704415954415955,108,35,0.13671875,True,True,False,0.86328125,0.04926839999825461,29871,aware
LDPC,256,1%,0.009704415954415955,0.009704415954415955,109,48,0.1875,True,True,False,0.8125,0.0003981000008934643,1,uniform
LDPC,256,1%,0.009704415954415955,0.009704415954415955,109,48,0.1875,True,True,False,0.8125,0.00030730000071343966,1,aware
GRAND,256,1%,0.009704415954415955,0.009704415954415955,109,37,0.14453125,True,True,False,0.85546875,9.920000229612924e-05,23,uniform
GRAND,256,1%,0.009704415954415955,0.009704415954415955,109,36,0.140625,True,True,False,0.859375,0.00013490000128513202,9,aware
LDPC,256,1%,0.009704415954415955,0.009704415954415955,110,48,0.1875,True,True,False,0.8125,0.00034950000190292485,1,uniform
LDPC,256,1%,0.009704415954415955,0.009704415954415955,110,48,0.1875,True,True,False,0.8125,0.00029799999902024865,1,aware
GRAND,256,1%,0.009704415954415955,0.009704415954415955,110,37,0.14453125,True,True,False,0.85546875,0.00015549999807262793,178,uniform
GRAND,256,1%,0.009704415954415955,0.009704415954415955,110,36,0.140625,True,True,False,0.859375,0.0002296999991813209,84,aware
LDPC,256,1%,0.009704415954415955,0.009704415954415955,111,48,0.1875,True,True,False,0.8125,0.0005483000022650231,2,uniform
LDPC,256,1%,0.009704415954415955,0.009704415954415955,111,48,0.1875,True,True,False,0.8125,0.0005263999992166646,3,aware
GRAND,256,1%,0.009704415954415955,0.009704415954415955,111,37,0.14453125,True,True,False,0.85546875,0.00925930000084918,17608,uniform
GRAND,256,1%,0.009704415954415955,0.009704415954415955,111,37,0.14453125,True,True,False,0.85546875,0.007889500000601402,5624,aware
LDPC,256,1%,0.009704415954415955,0.009704415954415955,112,48,0.1875,True,True,False,0.8125,0.0004036999998788815,1,uniform
LDPC,256,1%,0.009704415954415955,0.009704415954415955,112,48,0.1875,True,True,False,0.8125,0.00031659999876865186,1,aware
GRAND,256,1%,0.009704415954415955,0.009704415954415955,112,37,0.14453125,True,True,False,0.85546875,0.000158200000441866,15,uniform
GRAND,256,1%,0.009704415954415955,0.009704415954415955,112,37,0.14453125,True,True,False,0.85546875,0.000627500001428416,8,aware
LDPC,256,1%,0.009704415954415955,0.009704415954415955,113,48,0.1875,False,False,False,0.0,0.01642060000085621,120,uniform
LDPC,256,1%,0.009704415954415955,0.009704415954415955,113,48,0.1875,False,False,False,0.0,0.015103300000191666,120,aware
GRAND,256,1%,0.009704415954415955,0.009704415954415955,113,37,0.14453125,False,False,False,0.0,1.0512998000012885,2000000,uniform
GRAND,256,1%,0.009704415954415955,0.009704415954415955,113,37,0.14453125,False,False,False,0.0,2.980742599997029,2000000,aware
LDPC,256,1%,0.009704415954415955,0.009704415954415955,114,48,0.1875,True,True,False,0.8125,0.0008357000006071758,3,uniform
LDPC,256,1%,0.009704415954415955,0.009704415954415955,114,48,0.1875,True,True,False,0.8125,0.0005104000010760501,3,aware
GRAND,256,1%,0.009704415954415955,0.009704415954415955,114,37,0.14453125,False,False,False,0.0,1.0853368000025512,2000000,uniform
GRAND,256,1%,0.009704415954415955,0.009704415954415955,114,35,0.13671875,True,True,False,0.86328125,1.3833102000025974,868304,aware
LDPC,256,1%,0.009704415954415955,0.009704415954415955,115,48,0.1875,True,True,False,0.8125,0.0005579999997280538,1,uniform
LDPC,256,1%,0.009704415954415955,0.009704415954415955,115,48,0.1875,True,True,False,0.8125,0.00036750000072061084,1,aware
GRAND,256,1%,0.009704415954415955,0.009704415954415955,115,37,0.14453125,True,True,False,0.85546875,0.0001480999999330379,150,uniform
GRAND,256,1%,0.009704415954415955,0.009704415954415955,115,37,0.14453125,True,True,False,0.85546875,0.00020939999740221538,74,aware
LDPC,256,1%,0.009704415954415955,0.009704415954415955,116,48,0.1875,True,True,False,0.8125,0.0014121999993221834,11,uniform
LDPC,256,1%,0.009704415954415955,0.009704415954415955,116,48,0.1875,True,True,False,0.8125,0.0009404000011272728,7,aware
GRAND,256,1%,0.009704415954415955,0.009704415954415955,116,37,0.14453125,False,False,False,0.0,1.077101799997763,2000000,uniform
GRAND,256,1%,0.009704415954415955,0.009704415954415955,116,36,0.140625,False,False,False,0.0,3.334943199999543,2000000,aware
LDPC,256,1%,0.009704415954415955,0.009704415954415955,117,48,0.1875,True,True,False,0.8125,0.013274600001750514,77,uniform
LDPC,256,1%,0.009704415954415955,0.009704415954415955,117,48,0.1875,True,False,True,0.0,0.0020154999983788002,10,aware
GRAND,256,1%,0.009704415954415955,0.009704415954415955,117,37,0.14453125,False,False,False,0.0,1.2186714999988908,2000000,uniform
GRAND,256,1%,0.009704415954415955,0.009704415954415955,117,35,0.13671875,False,False,False,0.0,2.7889988999995694,2000000,aware
LDPC,256,1%,0.009704415954415955,0.009704415954415955,118,48,0.1875,True,True,False,0.8125,0.00038109999877633527,1,uniform
LDPC,256,1%,0.009704415954415955,0.009704415954415955,118,48,0.1875,True,True,False,0.8125,0.000288799998088507,1,aware
GRAND,256,1%,0.009704415954415955,0.009704415954415955,118,37,0.14453125,True,True,False,0.85546875,0.0001339999980700668,94,uniform
GRAND,256,1%,0.009704415954415955,0.009704415954415955,118,35,0.13671875,True,True,False,0.86328125,0.00015899999925750308,38,aware
LDPC,256,1%,0.009704415954415955,0.009704415954415955,119,48,0.1875,True,True,False,0.8125,0.000312700001813937,1,uniform
LDPC,256,1%,0.009704415954415955,0.009704415954415955,119,48,0.1875,True,True,False,0.8125,0.00028559999918797985,1,aware
GRAND,256,1%,0.009704415954415955,0.009704415954415955,119,37,0.14453125,True,True,False,0.85546875,0.01427239999975427,29306,uniform
GRAND,256,1%,0.009704415954415955,0.009704415954415955,119,37,0.14453125,True,True,False,0.85546875,0.025119699999777367,19986,aware
